slug,name,title,email,phone,bioUrl,contactUrl,headshotUrl,xUrl,instagramUrl,linkedinUrl,isHeadCoach,reviewStatus
east-carolina-university,Jeff Palumbo Associate,Head Coach,,,https://ecupirates.com/sports/baseball/coaches,,,,,,true,NEEDS_REVIEW
east-carolina-university,Jeff Palumbo,Associate Head Coach,,,https://ecupirates.com/sports/baseball/coaches,,,,,,true,NEEDS_REVIEW
east-carolina-university,Austin Knight,Assistant Coach,,,https://ecupirates.com/sports/baseball/coaches,,,,,,false,NEEDS_REVIEW
east-carolina-university,Jake Gautreau,Assistant Coach,,,https://ecupirates.com/sports/baseball/coaches,,,,,,false,NEEDS_REVIEW
florida-atlantic-university,Head Coach Michael Cleary,Assistant Coach,,,https://fausports.com/sports/baseball/coaches,,,,,,false,NEEDS_REVIEW
florida-atlantic-university,Pitching Development Roy Nino,Assistant Coach,,,https://fausports.com/sports/baseball/coaches,,,,,,false,NEEDS_REVIEW
florida-atlantic-university,Hunter Cooley,Pitching Coach,,,https://fausports.com/sports/baseball/coaches,,,,,,false,NEEDS_REVIEW
florida-atlantic-university,Pitching Coach Joey Bellini,Hitting Coach,,,https://fausports.com/sports/baseball/coaches,,,,,,false,NEEDS_REVIEW
rice-university,Clay Van Hook Associate,Head Coach,,,https://riceowls.com/sports/baseball/coaches,,,,,,true,NEEDS_REVIEW
rice-university,Clay Van Hook,Associate Head Coach,,,https://riceowls.com/sports/baseball/coaches,,,,,,true,NEEDS_REVIEW
rice-university,J.J. Altobelli,Assistant Coach,,,https://riceowls.com/sports/baseball/coaches,,,,,,false,NEEDS_REVIEW
rice-university,Mikey Hoehner,Assistant Coach,,,https://riceowls.com/sports/baseball/coaches,,,,,,false,NEEDS_REVIEW
temple-university,Brian Pugh,Assistant Coach,,,https://owlsports.com/sports/baseball/coaches,,,,,,false,NEEDS_REVIEW
temple-university,Kevin Small,Assistant Coach,,,https://owlsports.com/sports/baseball/coaches,,,,,,false,NEEDS_REVIEW
tulane-university,Jay Uhlman Associate,Head Coach,,,https://tulanegreenwave.com/sports/baseball/coaches,,,,,,true,NEEDS_REVIEW
tulane-university,Head Coach Jay Uhlman,Associate Head Coach,,,https://tulanegreenwave.com/sports/baseball/coaches,,,,,,true,NEEDS_REVIEW
tulane-university,Pitching Coach Anthony Izzio,Assistant Coach,,,https://tulanegreenwave.com/sports/baseball/coaches,,,,,,false,NEEDS_REVIEW
tulane-university,Walt Jones,Assistant Coach,,,https://tulanegreenwave.com/sports/baseball/coaches,,,,,,false,NEEDS_REVIEW
university-of-alabama-at-birmingham,UAB Associate,Head Coach,,,https://uabsports.com/sports/baseball/coaches,,,,,,true,NEEDS_REVIEW
university-of-memphis,Cory Barton Associate,Head Coach,,,https://gotigersgo.com/sports/baseball/coaches,,,,,,true,NEEDS_REVIEW
university-of-memphis,Cory Barton,Associate Head Coach,,,https://gotigersgo.com/sports/baseball/coaches,,,,,,true,NEEDS_REVIEW
university-of-memphis,Julius McDougal,Assistant Coach,,,https://gotigersgo.com/sports/baseball/coaches,,,,,,false,NEEDS_REVIEW
university-of-memphis,Kyle Cameron,Pitching Coach,,,https://gotigersgo.com/sports/baseball/coaches,,,,,,false,NEEDS_REVIEW
university-of-north-carolina-at-charlotte,CLT Toby Bicknell Associate,Head Coach,,,https://charlotte49ers.com/sports/baseball/coaches,,,,,,true,NEEDS_REVIEW
university-of-north-carolina-at-charlotte,CLT Toby Bicknell,Associate Head Coach,,,https://charlotte49ers.com/sports/baseball/coaches,,,,,,true,NEEDS_REVIEW
university-of-north-carolina-at-charlotte,Will Kaufman,Assistant Coach,,,https://charlotte49ers.com/sports/baseball/coaches,,,,,,false,NEEDS_REVIEW
university-of-north-carolina-at-charlotte,Robert Woodard Head Coach,Pitching Coach,,,https://charlotte49ers.com/sports/baseball/coaches,,,,,,false,NEEDS_REVIEW
university-of-north-carolina-at-charlotte,Will Kaufman Assistant Coach,Hitting Coach,,,https://charlotte49ers.com/sports/baseball/coaches,,,,,,false,NEEDS_REVIEW
university-of-north-carolina-at-charlotte,Bicknell Associate Head Coach,Recruiting Coordinator,,,https://charlotte49ers.com/sports/baseball/coaches,,,,,,false,NEEDS_REVIEW
university-of-south-florida,Blake Kangas,Assistant Coach,,,https://gousfbulls.com/sports/baseball/coaches,,,,,,false,NEEDS_REVIEW
university-of-south-florida,Daniel Schlereth,Assistant Coach,,,https://gousfbulls.com/sports/baseball/coaches,,,,,,false,NEEDS_REVIEW
university-of-south-florida,Bryan Peters,Assistant Coach,,,https://gousfbulls.com/sports/baseball/coaches,,,,,,false,NEEDS_REVIEW
university-of-texas-at-san-antonio,Coaching Pat Hallmark,Head Coach,,,https://goutsa.com/sports/baseball/roster#coaches,,,,,,true,NEEDS_REVIEW
university-of-texas-at-san-antonio,Head Coach Ryan Aguayo,Assistant Coach,,,https://goutsa.com/sports/baseball/roster#coaches,,,,,,false,NEEDS_REVIEW
university-of-texas-at-san-antonio,Zach Butler,Assistant Coach,,,https://goutsa.com/sports/baseball/roster#coaches,,,,,,false,NEEDS_REVIEW
university-of-texas-at-san-antonio,Michael Cavazos,Assistant Coach,,,https://goutsa.com/sports/baseball/roster#coaches,,,,,,false,NEEDS_REVIEW
university-of-texas-at-san-antonio,Program Coordinator Zach Henry,Assistant Coach,,,https://goutsa.com/sports/baseball/roster#coaches,,,,,,false,NEEDS_REVIEW
wichita-state-university,Brian Green,Head Coach,,,https://goshockers.com/sports/baseball/coaches,,,,,,true,NEEDS_REVIEW
wichita-state-university,Anthony Claggett Assistant,Head Coach,,,https://goshockers.com/sports/baseball/coaches,,,,,,true,NEEDS_REVIEW
wichita-state-university,Marty Lees,Assistant Coach,,,https://goshockers.com/sports/baseball/coaches,,,,,,false,NEEDS_REVIEW
wichita-state-university,Collin Wilber,Assistant Coach,,,https://goshockers.com/sports/baseball/coaches,,,,,,false,NEEDS_REVIEW
boston-college,Ryan Forrest,Assistant Coach,,,https://bceagles.com/sports/baseball/coaches,,,,,,false,NEEDS_REVIEW
boston-college,Jack Housinger,Assistant Coach,,,https://bceagles.com/sports/baseball/coaches,,,,,,false,NEEDS_REVIEW
boston-college,Greg Sullivan,Assistant Coach,,,https://bceagles.com/sports/baseball/coaches,,,,,,false,NEEDS_REVIEW
clemson-university,Coaching Erik Bakich,Head Coach,,,https://clemsontigers.com/sports/baseball/roster#coaches,,,,,,true,NEEDS_REVIEW
clemson-university,Nick Schnabel Assistant,Head Coach,,,https://clemsontigers.com/sports/baseball/roster#coaches,,,,,,true,NEEDS_REVIEW
clemson-university,Pitching Coach Griffin Mazur,Assistant Coach,,,https://clemsontigers.com/sports/baseball/roster#coaches,,,,,,false,NEEDS_REVIEW
clemson-university,Head Coach Jimmy Belanger,Pitching Coach,,,https://clemsontigers.com/sports/baseball/roster#coaches,,,,,,false,NEEDS_REVIEW
duke-university,Scott Loiseau Associate,Head Coach,,,https://goduke.com/sports/baseball/coaches,,,,,,true,NEEDS_REVIEW
duke-university,Scott Loiseau,Associate Head Coach,,,https://goduke.com/sports/baseball/coaches,,,,,,true,NEEDS_REVIEW
duke-university,Sean Fisher,Pitching Coach,,,https://goduke.com/sports/baseball/coaches,,,,,,false,NEEDS_REVIEW
duke-university,Matt Wessinger,Hitting Coach,,,https://goduke.com/sports/baseball/coaches,,,,,,false,NEEDS_REVIEW
duke-university,Will Craig,Recruiting Coordinator,,,https://goduke.com/sports/baseball/coaches,,,,,,false,NEEDS_REVIEW
duke-university,Mickey Bassett,Director of Baseball Operations,,,https://goduke.com/sports/baseball/coaches,,,,,,false,NEEDS_REVIEW
florida-state-university,Ty Megahee,Assistant Coach,,,https://seminoles.com/sports/baseball/coaches,,,,,,false,NEEDS_REVIEW
florida-state-university,Recruiting Coordinator Micah Posey,Assistant Coach,,,https://seminoles.com/sports/baseball/coaches,,,,,,false,NEEDS_REVIEW
florida-state-university,Pitching Coach Brad Vanderglas,Assistant Coach,,,https://seminoles.com/sports/baseball/coaches,,,,,,false,NEEDS_REVIEW
georgia-tech,Position Social James Ramsey,Head Coach,,,https://ramblinwreck.com/sports/m-basebl/roster/,,,,,,true,NEEDS_REVIEW
georgia-tech,Scott Stricklin,Assistant Coach,,,https://ramblinwreck.com/sports/m-basebl/roster/,,,,,,false,NEEDS_REVIEW
georgia-tech,Josh Schulman,Assistant Coach,,,https://ramblinwreck.com/sports/m-basebl/roster/,,,,,,false,NEEDS_REVIEW
north-carolina-state-university,Chris Hart Associate,Head Coach,,,https://gopack.com/sports/baseball/coaches,,,,,,true,NEEDS_REVIEW
north-carolina-state-university,Chris Hart,Associate Head Coach,,,https://gopack.com/sports/baseball/coaches,,,,,,true,NEEDS_REVIEW
north-carolina-state-university,Bo Robinson,Assistant Coach,,,https://gopack.com/sports/baseball/coaches,,,,,,false,NEEDS_REVIEW
north-carolina-state-university,Clint Chrysler,Pitching Coach,,,https://gopack.com/sports/baseball/coaches,,,,,,false,NEEDS_REVIEW
stanford-university,Assistant Coach Ryan Kirby,Assistant Coach,,,https://gostanford.com/sports/baseball/roster,,,,,,false,NEEDS_REVIEW
university-of-california-berkeley,Hitting Coach Brett Wallace,Assistant Coach,,,https://calbears.com/sports/baseball/coaches,,,,,,false,NEEDS_REVIEW
university-of-louisville,Roger Williams Associate,Head Coach,,,https://gocards.com/sports/baseball/coaches,,,,,,true,NEEDS_REVIEW
university-of-louisville,Roger Williams,Associate Head Coach,,,https://gocards.com/sports/baseball/coaches,,,,,,true,NEEDS_REVIEW
university-of-louisville,Eric Snider,Assistant Coach,,,https://gocards.com/sports/baseball/coaches,,,,,,false,NEEDS_REVIEW
university-of-louisville,Adam Vrable,Assistant Coach,,,https://gocards.com/sports/baseball/coaches,,,,,,false,NEEDS_REVIEW
university-of-miami,Lazaro Collera J.D. Arteaga,Head Coach,,,https://miamihurricanes.com/sports/baseball/roster/,,,,,,true,NEEDS_REVIEW
university-of-miami,Position J.D. Arteaga,Head Coach,,,https://miamihurricanes.com/sports/baseball/roster/,,,,,,true,NEEDS_REVIEW
university-of-miami,J.D. Arteaga Laz Gutierrez,Assistant Coach,,,https://miamihurricanes.com/sports/baseball/roster/,,,,,,false,NEEDS_REVIEW
university-of-miami,Laz Gutierrez Chris Dominguez,Assistant Coach,,,https://miamihurricanes.com/sports/baseball/roster/,,,,,,false,NEEDS_REVIEW
university-of-miami,Chris Dominguez Jonathan Anderson,Assistant Coach,,,https://miamihurricanes.com/sports/baseball/roster/,,,,,,false,NEEDS_REVIEW
university-of-miami,Head Coach Laz Gutierrez,Assistant Coach,,,https://miamihurricanes.com/sports/baseball/roster/,,,,,,false,NEEDS_REVIEW
university-of-miami,Mental Skills Chris Dominguez,Assistant Coach,,,https://miamihurricanes.com/sports/baseball/roster/,,,,,,false,NEEDS_REVIEW
university-of-miami,Hitting Jonathan Anderson,Assistant Coach,,,https://miamihurricanes.com/sports/baseball/roster/,,,,,,false,NEEDS_REVIEW
university-of-north-carolina-at-chapel-hill,Bryant Gaines Associate,Head Coach,,,https://goheels.com/sports/baseball/coaches,,,,,,true,NEEDS_REVIEW
university-of-north-carolina-at-chapel-hill,Bryant Gaines,Associate Head Coach,,,https://goheels.com/sports/baseball/coaches,,,,,,true,NEEDS_REVIEW
university-of-north-carolina-at-chapel-hill,Jesse Wierzbicki,Assistant Coach,,,https://goheels.com/sports/baseball/coaches,,,,,,false,NEEDS_REVIEW
university-of-north-carolina-at-chapel-hill,Scott Jackson,Assistant Coach,,,https://goheels.com/sports/baseball/coaches,,,,,,false,NEEDS_REVIEW
university-of-north-carolina-at-chapel-hill,Kyle Datres Undergraduate,Assistant Coach,,,https://goheels.com/sports/baseball/coaches,,,,,,false,NEEDS_REVIEW
university-of-north-carolina-at-chapel-hill,Brandon Martorano Undergraduate,Assistant Coach,,,https://goheels.com/sports/baseball/coaches,,,,,,false,NEEDS_REVIEW
university-of-notre-dame,Ryan Munger Ryan Munger,Assistant Coach,,,https://fightingirish.com/sports/baseball/roster/,,,,,,false,NEEDS_REVIEW
university-of-notre-dame,Lucas Jones Lucas Jones,Assistant Coach,,,https://fightingirish.com/sports/baseball/roster/,,,,,,false,NEEDS_REVIEW
university-of-notre-dame,Seth Voltz Seth Voltz,Assistant Coach,,,https://fightingirish.com/sports/baseball/roster/,,,,,,false,NEEDS_REVIEW
university-of-notre-dame,Baseball Coach Ryan Munger,Assistant Coach,,,https://fightingirish.com/sports/baseball/roster/,,,,,,false,NEEDS_REVIEW
university-of-notre-dame,Lucas Jones,Assistant Coach,,,https://fightingirish.com/sports/baseball/roster/,,,,,,false,NEEDS_REVIEW
university-of-notre-dame,Seth Voltz,Assistant Coach,,,https://fightingirish.com/sports/baseball/roster/,,,,,,false,NEEDS_REVIEW
university-of-pittsburgh,Luke Bonfield,Assistant Coach,,,https://pittsburghpanthers.com/sports/baseball/coaches,,,,,,false,NEEDS_REVIEW
university-of-pittsburgh,Clay Martin,Assistant Coach,,,https://pittsburghpanthers.com/sports/baseball/coaches,,,,,,false,NEEDS_REVIEW
university-of-pittsburgh,Sky Duff,Assistant Coach,,,https://pittsburghpanthers.com/sports/baseball/coaches,,,,,,false,NEEDS_REVIEW
university-of-virginia,Coaching Chris Pollard,Head Coach,,,https://virginiasports.com/sports/baseball/roster#coaches,,,,,,true,NEEDS_REVIEW
university-of-virginia,Head Coach Brady Kirkpatrick,Pitching Coach,,,https://virginiasports.com/sports/baseball/roster#coaches,,,,,,false,NEEDS_REVIEW
university-of-virginia,Pitching Coach Derek Simmons,Recruiting Coordinator,,,https://virginiasports.com/sports/baseball/roster#coaches,,,,,,false,NEEDS_REVIEW
university-of-virginia,Infielders Eric Tyler,Recruiting Coordinator,,,https://virginiasports.com/sports/baseball/roster#coaches,,,,,,false,NEEDS_REVIEW
virginia-tech,,,,,https://hokiesports.com/sports/baseball,,,,,,false,NO_CANDIDATES_FOUND
wake-forest-university,Team Roster,Head Coach,,,https://godeacs.com/sports/baseball/coaches,,,,,,true,NEEDS_REVIEW
wake-forest-university,Bill Cilento Associate,Head Coach,,,https://godeacs.com/sports/baseball/coaches,,,,,,true,NEEDS_REVIEW
wake-forest-university,Bill Cilento,Associate Head Coach,,,https://godeacs.com/sports/baseball/coaches,,,,,,true,NEEDS_REVIEW
wake-forest-university,Eric Niesen,Assistant Coach,,,https://godeacs.com/sports/baseball/coaches,,,,,,false,NEEDS_REVIEW
wake-forest-university,Matt Morales,Assistant Coach,,,https://godeacs.com/sports/baseball/coaches,,,,,,false,NEEDS_REVIEW
austin-peay-state-university,Keirce Kimbel,Assistant Coach,,,https://letsgopeay.com/sports/baseball/coaches,,,,,,false,NEEDS_REVIEW
austin-peay-state-university,Jon Littell,Assistant Coach,,,https://letsgopeay.com/sports/baseball/coaches,,,,,,false,NEEDS_REVIEW
austin-peay-state-university,Keirce Kimbel Assistant Coach,Pitching Coach,,,https://letsgopeay.com/sports/baseball/coaches,,,,,,false,NEEDS_REVIEW
austin-peay-state-university,Jon Littell Assistant Coach,Hitting Coach,,,https://letsgopeay.com/sports/baseball/coaches,,,,,,false,NEEDS_REVIEW
bellarmine-university,Sports Covered Ben Reel,Head Coach,,,https://athletics.bellarmine.edu/sports/baseball/coaches,,,,,,true,NEEDS_REVIEW
bellarmine-university,Daylan Nanny,Assistant Coach,,,https://athletics.bellarmine.edu/sports/baseball/coaches,,,,,,false,NEEDS_REVIEW
bellarmine-university,Ross Goldschlag,Assistant Coach,,,https://athletics.bellarmine.edu/sports/baseball/coaches,,,,,,false,NEEDS_REVIEW
eastern-kentucky-university,Logan Salow,Assistant Coach,,,https://ekusports.com/sports/baseball/coaches,,,,,,false,NEEDS_REVIEW
eastern-kentucky-university,Troy Squires,Assistant Coach,,,https://ekusports.com/sports/baseball/coaches,,,,,,false,NEEDS_REVIEW
eastern-kentucky-university,Andrew Stepp,Assistant Coach,,,https://ekusports.com/sports/baseball/coaches,,,,,,false,NEEDS_REVIEW
florida-gulf-coast-university,Steve McKee,Assistant Coach,,,https://fgcuathletics.com/sports/baseball/coaches,,,,,,false,NEEDS_REVIEW
florida-gulf-coast-university,Matt Reid,Assistant Coach,,,https://fgcuathletics.com/sports/baseball/coaches,,,,,,false,NEEDS_REVIEW
florida-gulf-coast-university,Rusty McKee,Assistant Coach,,,https://fgcuathletics.com/sports/baseball/coaches,,,,,,false,NEEDS_REVIEW
jacksonville-university,Colby Bortles,Assistant Coach,,,https://judolphins.com/sports/baseball/coaches,,,,,,false,NEEDS_REVIEW
jacksonville-university,Casey Kulina,Assistant Coach,,,https://judolphins.com/sports/baseball/coaches,,,,,,false,NEEDS_REVIEW
jacksonville-university,Turner Brown,Assistant Coach,,,https://judolphins.com/sports/baseball/coaches,,,,,,false,NEEDS_REVIEW
jacksonville-university,Mac Starbuck,Director of Baseball Operations,,,https://judolphins.com/sports/baseball/coaches,,,,,,false,NEEDS_REVIEW
queens-university-of-charlotte,James Cullinane Associate,Head Coach,,,https://queensathletics.com/sports/baseball/coaches,,,,,,true,NEEDS_REVIEW
queens-university-of-charlotte,James Cullinane,Associate Head Coach,,,https://queensathletics.com/sports/baseball/coaches,,,,,,true,NEEDS_REVIEW
queens-university-of-charlotte,Nick Melton,Assistant Coach,,,https://queensathletics.com/sports/baseball/coaches,,,,,,false,NEEDS_REVIEW
stetson-university,Cameron Coons,Assistant Coach,,,https://gohatters.com/sports/baseball/coaches,,,,,,false,NEEDS_REVIEW
stetson-university,Greg Lovelady,Assistant Coach,,,https://gohatters.com/sports/baseball/coaches,,,,,,false,NEEDS_REVIEW
university-of-central-arkansas,Coach Brock Widders Associate,Head Coach,,,https://ucasports.com/sports/baseball/staff,,,,,,true,NEEDS_REVIEW
university-of-central-arkansas,Cody Davenport Associate,Head Coach,,,https://ucasports.com/sports/baseball/staff,,,,,,true,NEEDS_REVIEW
university-of-central-arkansas,Basketball Coach Brock Widders,Associate Head Coach,,,https://ucasports.com/sports/baseball/staff,,,,,,true,NEEDS_REVIEW
university-of-central-arkansas,Cody Davenport,Associate Head Coach,,,https://ucasports.com/sports/baseball/staff,,,,,,true,NEEDS_REVIEW
university-of-central-arkansas,Pitching Coach Lance Spigner,Assistant Coach,,,https://ucasports.com/sports/baseball/staff,,,,,,false,NEEDS_REVIEW
university-of-central-arkansas,Heath Holliday,Recruiting Coordinator,,,https://ucasports.com/sports/baseball/staff,,,,,,false,NEEDS_REVIEW
university-of-north-alabama,Nick Patten Associate,Head Coach,,,https://roarlions.com/sports/baseball/coaches,,,,,,true,NEEDS_REVIEW
university-of-north-alabama,Nick Patten,Associate Head Coach,,,https://roarlions.com/sports/baseball/coaches,,,,,,true,NEEDS_REVIEW
university-of-north-alabama,J.D. Davis,Assistant Coach,,,https://roarlions.com/sports/baseball/coaches,,,,,,false,NEEDS_REVIEW
university-of-north-alabama,Jacob James,Pitching Coach,,,https://roarlions.com/sports/baseball/coaches,,,,,,false,NEEDS_REVIEW
university-of-north-florida,Brad Wilkerson Associate,Head Coach,,,https://unfospreys.com/sports/baseball/coaches,,,,,,true,NEEDS_REVIEW
university-of-north-florida,Brad Wilkerson,Associate Head Coach,,,https://unfospreys.com/sports/baseball/coaches,,,,,,true,NEEDS_REVIEW
university-of-north-florida,Garrett Bush,Assistant Coach,,,https://unfospreys.com/sports/baseball/coaches,,,,,,false,NEEDS_REVIEW
university-of-north-florida,Parker Bangs Assistant,Pitching Coach,,,https://unfospreys.com/sports/baseball/coaches,,,,,,false,NEEDS_REVIEW
university-of-west-georgia,,,,,https://uwgsports.com/sports/baseball,,,,,,false,NO_CANDIDATES_FOUND
davidson-college,John Lyons-Harrison,Assistant Coach,,,https://davidsonwildcats.com/sports/baseball/coaches,,,,,,false,NEEDS_REVIEW
davidson-college,Parker Nolan,Assistant Coach,,,https://davidsonwildcats.com/sports/baseball/coaches,,,,,,false,NEEDS_REVIEW
davidson-college,Joe Sheridan,Pitching Coach,,,https://davidsonwildcats.com/sports/baseball/coaches,,,,,,false,NEEDS_REVIEW
fordham-university,Elliot Glynn,Assistant Coach,,,https://fordhamsports.com/sports/baseball/coaches,,,,,,false,NEEDS_REVIEW
fordham-university,Pat Porter,Assistant Coach,,,https://fordhamsports.com/sports/baseball/coaches,,,,,,false,NEEDS_REVIEW
george-mason-university,Fax Mail Shawn Camp,Head Coach,,,https://gomason.com/sports/baseball/coaches,,,,,,true,NEEDS_REVIEW
george-mason-university,Tyler Nelin,Assistant Coach,,,https://gomason.com/sports/baseball/coaches,,,,,,false,NEEDS_REVIEW
george-mason-university,Evan Duhon,Assistant Coach,,,https://gomason.com/sports/baseball/coaches,,,,,,false,NEEDS_REVIEW
george-mason-university,Tommy Winterstein,Pitching Coach,,,https://gomason.com/sports/baseball/coaches,,,,,,false,NEEDS_REVIEW
george-mason-university,Kyle Darmstead,Director of Baseball Operations,,,https://gomason.com/sports/baseball/coaches,,,,,,false,NEEDS_REVIEW
george-washington-university,Tyler Kavanaugh Associate,Head Coach,,,https://gwsports.com/sports/baseball/coaches,,,,,,true,NEEDS_REVIEW
george-washington-university,Tyler Kavanaugh,Associate Head Coach,,,https://gwsports.com/sports/baseball/coaches,,,,,,true,NEEDS_REVIEW
george-washington-university,Ramon Garza,Assistant Coach,,,https://gwsports.com/sports/baseball/coaches,,,,,,false,NEEDS_REVIEW
george-washington-university,Susannah Ellis,Director of Baseball Operations,,,https://gwsports.com/sports/baseball/coaches,,,,,,false,NEEDS_REVIEW
saint-josephs-university,Doc Neiman,Assistant Coach,,,https://sjuhawks.com/sports/baseball/coaches,,,,,,false,NEEDS_REVIEW
saint-josephs-university,Scott Boches,Assistant Coach,,,https://sjuhawks.com/sports/baseball/coaches,,,,,,false,NEEDS_REVIEW
saint-josephs-university,Lee Saverio,Assistant Coach,,,https://sjuhawks.com/sports/baseball/coaches,,,,,,false,NEEDS_REVIEW
saint-louis-university,Joe Costanzo,Assistant Coach,,,https://slubillikens.com/sports/baseball/coaches,,,,,,false,NEEDS_REVIEW
saint-louis-university,Mike Farrell,Pitching Coach,,,https://slubillikens.com/sports/baseball/coaches,,,,,,false,NEEDS_REVIEW
saint-louis-university,David Olson,Hitting Coach,,,https://slubillikens.com/sports/baseball/coaches,,,,,,false,NEEDS_REVIEW
university-of-dayton,Pete Sass,Assistant Coach,,,https://daytonflyers.com/sports/baseball/coaches,,,,,,false,NEEDS_REVIEW
university-of-dayton,Josh Roberge,Assistant Coach,,,https://daytonflyers.com/sports/baseball/coaches,,,,,,false,NEEDS_REVIEW
university-of-dayton,Chase Allen,Assistant Coach,,,https://daytonflyers.com/sports/baseball/coaches,,,,,,false,NEEDS_REVIEW
university-of-rhode-island,Blaine Lidsky,Assistant Coach,,,https://gorhody.com/sports/baseball/coaches,,,,,,false,NEEDS_REVIEW
university-of-rhode-island,Daniel Palka,Assistant Coach,,,https://gorhody.com/sports/baseball/coaches,,,,,,false,NEEDS_REVIEW
university-of-rhode-island,David Fischer,Pitching Coach,,,https://gorhody.com/sports/baseball/coaches,,,,,,false,NEEDS_REVIEW
university-of-richmond,,,,,https://richmondspiders.com/sports/baseball,,,,,,false,NO_CANDIDATES_FOUND
virginia-commonwealth-university,Ryan Terrill,Assistant Coach,,,https://vcuathletics.com/sports/baseball/coaches,,,,,,false,NEEDS_REVIEW
virginia-commonwealth-university,Andrew Llewellyn,Assistant Coach,,,https://vcuathletics.com/sports/baseball/coaches,,,,,,false,NEEDS_REVIEW
virginia-commonwealth-university,JoJo Howie,Pitching Coach,,,https://vcuathletics.com/sports/baseball/coaches,,,,,,false,NEEDS_REVIEW
arizona,UACoachHale Trip Couch,Assistant Coach,,,https://arizonawildcats.com/sports/baseball/coaches,,,,,,false,NEEDS_REVIEW
arizona,Toby DeMello,Assistant Coach,,,https://arizonawildcats.com/sports/baseball/coaches,,,,,,false,NEEDS_REVIEW
arizona,TobyDemello Sean Kenny,Assistant Coach,,,https://arizonawildcats.com/sports/baseball/coaches,,,,,,false,NEEDS_REVIEW
arizona,Analyst Garen Caulfield Graduate,Assistant Coach,,,https://arizonawildcats.com/sports/baseball/coaches,,,,,,false,NEEDS_REVIEW
arizona-state-university,Coaching Willie Bloomquist,Head Coach,,,https://thesundevils.com/sports/baseball/coaches,,,,,,true,NEEDS_REVIEW
arizona-state-university,Pitching Coach Sam Peraza,Assistant Coach,,,https://thesundevils.com/sports/baseball/coaches,,,,,,false,NEEDS_REVIEW
arizona-state-university,Recruiting Coordinator Jason Ellison,Assistant Coach,,,https://thesundevils.com/sports/baseball/coaches,,,,,,false,NEEDS_REVIEW
arizona-state-university,Analytics Ted Henson,Assistant Coach,,,https://thesundevils.com/sports/baseball/coaches,,,,,,false,NEEDS_REVIEW
arizona-state-university,Head Coach Jeremy Accardo,Pitching Coach,,,https://thesundevils.com/sports/baseball/coaches,,,,,,false,NEEDS_REVIEW
byu,,,,,https://byucougars.com/sports/baseball,,,,,,false,NO_CANDIDATES_FOUND
baylor-university,Alma Mater Mitch Thompson,Head Coach,,,https://baylorbears.com/sports/baseball/coaches,,,,,,true,NEEDS_REVIEW
baylor-university,Zach Dillon,Assistant Coach,,,https://baylorbears.com/sports/baseball/coaches,,,,,,false,NEEDS_REVIEW
baylor-university,Sean Snedeker,Assistant Coach,,,https://baylorbears.com/sports/baseball/coaches,,,,,,false,NEEDS_REVIEW
baylor-university,Jim Blair,Assistant Coach,,,https://baylorbears.com/sports/baseball/coaches,,,,,,false,NEEDS_REVIEW
kansas-state-university,PeteHughesBSB Austin Wates Associate,Head Coach,,,https://www.kstatesports.com/sports/baseball/coaches,,,,,,true,NEEDS_REVIEW
kansas-state-university,PeteHughesBSB Austin Wates,Associate Head Coach,,,https://www.kstatesports.com/sports/baseball/coaches,,,,,,true,NEEDS_REVIEW
kansas-state-university,Thomas Hughes,Assistant Coach,,,https://www.kstatesports.com/sports/baseball/coaches,,,,,,false,NEEDS_REVIEW
kansas-state-university,Rudy Darrow,Pitching Coach,,,https://www.kstatesports.com/sports/baseball/coaches,,,,,,false,NEEDS_REVIEW
kansas-state-university,Ryan Connolly,Director of Baseball Operations,,,https://www.kstatesports.com/sports/baseball/coaches,,,,,,false,NEEDS_REVIEW
oklahoma-state-university,Mark Ginther,Assistant Coach,,,https://okstate.com/sports/baseball/coaches,,,,,,false,NEEDS_REVIEW
oklahoma-state-university,Recruiting Coordinator Blake Hawksworth,Assistant Coach,,,https://okstate.com/sports/baseball/coaches,,,,,,false,NEEDS_REVIEW
oklahoma-state-university,Pitching Victor Romero,Assistant Coach,,,https://okstate.com/sports/baseball/coaches,,,,,,false,NEEDS_REVIEW
tcu,Bill Mosiello Associate,Head Coach,,,https://gofrogs.com/sports/baseball/coaches,,,,,,true,NEEDS_REVIEW
tcu,Bill Mosiello,Associate Head Coach,,,https://gofrogs.com/sports/baseball/coaches,,,,,,true,NEEDS_REVIEW
tcu,John DiLaura,Assistant Coach,,,https://gofrogs.com/sports/baseball/coaches,,,,,,false,NEEDS_REVIEW
tcu,Dave Lawn,Assistant Coach,,,https://gofrogs.com/sports/baseball/coaches,,,,,,false,NEEDS_REVIEW
tcu,Cooper Sholder,Director of Baseball Operations,,,https://gofrogs.com/sports/baseball/coaches,,,,,,false,NEEDS_REVIEW
texas-tech-university,Head Coach J-Bob Thomas,Assistant Coach,,,https://texastech.com/sports/baseball/coaches,,,,,,false,NEEDS_REVIEW
texas-tech-university,Eric Gutierrez,Assistant Coach,,,https://texastech.com/sports/baseball/coaches,,,,,,false,NEEDS_REVIEW
texas-tech-university,Assistant Coach Steve Foster,Pitching Coach,,,https://texastech.com/sports/baseball/coaches,,,,,,false,NEEDS_REVIEW
texas-tech-university,Conditioning Nolen Hester,Director of Baseball Operations,,,https://texastech.com/sports/baseball/coaches,,,,,,false,NEEDS_REVIEW
ucf,,,,,https://ucfknights.com/sports/baseball,,,,,,false,NO_CANDIDATES_FOUND
university-of-cincinnati,,,,,https://gobearcats.com/sports/baseball,,,,,,false,NO_CANDIDATES_FOUND
university-of-houston,Central.UH.EDU Kyle Cheesebrough,Assistant Coach,,,https://uhcougars.com/sports/baseball/coaches,,,,,,false,NEEDS_REVIEW
university-of-houston,Central.UH.EDU Matt Gardner,Assistant Coach,,,https://uhcougars.com/sports/baseball/coaches,,,,,,false,NEEDS_REVIEW
university-of-kansas,Brandon Scott,Assistant Coach,,,https://kuathletics.com/sports/baseball/coaches,,,,,,false,NEEDS_REVIEW
university-of-kansas,Tyler Hancock,Assistant Coach,,,https://kuathletics.com/sports/baseball/coaches,,,,,,false,NEEDS_REVIEW
university-of-kansas,Jon Coyne,Assistant Coach,,,https://kuathletics.com/sports/baseball/coaches,,,,,,false,NEEDS_REVIEW
university-of-kansas,Thaniel Trumper Student,Assistant Coach,,,https://kuathletics.com/sports/baseball/coaches,,,,,,false,NEEDS_REVIEW
university-of-kansas,Luke Marbach,Director of Baseball Operations,,,https://kuathletics.com/sports/baseball/coaches,,,,,,false,NEEDS_REVIEW
university-of-utah,Todd Guilliams,Assistant Coach,,,https://utahutes.com/sports/baseball/coaches,,,,,,false,NEEDS_REVIEW
university-of-utah,Mike Brown,Assistant Coach,,,https://utahutes.com/sports/baseball/coaches,,,,,,false,NEEDS_REVIEW
university-of-utah,Bobby Rinard,Assistant Coach,,,https://utahutes.com/sports/baseball/coaches,,,,,,false,NEEDS_REVIEW
west-virginia-university,News Schedule Roster Coaches,Head Coach,,,https://wvusports.com/sports/baseball/coaches,,,,,,true,NEEDS_REVIEW
west-virginia-university,Jacob Garcia,Assistant Coach,,,https://wvusports.com/sports/baseball/coaches,,,,,,false,NEEDS_REVIEW
west-virginia-university,Jimmy Roesinger,Assistant Coach,,,https://wvusports.com/sports/baseball/coaches,,,,,,false,NEEDS_REVIEW
west-virginia-university,Justin Oney,Assistant Coach,,,https://wvusports.com/sports/baseball/coaches,,,,,,false,NEEDS_REVIEW
creighton-university,Billy Mohl,Assistant Coach,,,https://gocreighton.com/sports/baseball/coaches,,,,,,false,NEEDS_REVIEW
creighton-university,Mike Current,Assistant Coach,,,https://gocreighton.com/sports/baseball/coaches,,,,,,false,NEEDS_REVIEW
creighton-university,Will McGillis,Assistant Coach,,,https://gocreighton.com/sports/baseball/coaches,,,,,,false,NEEDS_REVIEW
creighton-university,Orthopedic Physician Jeffrey Sapakoff,Assistant Coach,,,https://gocreighton.com/sports/baseball/coaches,,,,,,false,NEEDS_REVIEW
depaul-university,Men's Basketball Chris Holtmann,Head Coach,,,https://depaulbluedemons.com/sports/baseball/staff,,,,,,true,NEEDS_REVIEW
depaul-university,Basketball Jill M. Pizzotti,Head Coach,,,https://depaulbluedemons.com/sports/baseball/staff,,,,,,true,NEEDS_REVIEW
depaul-university,Pizzotti Ty Evans Associate,Head Coach,,,https://depaulbluedemons.com/sports/baseball/staff,,,,,,true,NEEDS_REVIEW
depaul-university,Men's Golf Ryan Jamison,Head Coach,,,https://depaulbluedemons.com/sports/baseball/staff,,,,,,true,NEEDS_REVIEW
depaul-university,Men's Soccer Mark Plotkin,Head Coach,,,https://depaulbluedemons.com/sports/baseball/staff,,,,,,true,NEEDS_REVIEW
depaul-university,Plotkin Scott Bratt Associate,Head Coach,,,https://depaulbluedemons.com/sports/baseball/staff,,,,,,true,NEEDS_REVIEW
depaul-university,Women's Soccer Michele O'Brien,Head Coach,,,https://depaulbluedemons.com/sports/baseball/staff,,,,,,true,NEEDS_REVIEW
depaul-university,McKeown Brendan Roth Associate,Head Coach,,,https://depaulbluedemons.com/sports/baseball/staff,,,,,,true,NEEDS_REVIEW
georgetown-university,George Capen Associate,Head Coach,,,https://guhoyas.com/sports/baseball/coaches,,,,,,true,NEEDS_REVIEW
georgetown-university,George Capen,Associate Head Coach,,,https://guhoyas.com/sports/baseball/coaches,,,,,,true,NEEDS_REVIEW
georgetown-university,Errol Robinson,Assistant Coach,,,https://guhoyas.com/sports/baseball/coaches,,,,,,false,NEEDS_REVIEW
providence-college,Tee Butters Associate,Head Coach,,,https://friars.com/sports/baseball/staff,,,,,,true,NEEDS_REVIEW
providence-college,Tim Brock,Head Coach,,,https://friars.com/sports/baseball/staff,,,,,,true,NEEDS_REVIEW
providence-college,Catarina Braz-Rocha,Head Coach,,,https://friars.com/sports/baseball/staff,,,,,,true,NEEDS_REVIEW
providence-college,Ron Rolston Associate,Head Coach,,,https://friars.com/sports/baseball/staff,,,,,,true,NEEDS_REVIEW
providence-college,Joel Beal Associate,Head Coach,,,https://friars.com/sports/baseball/staff,,,,,,true,NEEDS_REVIEW
providence-college,Casey Brodersen Associate,Head Coach,,,https://friars.com/sports/baseball/staff,,,,,,true,NEEDS_REVIEW
providence-college,John Mark Andrade Associate,Head Coach,,,https://friars.com/sports/baseball/staff,,,,,,true,NEEDS_REVIEW
providence-college,Richard Gomes Associate,Head Coach,,,https://friars.com/sports/baseball/staff,,,,,,true,NEEDS_REVIEW
seton-hall-university,Ryan Ramiz,Assistant Coach,,,https://shupirates.com/sports/baseball/coaches,,,,,,false,NEEDS_REVIEW
seton-hall-university,Jimmy Moran,Pitching Coach,,,https://shupirates.com/sports/baseball/coaches,,,,,,false,NEEDS_REVIEW
seton-hall-university,Kyle Ganning,Director of Baseball Operations,,,https://shupirates.com/sports/baseball/coaches,,,,,,false,NEEDS_REVIEW
st-johns-university,,,,,https://redstormsports.com/sports/baseball,,,,,,false,NO_CANDIDATES_FOUND
university-of-connecticut,Jeff Hourigan Associate,Head Coach,,,https://uconnhuskies.com/sports/baseball/coaches,,,,,,true,NEEDS_REVIEW
university-of-connecticut,Jeff Hourigan,Associate Head Coach,,,https://uconnhuskies.com/sports/baseball/coaches,,,,,,true,NEEDS_REVIEW
university-of-connecticut,Chris Podeszwa,Assistant Coach,,,https://uconnhuskies.com/sports/baseball/coaches,,,,,,false,NEEDS_REVIEW
university-of-connecticut,Joshua MacDonald,Pitching Coach,,,https://uconnhuskies.com/sports/baseball/coaches,,,,,,false,NEEDS_REVIEW
university-of-connecticut,Chris Jones,Director of Baseball Operations,,,https://uconnhuskies.com/sports/baseball/coaches,,,,,,false,NEEDS_REVIEW
villanova-university,Eddie Brown Associate,Head Coach,,,https://villanova.com/sports/baseball/coaches,,,,,,true,NEEDS_REVIEW
villanova-university,Eddie Brown,Associate Head Coach,,,https://villanova.com/sports/baseball/coaches,,,,,,true,NEEDS_REVIEW
villanova-university,Mike Russo,Assistant Coach,,,https://villanova.com/sports/baseball/coaches,,,,,,false,NEEDS_REVIEW
villanova-university,Dusty Snyder,Assistant Coach,,,https://villanova.com/sports/baseball/coaches,,,,,,false,NEEDS_REVIEW
xavier-university,O'Conner Siemers Family Baseball,Head Coach,,,https://goxavier.com/sports/baseball/coaches,,,,,,true,NEEDS_REVIEW
xavier-university,Riley Bertram,Assistant Coach,,,https://goxavier.com/sports/baseball/coaches,,,,,,false,NEEDS_REVIEW
xavier-university,Troy LaNeve,Assistant Coach,,,https://goxavier.com/sports/baseball/coaches,,,,,,false,NEEDS_REVIEW
xavier-university,Ethan Landon,Pitching Coach,,,https://goxavier.com/sports/baseball/coaches,,,,,,false,NEEDS_REVIEW
xavier-university,Casey Brann,Director of Baseball Operations,,,https://goxavier.com/sports/baseball/coaches,,,,,,false,NEEDS_REVIEW
charleston-southern-university,Brett Young,Assistant Coach,,,https://csusports.com/sports/baseball/coaches,,,,,,false,NEEDS_REVIEW
charleston-southern-university,Kirby McGuire,Assistant Coach,,,https://csusports.com/sports/baseball/coaches,,,,,,false,NEEDS_REVIEW
charleston-southern-university,Kyle Sarazin,Assistant Coach,,,https://csusports.com/sports/baseball/coaches,,,,,,false,NEEDS_REVIEW
gardner-webb-university,CoachJChester Tom Cockill,Assistant Coach,,,https://gwusports.com/sports/baseball/coaches,,,,,,false,NEEDS_REVIEW
gardner-webb-university,Curtis Robison,Assistant Coach,,,https://gwusports.com/sports/baseball/coaches,,,,,,false,NEEDS_REVIEW
gardner-webb-university,Cam Medic,Assistant Coach,,,https://gwusports.com/sports/baseball/coaches,,,,,,false,NEEDS_REVIEW
gardner-webb-university,Ty Rechtorovic,Director of Baseball Operations,,,https://gwusports.com/sports/baseball/coaches,,,,,,false,NEEDS_REVIEW
high-point-university,Jerry Edwards Associate,Head Coach,,,https://highpointpanthers.com/sports/baseball/coaches,,,,,,true,NEEDS_REVIEW
high-point-university,Jerry Edwards,Associate Head Coach,,,https://highpointpanthers.com/sports/baseball/coaches,,,,,,true,NEEDS_REVIEW
high-point-university,Derek Orndorff,Assistant Coach,,,https://highpointpanthers.com/sports/baseball/coaches,,,,,,false,NEEDS_REVIEW
high-point-university,Chris Maness,Assistant Coach,,,https://highpointpanthers.com/sports/baseball/coaches,,,,,,false,NEEDS_REVIEW
longwood-university,Tyler Sullivan,Assistant Coach,,,https://longwoodlancers.com/sports/baseball/coaches,,,,,,false,NEEDS_REVIEW
longwood-university,Harrison Stevens,Assistant Coach,,,https://longwoodlancers.com/sports/baseball/coaches,,,,,,false,NEEDS_REVIEW
longwood-university,Eric Miles,Pitching Coach,,,https://longwoodlancers.com/sports/baseball/coaches,,,,,,false,NEEDS_REVIEW
presbyterian-college,John O'Neil Associate,Head Coach,,,https://gobluehose.com/sports/baseball/coaches,,,,,,true,NEEDS_REVIEW
presbyterian-college,John O'Neil,Associate Head Coach,,,https://gobluehose.com/sports/baseball/coaches,,,,,,true,NEEDS_REVIEW
presbyterian-college,Kevius Conway,Assistant Coach,,,https://gobluehose.com/sports/baseball/coaches,,,,,,false,NEEDS_REVIEW
presbyterian-college,Bryan Liriano-Hernandez,Pitching Coach,,,https://gobluehose.com/sports/baseball/coaches,,,,,,false,NEEDS_REVIEW
radford-university,,,,,https://radfordathletics.com/sports/baseball,,,,,,false,NO_CANDIDATES_FOUND
unc-asheville,Brendan O'Donnell,Assistant Coach,,,https://uncabulldogs.com/sports/baseball/coaches,,,,,,false,NEEDS_REVIEW
unc-asheville,Bryce Roddey,Assistant Coach,,,https://uncabulldogs.com/sports/baseball/coaches,,,,,,false,NEEDS_REVIEW
unc-asheville,Matt Gilbertson,Pitching Coach,,,https://uncabulldogs.com/sports/baseball/coaches,,,,,,false,NEEDS_REVIEW
usc-upstate,Nick Hoffman,Assistant Coach,,,https://upstatespartans.com/sports/baseball/coaches,,,,,,false,NEEDS_REVIEW
usc-upstate,Audie Afenir,Assistant Coach,,,https://upstatespartans.com/sports/baseball/coaches,,,,,,false,NEEDS_REVIEW
usc-upstate,Easton Cullison,Assistant Coach,,,https://upstatespartans.com/sports/baseball/coaches,,,,,,false,NEEDS_REVIEW
winthrop-university,Eddie Hill,Director of Baseball Operations,,,https://winthropeagles.com/sports/baseball/coaches,,,,,,false,NEEDS_REVIEW
indiana-university,Matt Myers,Assistant Coach,,,https://iuhoosiers.com/sports/baseball/coaches,,,,,,false,NEEDS_REVIEW
indiana-university,Zach Weatherford,Assistant Coach,,,https://iuhoosiers.com/sports/baseball/coaches,,,,,,false,NEEDS_REVIEW
indiana-university,Denton Sagerman,Assistant Coach,,,https://iuhoosiers.com/sports/baseball/coaches,,,,,,false,NEEDS_REVIEW
michigan-state-university,Coaches Coaches,Head Coach,,,https://msuspartans.com/sports/baseball/coaches,,,,,,true,NEEDS_REVIEW
michigan-state-university,BossJake Graham Sikes,Assistant Coach,,,https://msuspartans.com/sports/baseball/coaches,,,,,,false,NEEDS_REVIEW
michigan-state-university,Mark Van Ameyde,Assistant Coach,,,https://msuspartans.com/sports/baseball/coaches,,,,,,false,NEEDS_REVIEW
michigan-state-university,Taylor Grzelakowski,Assistant Coach,,,https://msuspartans.com/sports/baseball/coaches,,,,,,false,NEEDS_REVIEW
northwestern-university,Cody Jefferis,Assistant Coach,,,https://nusports.com/sports/baseball/coaches,,,,,,false,NEEDS_REVIEW
northwestern-university,Ben Keizer,Pitching Coach,,,https://nusports.com/sports/baseball/coaches,,,,,,false,NEEDS_REVIEW
northwestern-university,Baseball Coach Tyler Rost,Recruiting Coordinator,,,https://nusports.com/sports/baseball/coaches,,,,,,false,NEEDS_REVIEW
ohio-state-university,Tyler Robinson Assistant,Head Coach,,,https://ohiostatebuckeyes.com/sports/baseball/coaches,,,,,,true,NEEDS_REVIEW
ohio-state-university,Joey Holcomb,Assistant Coach,,,https://ohiostatebuckeyes.com/sports/baseball/coaches,,,,,,false,NEEDS_REVIEW
ohio-state-university,Elliott McCummings,Assistant Coach,,,https://ohiostatebuckeyes.com/sports/baseball/coaches,,,,,,false,NEEDS_REVIEW
penn-state-university,,,,,https://gopsusports.com/sports/baseball,,,,,,false,NO_CANDIDATES_FOUND
purdue-university,,,,,https://purduesports.com/sports/baseball,,,,,,false,NO_CANDIDATES_FOUND
rutgers-university,Admin Steve Owens,Head Coach,,,https://scarletknights.com/sports/baseball/coaches,,,,,,true,NEEDS_REVIEW
rutgers-university,Mike Garza Associate,Head Coach,,,https://scarletknights.com/sports/baseball/coaches,,,,,,true,NEEDS_REVIEW
rutgers-university,Ryan Fecteau Associate,Head Coach,,,https://scarletknights.com/sports/baseball/coaches,,,,,,true,NEEDS_REVIEW
rutgers-university,Mike Garza,Associate Head Coach,,,https://scarletknights.com/sports/baseball/coaches,,,,,,true,NEEDS_REVIEW
rutgers-university,Ryan Fecteau,Associate Head Coach,,,https://scarletknights.com/sports/baseball/coaches,,,,,,true,NEEDS_REVIEW
rutgers-university,Danny Bethea,Assistant Coach,,,https://scarletknights.com/sports/baseball/coaches,,,,,,false,NEEDS_REVIEW
rutgers-university,Peter Barron,Director of Baseball Operations,,,https://scarletknights.com/sports/baseball/coaches,,,,,,false,NEEDS_REVIEW
ucla,Alma Mater John Savage,Head Coach,,,https://uclabruins.com/sports/baseball/coaches,,,,,,true,NEEDS_REVIEW
ucla,Bryant Ward,Assistant Coach,,,https://uclabruins.com/sports/baseball/coaches,,,,,,false,NEEDS_REVIEW
ucla,Griffin Barnes,Assistant Coach,,,https://uclabruins.com/sports/baseball/coaches,,,,,,false,NEEDS_REVIEW
ucla,Jake Palmer,Assistant Coach,,,https://uclabruins.com/sports/baseball/coaches,,,,,,false,NEEDS_REVIEW
ucla,Alma Mater Chris Minnick,Director of Baseball Operations,,,https://uclabruins.com/sports/baseball/coaches,,,,,,false,NEEDS_REVIEW
university-of-illinois,Dan Hartleb,Head Coach,,,https://fightingillini.com/sports/baseball/coaches,,,,,,true,NEEDS_REVIEW
university-of-illinois,Adam Christ,Assistant Coach,,,https://fightingillini.com/sports/baseball/coaches,,,,,,false,NEEDS_REVIEW
university-of-illinois,Curt Courtwright,Assistant Coach,,,https://fightingillini.com/sports/baseball/coaches,,,,,,false,NEEDS_REVIEW
university-of-illinois,Dillon Napoleon,Assistant Coach,,,https://fightingillini.com/sports/baseball/coaches,,,,,,false,NEEDS_REVIEW
university-of-iowa,,,,,https://hawkeyesports.com/sports/baseball,,,,,,false,NO_CANDIDATES_FOUND
university-of-maryland,Ad BASEBALL Matt Swope,Head Coach,,,https://umterps.com/sports/baseball/staff,,,,,,true,NEEDS_REVIEW
university-of-maryland,Matt Swope Jimmy Jackson,Assistant Coach,,,https://umterps.com/sports/baseball/staff,,,,,,false,NEEDS_REVIEW
university-of-maryland,Jimmy Jackson Tommy Gardiner,Assistant Coach,,,https://umterps.com/sports/baseball/staff,,,,,,false,NEEDS_REVIEW
university-of-maryland,Tommy Gardiner Brock Keener,Assistant Coach,,,https://umterps.com/sports/baseball/staff,,,,,,false,NEEDS_REVIEW
university-of-michigan,Jake Valentine Assistant,Head Coach,,,https://mgoblue.com/sports/baseball/coaches,,,,,,true,NEEDS_REVIEW
university-of-michigan,Andrew Stone,Assistant Coach,,,https://mgoblue.com/sports/baseball/coaches,,,,,,false,NEEDS_REVIEW
university-of-michigan,Brock Huntzinger,Pitching Coach,,,https://mgoblue.com/sports/baseball/coaches,,,,,,false,NEEDS_REVIEW
university-of-minnesota,Coaching Title,Head Coach,,,https://gophersports.com/sports/baseball/coaches,,,,,,true,NEEDS_REVIEW
university-of-minnesota,Pitching Coach Alec Crawford,Assistant Coach,,,https://gophersports.com/sports/baseball/coaches,,,,,,false,NEEDS_REVIEW
university-of-minnesota,Connor Gandossy,Assistant Coach,,,https://gophersports.com/sports/baseball/coaches,,,,,,false,NEEDS_REVIEW
university-of-minnesota,Head Coach Ty McDevitt,Pitching Coach,,,https://gophersports.com/sports/baseball/coaches,,,,,,false,NEEDS_REVIEW
university-of-nebraska,,,,,https://huskers.com/sports/baseball,,,,,,false,NO_CANDIDATES_FOUND
university-of-oregon,Jack Marder,Assistant Coach,,,https://goducks.com/sports/baseball/coaches,,,,,,false,NEEDS_REVIEW
university-of-oregon,Matt Florer,Assistant Coach,,,https://goducks.com/sports/baseball/coaches,,,,,,false,NEEDS_REVIEW
university-of-oregon,Brett Thomas,Assistant Coach,,,https://goducks.com/sports/baseball/coaches,,,,,,false,NEEDS_REVIEW
university-of-oregon,Assistant Coach Travis Buck,Director of Baseball Operations,,,https://goducks.com/sports/baseball/coaches,,,,,,false,NEEDS_REVIEW
university-of-southern-california,Travis Jewett,Assistant Coach,,,https://usctrojans.com/sports/baseball/coaches,,,,,,false,NEEDS_REVIEW
university-of-southern-california,Sean Allen,Assistant Coach,,,https://usctrojans.com/sports/baseball/coaches,,,,,,false,NEEDS_REVIEW
university-of-southern-california,Sergio Brown,Assistant Coach,,,https://usctrojans.com/sports/baseball/coaches,,,,,,false,NEEDS_REVIEW
university-of-southern-california,Player Development Rock Hudgens,Director of Baseball Operations,,,https://usctrojans.com/sports/baseball/coaches,,,,,,false,NEEDS_REVIEW
university-of-washington,Kade Kryzsko,Assistant Coach,,,https://gohuskies.com/sports/baseball/coaches,,,,,,false,NEEDS_REVIEW
university-of-washington,Damon Lessler,Assistant Coach,,,https://gohuskies.com/sports/baseball/coaches,,,,,,false,NEEDS_REVIEW
university-of-washington,Connor Lambert,Pitching Coach,,,https://gohuskies.com/sports/baseball/coaches,,,,,,false,NEEDS_REVIEW
university-of-washington,Justin Jacobs,Recruiting Coordinator,,,https://gohuskies.com/sports/baseball/coaches,,,,,,false,NEEDS_REVIEW
university-of-washington,Scott Junck,Director of Baseball Operations,,,https://gohuskies.com/sports/baseball/coaches,,,,,,false,NEEDS_REVIEW
campbell-university,Adam Wyse,Assistant Coach,,,https://gocamels.com/sports/baseball/coaches,,,,,,false,NEEDS_REVIEW
campbell-university,Travis Stone,Assistant Coach,,,https://gocamels.com/sports/baseball/coaches,,,,,,false,NEEDS_REVIEW
campbell-university,Seth LaRue,Assistant Coach,,,https://gocamels.com/sports/baseball/coaches,,,,,,false,NEEDS_REVIEW
college-of-charleston,Will Dorton Associate,Head Coach,,,https://cofcsports.com/sports/baseball/coaches,,,,,,true,NEEDS_REVIEW
college-of-charleston,Will Dorton,Associate Head Coach,,,https://cofcsports.com/sports/baseball/coaches,,,,,,true,NEEDS_REVIEW
college-of-charleston,Adam Brown,Assistant Coach,,,https://cofcsports.com/sports/baseball/coaches,,,,,,false,NEEDS_REVIEW
college-of-charleston,Lee Curtis,Assistant Coach,,,https://cofcsports.com/sports/baseball/coaches,,,,,,false,NEEDS_REVIEW
college-of-charleston,Brennan Ramsey Assistant,Director of Baseball Operations,,,https://cofcsports.com/sports/baseball/coaches,,,,,,false,NEEDS_REVIEW
elon-university,Billy Taylor Men's Basketball,Head Coach,,,https://elonphoenix.com/sports/baseball/staff,,,,,,true,NEEDS_REVIEW
elon-university,Mark Rinker,Head Coach,,,https://elonphoenix.com/sports/baseball/staff,,,,,,true,NEEDS_REVIEW
elon-university,Tony Trisciani,Head Coach,,,https://elonphoenix.com/sports/baseball/staff,,,,,,true,NEEDS_REVIEW
elon-university,Jay O'Donnell Associate,Head Coach,,,https://elonphoenix.com/sports/baseball/staff,,,,,,true,NEEDS_REVIEW
elon-university,Mark Rinker,Head Coach,,,https://elonphoenix.com/sports/baseball/staff,,,,,,true,NEEDS_REVIEW
elon-university,Jay O'Donnell,Associate Head Coach,,,https://elonphoenix.com/sports/baseball/staff,,,,,,true,NEEDS_REVIEW
elon-university,Sean Halloran Men's Basketball,Assistant Coach,,,https://elonphoenix.com/sports/baseball/staff,,,,,,false,NEEDS_REVIEW
elon-university,John Krikorian,Assistant Coach,,,https://elonphoenix.com/sports/baseball/staff,,,,,,false,NEEDS_REVIEW