normalizedSchoolName,groupSize,collegeId,collegeName,slug,city,state,legacyDivision,canonicalDivision,canonicalConference,baseballWebsiteUrl,importedCoachCount,savedByPlayers,recruitingBoardEntries,recruitingLists,coachInvites,linkedCoachUsers,createdAt,updatedAt
saint francis,3,cmowzs1sl0063qt4w2c8vrz25,Saint Francis,saint-francis,,IN,,NAIA,Crossroads League,https://naiastats.prestosports.com/sports/bsb/2024-25/teams/saintfrancisin,0,0,0,0,0,0,2026-05-08T14:09:59.061Z,2026-05-08T14:21:01.437Z
saint francis,3,cmou7zwi600jiqt182wps2oyk,Saint Francis University,saint-francis-university,Loretto,PA,,,,,0,0,0,0,0,0,2026-05-06T15:36:43.854Z,2026-05-06T17:26:18.074Z
saint francis,3,cmowzs24h006rqt4wfge0sbob,St. Francis,st-francis,,IL,,NAIA,Chicagoland Collegiate Athletic Conference,https://naiastats.prestosports.com/sports/bsb/2024-25/teams/stfrancisil,0,0,0,0,0,0,2026-05-08T14:09:59.489Z,2026-05-08T14:21:02.123Z
bryant and stratton,2,cmox2351r0010qtfki4exm5ci,Bryant & Stratton,bryant-and-stratton,,OH,,NJCAA_D2,Region 12,https://njcaastats.prestosports.com/sports/bsb/2024-25/div2/teams/bryantstrattonohio,0,0,0,0,0,0,2026-05-08T15:14:35.727Z,2026-05-08T15:14:35.727Z
bryant and stratton,2,cmox235370013qtfk8y2sxj30,Bryant & Stratton College,bryant-and-stratton-college,,WI,,NJCAA_D2,Region 4,https://njcaastats.prestosports.com/sports/bsb/2024-25/div2/teams/bryantstrattoncollegewi,0,0,0,0,0,0,2026-05-08T15:14:35.779Z,2026-05-08T15:14:35.779Z
columbia,2,cmowzrzm0001rqt4wm5n56kzt,Columbia,columbia,,MO,,NAIA,American Midwest Conference,https://naiastats.prestosports.com/sports/bsb/2024-25/teams/columbiamo,0,0,0,0,0,0,2026-05-08T14:09:56.233Z,2026-05-08T14:20:56.465Z
columbia,2,cmou7ekoe00e6qtx8h6vtazjr,Columbia University,columbia-university,New York,NY,,NCAA_D1,Ivy League,https://gocolumbialions.com/sports/baseball,3,0,0,0,0,0,2026-05-06T15:20:08.751Z,2026-05-29T16:24:12.784Z
community christian,2,cmox235tc002lqtfk1sxcqpye,Community Christian,community-christian,,MI,,NJCAA_D2,Region 12,https://njcaastats.prestosports.com/sports/bsb/2024-25/div2/teams/communitychristianmich,0,0,0,0,0,0,2026-05-08T15:14:36.720Z,2026-05-08T15:14:36.720Z
community christian,2,cmox1gg33002iqtsgotxbo0qh,Community Christian College,community-christian-college,,CA,,NJCAA_D1,Region 1,https://njcaastats.prestosports.com/sports/bsb/2024-25/div1/teams/communitychristiancollege,0,0,0,0,0,0,2026-05-08T14:56:56.943Z,2026-05-08T14:56:56.943Z
connecticut,2,cmovorog8005oqt7gzs9htl5g,Connecticut College,connecticut-college,,CT,,NCAA_D3,New England Small College Athletic Conference,https://camelathletics.com/,0,0,0,0,0,0,2026-05-07T16:13:59.816Z,2026-05-07T16:13:59.816Z
connecticut,2,cmou6ba1700acqtict3598yzg,University of Connecticut,university-of-connecticut,Storrs,CT,,NCAA_D1,,,4,0,0,0,0,0,2026-05-06T14:49:35.372Z,2026-07-23T19:46:13.541Z
cornell,2,cmovorohm005rqt7gax2yf7dk,Cornell College,cornell-college,,IA,,NCAA_D3,Midwest Conference,https://www.cornellrams.com,0,0,0,0,0,0,2026-05-07T16:13:59.866Z,2026-05-07T16:13:59.866Z
cornell,2,cmou7ekpr00e9qtx8i7bf3vt3,Cornell University,cornell-university,Ithaca,NY,,NCAA_D1,Ivy League,https://cornellbigred.com/sports/baseball,3,0,0,0,0,0,2026-05-06T15:20:08.799Z,2026-05-29T16:24:12.875Z
east central,2,cmovlhtvl005lqt20ku4n4ff4,East Central,east-central,Ada,Oklahoma,,NCAA_D2,GAC,,0,0,0,0,0,0,2026-05-07T14:42:21.442Z,2026-05-07T15:06:25.152Z
east central,2,cmox23683003fqtfkyhppeagg,East Central College,east-central-college,,MO,,NJCAA_D2,Region 16,https://njcaastats.prestosports.com/sports/bsb/2024-25/div2/teams/eastcentralcollege,0,0,0,0,0,0,2026-05-08T15:14:37.251Z,2026-05-08T15:14:37.251Z
georgetown,2,cmox065zl004lqtgckt3to19k,Georgetown,georgetown,,KY.,,NAIA,Mid-South Conference,https://naiastats.prestosports.com/sports/bsb/2024-25/teams/georgetown,0,0,0,0,0,0,2026-05-08T14:20:57.681Z,2026-05-08T14:20:57.681Z
georgetown,2,cmou6ba5c00alqticm9m1ucs0,Georgetown University,georgetown-university,Washington,DC,,NCAA_D1,,,3,0,0,0,0,0,2026-05-06T14:49:35.521Z,2026-07-23T19:46:13.201Z
georgia,2,cmovlhus6007iqt20velop8oi,Georgia College,georgia-college,Milledgeville,Georgia,,NCAA_D2,Peach Belt,,0,0,0,0,0,0,2026-05-07T14:42:22.614Z,2026-05-07T15:06:26.355Z
georgia,2,cmorirv7r0016qtm0u7tt6h9b,University of Georgia,university-of-georgia,Athens,GA,,NCAA_D1,SEC,https://georgiadogs.com/sports/baseball,4,0,0,0,0,0,2026-05-04T18:15:06.183Z,2026-05-06T17:26:07.177Z
illinois,2,cmovorqz800arqt7g2eyh2tp1,Illinois College,illinois-college,,IL,,NCAA_D3,Midwest Conference,https://www.illinoiscollegeathletics.com/,0,0,0,0,0,0,2026-05-07T16:14:03.092Z,2026-05-07T16:14:03.092Z
illinois,2,cmoss3uby002oqtao54kmml5m,University of Illinois,university-of-illinois,Champaign,IL,,NCAA_D1,,,4,0,0,0,0,0,2026-05-05T15:24:07.631Z,2026-07-23T19:46:15.309Z
jefferson,2,cmovlhvbq008oqt20tvfszb7x,Jefferson,jefferson,Philadelphia,Pennsylvania,,NCAA_D2,CACC,,0,0,0,0,0,0,2026-05-07T14:42:23.319Z,2026-05-07T15:06:27.098Z
jefferson,2,cmox1ghhz005iqtsg6n46ykur,Jefferson College,jefferson-college,,MO,,NJCAA_D1,Region 16,https://njcaastats.prestosports.com/sports/bsb/2024-25/div1/teams/jeffersoncollege,0,0,0,0,0,0,2026-05-08T14:56:58.775Z,2026-05-08T14:56:58.775Z
miami,2,cmou7sknj00g9qtagx86tk6jp,Miami University,miami-university,Oxford,OH,,NCAA_D1,MAC,https://miamiredhawks.com/sports/baseball,2,0,0,0,0,0,2026-05-06T15:31:01.903Z,2026-05-29T16:24:14.975Z
miami,2,cmosowntd000lqtuoyvr4xd0q,University of Miami,university-of-miami,Coral Gables,FL,,NCAA_D1,,,4,0,0,0,0,0,2026-05-05T13:54:33.745Z,2026-07-23T19:46:08.839Z
midland,2,cmox067kl0083qtgczg7bx4q5,Midland,midland,,NE,,NAIA,Great Plains Athletic Conference,https://naiastats.prestosports.com/sports/bsb/2024-25/teams/midland,0,0,0,0,0,0,2026-05-08T14:20:59.733Z,2026-05-08T14:20:59.733Z
midland,2,cmox1gi8a0073qtsg01m46kpe,Midland College,midland-college,,TX,,NJCAA_D1,Region 5,https://njcaastats.prestosports.com/sports/bsb/2024-25/div1/teams/midlandcollege,0,0,0,0,0,0,2026-05-08T14:56:59.722Z,2026-05-08T14:56:59.722Z
mississippi,2,cmovlhwsb00blqt20p3qkehr1,Mississippi College,mississippi-college,Clinton,Mississippi,,NCAA_D2,Gulf South,,0,0,0,0,0,0,2026-05-07T14:42:25.211Z,2026-05-07T15:06:30.143Z
mississippi,2,cmosp9qk8001xqtygdf9x52ry,University of Mississippi,university-of-mississippi,Oxford,MS,,NCAA_D1,SEC,https://olemisssports.com/sports/baseball,4,0,0,0,0,0,2026-05-05T14:04:43.833Z,2026-05-06T17:26:07.354Z
murray state,2,cmox238ux0090qtfk9uava4eq,Murray State College,murray-state-college,,OK,,NJCAA_D2,Region 2,https://njcaastats.prestosports.com/sports/bsb/2024-25/div2/teams/murraystatecollege,0,0,0,0,0,0,2026-05-08T15:14:40.666Z,2026-05-08T15:14:40.666Z
murray state,2,cmou7wkih00hlqt5s33909h6i,Murray State University,murray-state-university,Murray,KY,,NCAA_D1,Ohio Valley,https://goracers.com/sports/baseball,4,0,0,0,0,0,2026-05-06T15:34:08.344Z,2026-05-06T17:26:18.381Z
new england,2,cmovortrr00gcqt7g0o81s9hm,New England College,new-england-college,,NH,,NCAA_D3,Great Northeast Athletic Conference,https://athletics.nec.edu/,0,0,0,0,0,0,2026-05-07T16:14:06.711Z,2026-05-07T16:14:06.711Z
new england,2,cmovorz0j00qiqt7gwfqzh5oi,University of New England,university-of-new-england,,ME,,NCAA_D3,Conference of New England,https://athletics.une.edu,0,0,0,0,0,0,2026-05-07T16:14:13.508Z,2026-05-07T16:14:13.508Z
north central,2,cmovortz200grqt7gzege7bvq,North Central College,north-central-college,,IL,,NCAA_D3,College Conference of Illinois & Wisconsin,https://northcentralcardinals.com,0,0,0,0,0,0,2026-05-07T16:14:06.974Z,2026-05-07T16:14:06.974Z
north central,2,cmovoru0m00guqt7g2kej3n66,North Central University,north-central-university,,MN,,NCAA_D3,Upper Midwest Athletic Conference,https://www.ncurams.com,0,0,0,0,0,0,2026-05-07T16:14:07.030Z,2026-05-07T16:14:07.030Z
northwestern,2,cmowzs1aw0053qt4wrwplawbf,Northwestern,northwestern,,IA,,NAIA,Great Plains Athletic Conference,https://naiastats.prestosports.com/sports/bsb/2024-25/teams/northwestern,0,0,0,0,0,0,2026-05-08T14:09:58.424Z,2026-05-08T14:21:00.415Z
northwestern,2,cmoss3un1003cqtao6c08qtft,Northwestern University,northwestern-university,Evanston,IL,,NCAA_D1,,,4,0,0,0,0,0,2026-05-05T15:24:08.029Z,2026-07-23T19:46:14.704Z
rhode island,2,cmovorvhs00jiqt7g1uqmbhcw,Rhode Island College,rhode-island-college,,RI,,NCAA_D3,Little East Conference,https://www.goanchormen.com,0,0,0,0,0,0,2026-05-07T16:14:08.944Z,2026-05-07T16:14:08.944Z
rhode island,2,cmou65qee008xqt1o7ljwn00l,University of Rhode Island,university-of-rhode-island,Kingston,RI,,NCAA_D1,,,4,0,0,0,0,0,2026-05-06T14:45:16.646Z,2026-07-23T19:46:11.512Z
saint thomas,2,cmowzs25w006uqt4w8e2l0xp7,St. Thomas,st-thomas,,FLA.,,NAIA,The Sun Conference,https://naiastats.prestosports.com/sports/bsb/2024-25/teams/stthomas,0,0,0,0,0,0,2026-05-08T14:09:59.540Z,2026-05-08T14:21:02.173Z
saint thomas,2,cmrxrdwxt001qqtx0a2ko0tgd,University of St. Thomas,university-of-st-thomas-minnesota,St. Paul,MN,NCAA_D1,NCAA_D1,,https://tommiesports.com/sports/baseball,0,0,0,0,0,0,2026-07-23T17:01:55.842Z,2026-07-23T19:55:52.152Z
simpson,2,cmowzs1vl0069qt4wsqb6a8yr,Simpson,simpson,,CA,,NAIA,North Star Athletic Association,https://naiastats.prestosports.com/sports/bsb/2024-25/teams/simpsonca,0,0,0,0,0,0,2026-05-08T14:09:59.170Z,2026-05-08T14:21:01.677Z
simpson,2,cmovorwhr00liqt7ge84z7igf,Simpson College,simpson-college,,IA,,NCAA_D3,American Rivers Conference,https://simpsonathletics.com,0,0,0,0,0,0,2026-05-07T16:14:10.239Z,2026-05-29T16:24:17.904Z
temple,2,cmox1gkap00biqtsgb8q7r863,Temple College,temple-college,,TX,,NJCAA_D1,Region 5,https://njcaastats.prestosports.com/sports/bsb/2024-25/div1/teams/templecollege,0,0,0,0,0,0,2026-05-08T14:57:02.401Z,2026-05-08T14:57:02.401Z
temple,2,cmou57egv0083qtdw0yqps6gp,Temple University,temple-university,Philadelphia,PA,,,,,0,0,0,0,0,0,2026-05-06T14:18:34.879Z,2026-07-23T19:46:06.474Z
texas,2,cmox069sn00d0qtgcjtotjzzk,Texas College,texas-college,,TX,,NAIA,Red River Athletic Conference,https://naiastats.prestosports.com/sports/bsb/2024-25/teams/texascollege,0,0,0,0,0,0,2026-05-08T14:21:02.615Z,2026-05-08T14:21:02.615Z
texas,2,cmosp9qth002fqtyg9zds0e99,University of Texas,university-of-texas,Austin,TX,,NCAA_D1,SEC,https://texaslonghorns.com/sports/baseball,4,0,0,0,0,0,2026-05-05T14:04:44.166Z,2026-05-06T17:26:07.663Z
thomas,2,cmox069va00d6qtgcn0ndzzas,Thomas,thomas,,GA,,NAIA,Southern States Athletic Conference,https://naiastats.prestosports.com/sports/bsb/2024-25/teams/thomas,0,0,0,0,0,0,2026-05-08T14:21:02.710Z,2026-05-08T14:21:02.710Z
thomas,2,cmovory1600oiqt7g6g310flh,Thomas College,thomas-college,,ME,,NCAA_D3,North Atlantic Conference,https://www.thomasathletics.com,0,0,0,0,0,0,2026-05-07T16:14:12.234Z,2026-05-07T16:14:12.234Z
xavier,2,cmowzs2u20086qt4w33qae7md,Xavier,xavier,,LA.,,NAIA,Red River Athletic Conference,https://naiastats.prestosports.com/sports/bsb/2024-25/teams/xavierla,0,0,0,0,0,0,2026-05-08T14:10:00.411Z,2026-05-08T14:21:03.709Z
xavier,2,cmou6bado00b3qticrimagx0v,Xavier University,xavier-university,Cincinnati,OH,,NCAA_D1,,,4,0,0,0,0,0,2026-05-06T14:49:35.820Z,2026-07-23T19:46:13.723Z
