slug,collegeName,matchedAreas,matchedCount,sourceUrl,writeStatus
abilene-christian-university,Abilene Christian University,Biology|Business|Chemistry|Education|Engineering|History|Information Technology|Management|Nursing|Physics|Psychology,11,https://www.acu.edu/academics,DRY_RUN
adrian-college,Adrian College,Architecture|Art|Business|Communications|Education|Engineering|History|Human Resources|Marketing,9,https://www.adrian.edu/academics,DRY_RUN
air-force-academy,Air Force Academy,Education|Engineering|History|Information Technology|Mathematics,5,https://www.usafa.edu/academics,DRY_RUN
alabama-am-university,Alabama A&M University,Accounting|Art|Business|Chemistry|Communications|Computer Science|Education|Engineering|Entrepreneurship|Environmental Science|Finance|History|Management|Marketing|Mathematics|Music|Nutrition|Performing Arts|Physics|Pre-Law|Psychology|Social Work|Visual Arts,23,https://www.aamu.edu/academics,DRY_RUN
alabama-state-university,Alabama State University,Business|Communications|Education|Engineering|Health Sciences|History|Marketing|Mathematics|Performing Arts,9,https://www.alasu.edu/academics,DRY_RUN
albertus-magnus-college,Albertus Magnus College,Accounting|Art|Biology|Business|Chemistry|Communications|Criminal Justice|Education|Entrepreneurship|Graphic Design|Health Sciences|History|Management|Marketing|Mathematics|Nursing|Philosophy|Political Science|Pre-Law|Psychology|Public Health|Religion|Social Work|Sociology,24,https://www.albertus.edu/academics,DRY_RUN
albion-college,Albion College,Business|Education|Human Resources|Management|Performing Arts,5,https://www.albion.edu/academics,DRY_RUN
albright-college,Albright College,Accounting|Art|Biology|Business|Chemistry|Communications|Computer Science|Criminal Justice|Cybersecurity|Economics|Education|Finance|History|Human Resources|Management|Mathematics|Music|Performing Arts|Political Science|Pre-Law|Psychology|Public Health|Sociology|Visual Arts,24,https://www.albright.edu/academics,DRY_RUN
alcorn-state-university,Alcorn State University,Accounting|Agriculture|Art|Business|Communications|Computer Science|Education|History|Marketing|Mathematics|Nursing|Psychology|Social Work,13,https://www.alcorn.edu/academics,DRY_RUN
alfred-state-college,Alfred State College,Architecture|Art|Education|Engineering|History|Management,6,https://www.alfredstate.edu/academics,DRY_RUN
alfred-university,Alfred University,Business|Education|Engineering|History|Performing Arts,5,https://www.alfred.edu/academics,DRY_RUN
allegheny-college,Allegheny College,Business|Education|History|Political Science,4,https://www.allegheny.edu/academics,DRY_RUN
alma-college,Alma College,Business|Education|Health Sciences|History|Music|Performing Arts|Psychology,7,https://www.alma.edu/academics,DRY_RUN
alvernia-university,Alvernia University,Business|Education|History,3,https://www.alvernia.edu/academics,DRY_RUN
alverno-college,Alverno College,Art|Art History|Biology|Biomedical Sciences|Business|Chemistry|Education|History|Kinesiology|Music|Nursing|Psychology|Public Health|Social Work,14,https://www.alverno.edu/majors,DRY_RUN
amherst-college,Amherst College,Art|Chemistry|Computer Science|Education|History|Literature|Mathematics|Philosophy|Physics|Political Science|Religion,11,https://www.amherst.edu,DRY_RUN
anderson-university-sc,Anderson University,Accounting|Art|Biology|Business|Criminal Justice|Cybersecurity|Economics|Education|Engineering|Graphic Design|Kinesiology|Management|Marketing|Mathematics|Philosophy|Political Science|Religion,17,https://andersonuniversity.edu/academics,DRY_RUN
anderson-university-indiana,Anderson University (Indiana),,0,,DRY_RUN
anna-maria-college,Anna Maria College,,0,,DRY_RUN
appalachian-state-university,Appalachian State University,Art|Business|Education|Exercise Science|Health Sciences|Management|Music|Nursing|Nutrition|Psychology|Public Health|Social Work,12,https://www.appstate.edu/academics,DRY_RUN
arcadia-university,Arcadia University,Accounting|Art|Art History|Biology|Business|Chemistry|Computer Science|Criminal Justice|Cybersecurity|Data Science|Economics|Education|Engineering|Entrepreneurship|Finance|Health Sciences|History|Management|Marketing|Mathematics|Music|Nursing|Occupational Therapy|Philosophy|Physical Therapy|Physics|Political Science|Psychology|Public Health|Sociology|Statistics|Theater,32,https://www.arcadia.edu/academics,DRY_RUN
arizona,Arizona,Business|Education|Health Sciences,3,https://www.arizona.edu/academics,DRY_RUN
arizona-state-university,Arizona State University,Art|Business|Education|Engineering|Journalism|Nursing,6,https://www.asu.edu/academics,DRY_RUN
arkansas-state-university,Arkansas State University,Agriculture|Business|Computer Science|Education|Engineering|History|Mathematics|Nursing|Political Science,9,https://www.astate.edu/academics,DRY_RUN
army-west-point,Army West Point,Education|Engineering|History,3,https://www.westpoint.edu/academics,DRY_RUN
asbury-university,Asbury University,Accounting|Art|Art History|Athletic Training|Biology|Business|Chemistry|Computer Science|Economics|Education|Engineering|Entrepreneurship|Exercise Science|Finance|Graphic Design|History|Journalism|Kinesiology|Literature|Management|Marketing|Mathematics|Music|Nursing|Nutrition|Philosophy|Physics|Political Science|Pre-Law|Psychology|Religion|Social Work|Sociology|Theater|Visual Arts,35,https://www.asbury.edu/academics,DRY_RUN
auburn-university,Auburn University,Agriculture|Architecture|Art|Art History|Biology|Biomedical Sciences|Business|Chemistry|Communications|Computer Science|Economics|Education|Engineering|Environmental Science|Exercise Science|Finance|Graphic Design|Health Sciences|History|Information Technology|Journalism|Language Arts|Literature|Management|Marine Biology|Marketing|Mathematics|Music|Nursing|Nutrition|Philosophy|Physical Therapy|Physics|Political Science|Psychology|Social Work|Sociology|Theater,38,https://www.auburn.edu/majors,DRY_RUN
augsburg-university,Augsburg University,Business|Education|Music|Nursing|Political Science|Psychology|Religion|Social Work,8,https://www.augsburg.edu/academics,DRY_RUN
augustana-college-illinois,Augustana College (Illinois),Art|Education|Music,3,https://www.augustana.edu/academics,DRY_RUN
aurora-university,Aurora University,Art|Education|History,3,https://www.aurora.edu/academics,DRY_RUN
austin-college,Austin College,Accounting|Art|Art History|Biology|Business|Chemistry|Computer Science|Data Science|Economics|Education|Engineering|Environmental Science|Finance|Health Sciences|History|Human Resources|Kinesiology|Mathematics|Music|Philosophy|Physics|Political Science|Psychology|Public Health|Religion|Sociology,26,https://www.austincollege.edu/academics,DRY_RUN
austin-peay-state-university,Austin Peay State University,Business|Education|Engineering|Health Sciences|History|Management|Marketing|Mathematics,8,https://www.apsu.edu/academics,DRY_RUN
averett-university,Averett University,Education|History|Human Resources|Information Technology|Management|Philosophy,6,https://www.averett.edu/academics,DRY_RUN
byu,BYU,Education|Engineering|Nursing|Religion,4,https://www.byu.edu,DRY_RUN
baldwin-wallace-university,Baldwin Wallace University,Business|Education|Engineering|Health Sciences|Mathematics|Performing Arts,6,https://www.bw.edu/academics,DRY_RUN
ball-state-university,Ball State University,,0,,DRY_RUN
bard-college,Bard College,Architecture|Art|Art History|Biology|Chemistry|Communications|Economics|Education|History|Literature|Mathematics|Music|Philosophy|Physics|Psychology|Sociology|Theater,17,https://www.bard.edu/academics,DRY_RUN
barton-college,Barton College,Business|Education|Health Sciences,3,https://www.barton.edu/academics,DRY_RUN
bates-college,Bates College,Art|Biology|Chemistry|Communications|Economics|Education|Engineering|History|Literature|Mathematics|Music|Philosophy|Physics|Psychology|Public Health|Sociology|Theater,17,https://www.bates.edu/academics,DRY_RUN
baylor-university,Baylor University,Business|Communications|Computer Science|Education|Engineering|Finance|Human Resources|Marketing|Music|Nursing|Social Work,11,https://www.baylor.edu/academics,DRY_RUN
belhaven-university,Belhaven University,Art|Business|Education|History|Music|Nursing|Social Work,7,https://www.belhaven.edu/academics,DRY_RUN
bellarmine-university,Bellarmine University,Education|History|Management,3,https://www.bellarmine.edu,DRY_RUN
belmont-abbey-college,Belmont Abbey College,Accounting|Art|Art History|Biology|Business|Chemistry|Computer Science|Criminal Justice|Cybersecurity|Economics|Education|Entrepreneurship|Environmental Science|Finance|History|Management|Marketing|Mathematics|Nursing|Performing Arts|Philosophy|Physics|Pre-Law|Pre-Med|Pre-Vet|Psychology,26,https://belmontabbeycollege.edu/academics,DRY_RUN
belmont-university,Belmont University,Business|History|Music,3,https://www.belmont.edu/academics,DRY_RUN
beloit-college,Beloit College,Art|Biology|Business|Economics|Education|Entrepreneurship|Health Sciences|Music,8,https://www.beloit.edu/academics,DRY_RUN
benedictine-university-illinois,Benedictine University (Illinois),Art|Business|Education|History|Human Resources|Management,6,https://www.ben.edu/academics,DRY_RUN
berea-college,Berea College,Agriculture|Art|Art History|Computer Science|Education|Engineering|History|Management|Physics,9,https://www.berea.edu/academics,DRY_RUN
berry-college,Berry College,Business|Education|Entrepreneurship|History,4,https://www.berry.edu/academics,DRY_RUN
bethany-college-west-virginia,Bethany College (West Virginia),Accounting|Art|Biology|Business|Chemistry|Communications|Computer Science|Criminal Justice|Cybersecurity|Economics|Education|Exercise Science|History|Management|Marketing|Mathematics|Music|Nursing|Philosophy|Physics|Political Science|Pre-Law|Pre-Med|Psychology|Social Work,25,https://www.bethanywv.edu/academics,DRY_RUN
bethany-lutheran-college,Bethany Lutheran College,,0,,DRY_RUN
bethel-university-minnesota,Bethel University (Minnesota),Art|Biology|Business|Education|Engineering|Health Sciences|Music|Visual Arts,8,https://www.bethel.edu,DRY_RUN
bethune-cookman-university,Bethune-Cookman University,Business|Communications|Criminal Justice|Education|Engineering|Entrepreneurship|Health Sciences|Marketing|Mathematics|Nursing,10,https://www.cookman.edu/academics,DRY_RUN
blackburn-college,Blackburn College,Education|History|Management|Psychology,4,https://www.blackburn.edu,DRY_RUN
bluffton-university,Bluffton University,Accounting|Art|Biology|Business|Chemistry|Computer Science|Criminal Justice|Education|Engineering|Environmental Science|Exercise Science|Graphic Design|Health Sciences|History|Human Resources|Information Technology|Journalism|Language Arts|Management|Marketing|Mathematics|Nursing|Nutrition|Physical Therapy|Physics|Political Science|Pre-Law|Psychology|Religion|Social Work|Sociology,31,https://www.bluffton.edu/majors,DRY_RUN
boise-state-university,Boise State University,Business|Economics|Education|Mathematics,4,https://www.boisestate.edu/academics,DRY_RUN
boston-college,Boston College,Communications|Education|History|Management|Nursing|Public Health|Social Work|Theater,8,https://www.bc.edu/academics,DRY_RUN
bowling-green-state-university,Bowling Green State University,Accounting|Architecture|Art|Art History|Athletic Training|Biology|Business|Chemistry|Communications|Computer Science|Criminal Justice|Cybersecurity|Data Science|Economics|Education|Engineering|Entrepreneurship|Environmental Science|Exercise Science|Finance|Graphic Design|History|Human Resources|Journalism|Kinesiology|Language Arts|Literature|Management|Marine Biology|Marketing|Mathematics|Music|Nursing|Nutrition|Occupational Therapy|Performing Arts|Philosophy|Physical Therapy|Physics|Political Science|Pre-Law|Pre-Med|Pre-Vet|Psychology|Public Health|Social Work|Sociology|Statistics|Theater,49,https://www.bgsu.edu/academics,DRY_RUN
bradley-university,Bradley University,Accounting|Business|Communications|Education|Engineering|Entrepreneurship|Health Sciences|History,8,https://www.bradley.edu/academics,DRY_RUN
brandeis-university,Brandeis University,Art|Business|Economics|Education|Sociology,5,https://www.brandeis.edu/academics,DRY_RUN
brevard-college,Brevard College,Art|Biology|Business|Chemistry|Computer Science|Criminal Justice|Education|Engineering|Exercise Science|History|Management|Mathematics|Music|Performing Arts|Physics|Psychology|Sports Management,17,https://www.brevard.edu/academics,DRY_RUN
bridgewater-college-virginia,Bridgewater College (Virginia),Art|Athletic Training|Biology|Business|Chemistry|Computer Science|Economics|Education|Engineering|Environmental Science|History|Human Resources|Management|Mathematics|Music|Philosophy|Physics|Political Science|Psychology|Religion|Sociology,21,https://www.bridgewater.edu/academics,DRY_RUN
bridgewater-state-university,Bridgewater State University,Criminal Justice|Cybersecurity|Education|Engineering|Human Resources|Management|Physics|Social Work|Statistics,9,https://www.bridgew.edu/academics,DRY_RUN
brown-university,Brown University,Education|Engineering|Public Health,3,https://www.brown.edu/academics,DRY_RUN
bryan-college,Bryan College,Biology|Business|Criminal Justice|Education|Engineering|History|Marketing|Mathematics|Nursing|Performing Arts|Psychology,11,https://www.bryan.edu/academics,DRY_RUN
bucknell-university,Bucknell University,Engineering|History|Information Technology|Management,4,https://www.bucknell.edu/academics,DRY_RUN
buena-vista-university,Buena Vista University,Accounting|Agriculture|Animal Science|Art|Athletic Training|Biology|Biomedical Sciences|Business|Communications|Computer Science|Criminal Justice|Education|Engineering|Exercise Science|Finance|Graphic Design|Health Sciences|History|Human Resources|Information Technology|Kinesiology|Language Arts|Literature|Management|Marketing|Mathematics|Music|Nursing|Occupational Therapy|Physical Therapy|Physics|Political Science|Pre-Law|Psychology|Public Health|Social Work|Visual Arts,37,https://www.bvu.edu/programs,DRY_RUN
buffalo-state-state-university-of-new-york,"Buffalo State, State University of New York",Art|Biology|Business|Chemistry|Criminal Justice|Economics|Education|Engineering|History|Information Technology|Mathematics|Music|Nutrition|Performing Arts|Philosophy|Physics|Psychology|Social Work|Sociology|Theater,20,https://www.buffalostate.edu/academics,DRY_RUN
butler-university,Butler University,Accounting|Art|Art History|Biology|Business|Chemistry|Computer Science|Economics|Education|Engineering|Entrepreneurship|Finance|History|Management|Marketing|Mathematics|Music|Philosophy|Physics|Political Science|Sociology|Statistics,22,https://www.butler.edu/academics/majors,DRY_RUN
cairn-university,Cairn University,Accounting|Art|Biology|Business|Computer Science|Criminal Justice|Cybersecurity|Education|Exercise Science|Finance|Graphic Design|History|Management|Marketing|Mathematics|Music|Philosophy|Physical Therapy|Pre-Med|Psychology|Religion,21,https://www.cairn.edu/academics,DRY_RUN
california-baptist-university,California Baptist University,Architecture|Business|Education|Engineering|Music|Nursing|Performing Arts|Theater|Visual Arts,9,https://calbaptist.edu/academics,DRY_RUN
california-institute-of-technology,California Institute of Technology,Biology|Business|Chemistry|Education|Engineering|History|Mathematics|Philosophy|Physics|Visual Arts,10,https://www.caltech.edu/academics,DRY_RUN
california-lutheran-university,California Lutheran University,Accounting|Art|Biology|Business|Chemistry|Computer Science|Criminal Justice|Data Science|Economics|Education|Engineering|Entrepreneurship|Environmental Science|Exercise Science|Finance|Graphic Design|History|Journalism|Management|Marketing|Mathematics|Music|Performing Arts|Philosophy|Physics|Political Science|Pre-Law|Pre-Med|Psychology|Public Health|Religion|Sociology|Sports Management,33,https://www.callutheran.edu/majors,DRY_RUN
california-state-university-fresno,California State University Fresno,Communications|Marketing,2,https://www.fresnostate.edu,DRY_RUN
calvin-university,Calvin University,Business|Education|History,3,https://www.calvin.edu/academics,DRY_RUN
campbell-university,Campbell University,Business|Communications|Education|Finance|History|Human Resources|Information Technology|Marketing,8,https://www.campbell.edu/academics,DRY_RUN
canisius-university,Canisius University,Accounting|Agriculture|Architecture|Art|Art History|Biology|Business|Chemistry|Communications|Computer Science|Criminal Justice|Cybersecurity|Data Science|Economics|Education|Engineering|Environmental Science|Exercise Science|Finance|History|Journalism|Literature|Management|Marketing|Mathematics|Music|Nursing|Philosophy|Political Science|Pre-Law|Psychology|Religion|Social Work|Sociology|Statistics,35,https://www.canisius.edu/programs,DRY_RUN
capital-university,Capital University,Art|Athletic Training|Business|Chemistry|Computer Science|Economics|Education|Environmental Science|History|Mathematics|Music|Nursing|Occupational Therapy|Philosophy|Physical Therapy|Physics|Political Science|Pre-Law|Pre-Med|Psychology|Religion|Social Work|Sociology,23,https://www.capital.edu/academics,DRY_RUN
carleton-college,Carleton College,Art|Art History|Biology|Chemistry|Computer Science|Data Science|Economics|Education|Engineering|History|Mathematics|Music|Philosophy|Physics|Political Science|Pre-Law|Pre-Med|Psychology|Religion|Sociology|Statistics|Theater,22,https://www.carleton.edu/academics,DRY_RUN
carlow-university,Carlow University,Accounting|Art|Art History|Biology|Business|Chemistry|Communications|Computer Science|Criminal Justice|Cybersecurity|Economics|Education|Environmental Science|Exercise Science|Graphic Design|Health Sciences|History|Human Resources|Information Technology|Management|Marketing|Mathematics|Nursing|Occupational Therapy|Philosophy|Physical Therapy|Pre-Law|Psychology|Respiratory Therapy|Social Work|Sports Management,31,https://www.carlow.edu/academics,DRY_RUN
carroll-university-wisconsin,Carroll University (Wisconsin),Biology|Business|Education|Engineering|Exercise Science|Health Sciences|Nursing|Physical Therapy|Psychology,9,https://www.carrollu.edu/academics,DRY_RUN
carson-newman-university,Carson-Newman University,Communications|Education|Information Technology|Marketing,4,https://www.cn.edu/academics,DRY_RUN
carthage-college,Carthage College,Athletic Training|Business|Education|Engineering|History|Management|Music|Nursing|Sports Management,9,https://www.carthage.edu/academics,DRY_RUN
case-western-reserve-university,Case Western Reserve University,Computer Science|Education|Engineering|Management|Mathematics|Music|Nursing|Psychology|Social Work,9,https://www.case.edu/academics,DRY_RUN
catawba-college,Catawba College,Business|Education|Exercise Science|History|Pre-Med,5,https://www.catawba.edu/academics,DRY_RUN
catholic-university,Catholic University,Architecture|Business|Education|Engineering|History|Nursing|Philosophy|Social Work|Visual Arts,9,https://www.catholic.edu/academics,DRY_RUN
centenary-college-louisiana,Centenary College (Louisiana),Art|Business|Education|History|Music|Performing Arts|Religion,7,https://www.centenary.edu/academics,DRY_RUN
centenary-university-new-jersey,Centenary University (New Jersey),Business|Communications|Education|Entrepreneurship|Finance|Human Resources|Marketing|Statistics,8,https://www.centenaryuniversity.edu/degrees,DRY_RUN
central-college-iowa,Central College (Iowa),Accounting|Art|Athletic Training|Biology|Business|Chemistry|Communications|Computer Science|Criminal Justice|Data Science|Economics|Education|Engineering|Entrepreneurship|Environmental Science|Exercise Science|Finance|History|Kinesiology|Management|Marketing|Mathematics|Music|Nursing|Occupational Therapy|Philosophy|Physical Therapy|Physics|Political Science|Psychology|Public Health|Sociology|Sports Management,33,https://www.central.edu/academics,DRY_RUN
central-connecticut-state-university,Central Connecticut State University,Chemistry|Education|History,3,https://www.ccsu.edu/academics,DRY_RUN
central-michigan-university,Central Michigan University,Education|History|Human Resources|Management,4,https://www.cmich.edu/academics,DRY_RUN
centre-college,Centre College,Education|History|Marketing,3,https://www.centre.edu/academics,DRY_RUN
chapman-university,Chapman University,Accounting|Art|Art History|Biology|Business|Chemistry|Computer Science|Data Science|Economics|Education|Engineering|Entrepreneurship|Environmental Science|Graphic Design|Health Sciences|History|Journalism|Marketing|Mathematics|Music|Performing Arts|Philosophy|Physical Therapy|Physics|Political Science|Psychology|Sociology,27,https://www.chapman.edu/academics,DRY_RUN
charleston-southern-university,Charleston Southern University,Accounting|Art|Athletic Training|Biology|Business|Chemistry|Computer Science|Criminal Justice|Cybersecurity|Education|Engineering|Entrepreneurship|Graphic Design|Health Sciences|History|Human Resources|Information Technology|Journalism|Kinesiology|Management|Marketing|Mathematics|Music|Nursing|Performing Arts|Philosophy|Physical Therapy|Physics|Political Science|Pre-Law|Psychology|Public Health|Sociology,33,https://www.charlestonsouthern.edu/academics,DRY_RUN
chatham-university,Chatham University,Business|Chemistry|Exercise Science|Health Sciences|History,5,https://www.chatham.edu/academics,DRY_RUN
christopher-newport-university,Christopher Newport University,Business|Education|Engineering|Pre-Med,4,https://www.cnu.edu/academics,DRY_RUN
claremont-mckenna-harvey-mudd-scripps-colleges,Claremont McKenna-Harvey Mudd-Scripps Colleges,Business|Economics|Education|Entrepreneurship|Finance|History|Literature|Philosophy,8,https://www.claremontmckenna.edu/academics,DRY_RUN
clarkson-university,Clarkson University,Art|Business|Chemistry|Education|Engineering|History|Human Resources|Information Technology,8,https://www.clarkson.edu/academics,DRY_RUN
clemson-university,Clemson University,Agriculture|Architecture|Art|Business|Education|Engineering|Health Sciences|Performing Arts,8,https://www.clemson.edu/academics,DRY_RUN
cleveland-community-college,Cleveland Community College,Business|Education|Health Sciences,3,https://clevelandcc.edu/academics,DRY_RUN
coastal-carolina-university,Coastal Carolina University,Agriculture|Art|Biomedical Sciences|Business|Computer Science|Cybersecurity|Education|Engineering|Finance|Health Sciences|History|Management|Music|Nursing|Physical Therapy|Political Science|Public Health|Statistics,18,https://www.coastal.edu,DRY_RUN
coe-college,Coe College,Accounting|Architecture|Art|Art History|Athletic Training|Biology|Business|Chemistry|Computer Science|Criminal Justice|Data Science|Economics|Education|Engineering|Environmental Science|Finance|Graphic Design|Health Sciences|History|Kinesiology|Management|Marketing|Mathematics|Music|Nursing|Performing Arts|Philosophy|Physical Therapy|Physics|Political Science|Pre-Law|Pre-Med|Psychology|Public Health|Religion|Sociology|Sports Management,37,https://www.coe.edu/academics,DRY_RUN
coker-university,Coker University,Accounting|Agriculture|Art|Biology|Business|Criminal Justice|Cybersecurity|Education|Entrepreneurship|Environmental Science|Exercise Science|Graphic Design|Health Sciences|History|Information Technology|Management|Marketing|Music|Nursing|Nutrition|Philosophy|Political Science|Psychology|Public Health|Sociology,25,https://www.coker.edu/programs,DRY_RUN
colby-college,Colby College,,0,,DRY_RUN
colby-sawyer-college,Colby-Sawyer College,Art|Business|Education|Health Sciences|History|Management|Nursing|Psychology,8,https://www.colby-sawyer.edu/academics,DRY_RUN
college-of-charleston,College of Charleston,History,1,https://www.cofc.edu/majors,DRY_RUN
college-of-saint-benedict,College of Saint Benedict,Education|History|Nursing,3,https://www.csbsju.edu/academics,DRY_RUN
college-of-the-holy-cross,College of the Holy Cross,Art|Education|Religion,3,https://www.holycross.edu/academics,DRY_RUN
colorado-college,Colorado College,,0,,DRY_RUN
colorado-state-university,Colorado State University,Biomedical Sciences|Business|Education|Engineering|Music|Philosophy|Public Health|Social Work,8,https://www.colostate.edu/academics,DRY_RUN
columbia-university,Columbia University,,0,,DRY_RUN
concordia-college-moorhead,"Concordia College, Moorhead",Art|Business|Education|Music|Nursing|Nutrition|Social Work,7,https://www.concordiacollege.edu/academics,DRY_RUN
concordia-university-chicago,Concordia University Chicago,Business|Education|Music|Visual Arts,4,https://www.cuchicago.edu/academics,DRY_RUN
concordia-university-texas,Concordia University Texas,Business|Communications|Computer Science|Education|Health Sciences|History|Music|Nursing|Pre-Law,9,https://www.concordia.edu/academics,DRY_RUN
concordia-university-wisconsin,Concordia University Wisconsin,Accounting|Architecture|Art|Athletic Training|Biology|Business|Chemistry|Communications|Computer Science|Data Science|Economics|Education|Engineering|Entrepreneurship|Environmental Science|Exercise Science|Finance|History|Language Arts|Management|Marketing|Mathematics|Music|Nursing|Occupational Therapy|Philosophy|Physical Therapy|Pre-Law|Psychology|Public Health|Social Work,31,https://www.cuw.edu/academics,DRY_RUN
connecticut-college,Connecticut College,Business|Education|History|Human Resources|Religion,5,https://www.conncoll.edu/academics,DRY_RUN
cornell-college,Cornell College,,0,,DRY_RUN
cornell-university,Cornell University,Agriculture|Economics|Education|Entrepreneurship|History|Management|Music,7,https://www.cornell.edu/academics,DRY_RUN
covenant-college,Covenant College,Accounting|Art|Art History|Biology|Business|Chemistry|Computer Science|Economics|Education|Engineering|Entrepreneurship|Finance|Graphic Design|History|Journalism|Literature|Management|Marketing|Mathematics|Music|Nursing|Philosophy|Physical Therapy|Physics|Political Science|Pre-Law|Pre-Med|Psychology|Social Work|Sociology,30,https://www.covenant.edu/academics,DRY_RUN
creighton-university,Creighton University,Art|Business|Communications|Education|Finance|Health Sciences|History|Management|Marketing|Nursing,10,https://www.creighton.edu/academics,DRY_RUN
curry-college,Curry College,Accounting|Business|Criminal Justice|Education|Health Sciences|Human Resources|Nursing|Religion,8,https://www.curry.edu/academics,DRY_RUN
dallas-baptist-university,Dallas Baptist University,Business|Education|History|Information Technology|Mathematics|Nursing|Pre-Law,7,https://www.dbu.edu/academics,DRY_RUN
dartmouth-college,Dartmouth College,Art|Biology|Business|Computer Science|Economics|Education|Engineering,7,https://home.dartmouth.edu/academics,DRY_RUN
davidson-college,Davidson College,Education|History|Music|Theater|Visual Arts,5,https://www.davidson.edu/academics,DRY_RUN
depaul-university,DePaul University,Business|Education|Music|Philosophy,4,https://www.depaul.edu/academics,DRY_RUN
depauw-university,DePauw University,Business|Education|History|Music|Performing Arts,5,https://www.depauw.edu/academics,DRY_RUN
desales-university,DeSales University,Education|History|Philosophy,3,https://www.desales.edu/academics,DRY_RUN
dean-college,Dean College,Business|History|Management,3,https://www.dean.edu/academics,DRY_RUN
delaware-state-university,Delaware State University,Accounting|Agriculture|Business|Communications|Criminal Justice|Education|Finance|History|Human Resources|Information Technology|Management|Marketing|Nursing|Physics|Psychology|Public Health|Religion|Social Work,18,https://www.desu.edu/academics,DRY_RUN
denison-university,Denison University,Business|Communications|Economics|Education|Engineering|Entrepreneurship|Finance|History|Journalism|Marketing|Mathematics|Nursing|Occupational Therapy|Performing Arts|Physical Therapy|Pre-Law|Pre-Med|Public Health|Statistics,19,https://www.denison.edu/academics,DRY_RUN
dickinson-college,Dickinson College,Business|Cybersecurity|Education|Finance,4,https://www.dickinson.edu/academics,DRY_RUN
dominican-university-illinois,Dominican University (Illinois),Business|Education|Health Sciences|Information Technology|Nursing|Philosophy|Social Work,7,https://www.dom.edu/academics,DRY_RUN
drew-university,Drew University,Accounting|Art|Biology|Business|Chemistry|Communications|Data Science|Economics|Education|Finance|History|Human Resources|Management|Music|Physics|Psychology|Religion|Statistics,18,https://www.drew.edu/academics,DRY_RUN
duke-university,Duke University,Art|Business|Education|Engineering|Entrepreneurship|History|Human Resources|Information Technology|Music|Nursing|Philosophy,11,https://www.duke.edu/academics,DRY_RUN
earlham-college,Earlham College,Education|Entrepreneurship|History|Human Resources|Marketing|Psychology|Religion,7,https://www.earlham.edu/academics,DRY_RUN
east-carolina-university,East Carolina University,,0,,DRY_RUN
east-tennessee-state-university,East Tennessee State University,Business|Education|Health Sciences|Management|Marketing,5,https://www.etsu.edu,DRY_RUN
east-texas-am-university,East Texas A&M University,Agriculture|Art|Biology|Business|Chemistry|Criminal Justice|Education|Engineering|Health Sciences|History|Music|Nursing|Physics|Psychology|Public Health,15,https://www.tamuc.edu/academics,DRY_RUN
east-texas-baptist-university,East Texas Baptist University,Biology|Business|Chemistry|Education|History|Human Resources|Kinesiology|Literature|Mathematics|Music|Nursing|Performing Arts|Political Science|Religion,14,https://www.etbu.edu/academics,DRY_RUN
eastern-connecticut-state-university,Eastern Connecticut State University,Accounting|Education|Management|Psychology,4,https://www.easternct.edu/academics,DRY_RUN
eastern-illinois-university,Eastern Illinois University,Art|Business|Chemistry|Computer Science|Economics|Education|History|Journalism|Kinesiology|Mathematics|Music|Nursing|Nutrition|Philosophy|Physics|Political Science|Psychology|Public Health|Religion|Sociology,20,https://www.eiu.edu/academics,DRY_RUN
eastern-kentucky-university,Eastern Kentucky University,Accounting|Agriculture|Art|Business|Chemistry|Computer Science|Education|Engineering|Finance|Health Sciences|History|Information Technology|Management|Mathematics|Music|Nursing|Occupational Therapy|Philosophy|Physics|Political Science|Psychology|Public Health|Social Work|Sociology|Statistics|Theater,26,https://www.eku.edu/academics,DRY_RUN
eastern-mennonite-university,Eastern Mennonite University,Art|Education|History|Religion,4,https://www.emu.edu/academics,DRY_RUN
eastern-michigan-university,Eastern Michigan University,Computer Science|Cybersecurity|Engineering|Nursing|Psychology,5,https://www.emich.edu,DRY_RUN
eastern-university,Eastern University,Business|Education|History,3,https://www.eastern.edu/academics,DRY_RUN
edgewood-university,Edgewood University,Art|Business|Communications|Education|Health Sciences|History|Music|Nursing,8,https://www.edgewood.edu/academics,DRY_RUN
elizabethtown-college,Elizabethtown College,Education|History|Religion,3,https://www.etown.edu/academics,DRY_RUN
elmhurst-university,Elmhurst University,Data Science|Education|History|Management|Nursing,5,https://public.elmhurst.edu/academics,DRY_RUN
elmira-college,Elmira College,Biology|Business|Education|History,4,https://www.elmira.edu/academics,DRY_RUN
elms-college,Elms College,Biology|Biomedical Sciences|Business|Chemistry|Computer Science|Criminal Justice|Education|Entrepreneurship|Literature|Management|Mathematics|Music|Nursing|Pre-Med|Psychology|Religion|Social Work,17,https://www.elms.edu/academics,DRY_RUN
elon-university,Elon University,Business|Communications|Education|Entrepreneurship|Health Sciences|Human Resources|Religion,7,https://www.elon.edu/academics,DRY_RUN
emmanuel-college-massachusetts,Emmanuel College (Massachusetts),Accounting|Art|Art History|Biology|Business|Chemistry|Computer Science|Criminal Justice|Data Science|Economics|Education|Finance|Graphic Design|Health Sciences|History|Human Resources|Management|Marketing|Mathematics|Nursing|Philosophy|Political Science|Psychology|Public Health|Social Work|Sociology|Statistics|Theater,28,https://www.emmanuel.edu/academics,DRY_RUN
emory-and-henry-university,Emory & Henry University,Accounting|Art|Biology|Business|Computer Science|Education|Environmental Science|Exercise Science|Health Sciences|History|Literature|Nursing|Occupational Therapy|Performing Arts|Physical Therapy|Psychology|Religion,17,https://www.ehc.edu/academics,DRY_RUN
emory-university,Emory University,Accounting|Architecture|Art|Art History|Biology|Biomedical Sciences|Business|Chemistry|Computer Science|Data Science|Economics|Education|Engineering|Entrepreneurship|Environmental Science|Finance|Health Sciences|History|Human Resources|Information Technology|Literature|Management|Marketing|Mathematics|Music|Nursing|Nutrition|Performing Arts|Philosophy|Physical Therapy|Physics|Political Science|Pre-Med|Psychology|Public Health|Religion|Sociology|Statistics|Theater|Visual Arts,40,https://www.emory.edu/majors,DRY_RUN
endicott-college,Endicott College,Art|Business|Education|Nursing|Performing Arts,5,https://www.endicott.edu/academics,DRY_RUN
erskine-college,Erskine College,Communications|Education|Finance|History|Information Technology|Marketing|Music|Physical Therapy|Pre-Med|Sports Medicine,10,https://www.erskine.edu/academics,DRY_RUN
eureka-college,Eureka College,Business|Cybersecurity|Education|Human Resources|Marketing|Mathematics|Performing Arts,7,https://www.eureka.edu/academics,DRY_RUN
fairfield-university,Fairfield University,Business|Education|Engineering|History|Nursing,5,https://www.fairfield.edu/academics,DRY_RUN
fairleigh-dickinson-university,Fairleigh Dickinson University,Biology|Computer Science|Criminal Justice|Education|Engineering|History|Information Technology|Nursing|Philosophy|Psychology,10,https://www.fdu.edu/academics,DRY_RUN
fairleigh-dickinson-university-florham,"Fairleigh Dickinson University, Florham",Biology|Computer Science|Criminal Justice|Education|Engineering|History|Information Technology|Nursing|Philosophy|Psychology,10,https://www.fdu.edu/academics,DRY_RUN
farmingdale-state-college,Farmingdale State College,Architecture|Art|Biology|Business|Chemistry|Communications|Criminal Justice|Economics|Education|Engineering|Health Sciences|History|Management|Mathematics|Nursing|Nutrition|Physics|Psychology|Sociology,19,https://www.farmingdale.edu/academics,DRY_RUN
ferrum-college,Ferrum College,Agriculture|Criminal Justice|Education|History|Performing Arts,5,https://www.ferrum.edu/academics,DRY_RUN
fitchburg-state-university,Fitchburg State University,Communications|Education|History|Management|Marketing,5,https://www.fitchburgstate.edu/academics,DRY_RUN
florence-darlington-technical-college,Florence-Darlington Technical College,Biology|Business|Chemistry|Education|Engineering|History|Nursing,7,https://www.fdtc.edu/academics,DRY_RUN
florida-am-university,Florida A&M University,Communications|Education|Finance|History|Information Technology,5,https://www.famu.edu/academics,DRY_RUN
florida-atlantic-university,Florida Atlantic University,Accounting|Architecture|Art|Art History|Biology|Business|Chemistry|Computer Science|Criminal Justice|Cybersecurity|Data Science|Economics|Education|Engineering|Entrepreneurship|Environmental Science|Exercise Science|Finance|Graphic Design|History|Information Technology|Journalism|Literature|Management|Marine Biology|Marketing|Mathematics|Music|Nursing|Occupational Therapy|Performing Arts|Philosophy|Physical Therapy|Physics|Political Science|Pre-Law|Psychology|Social Work|Sociology|Statistics,40,https://www.fau.edu/programs,DRY_RUN
florida-gulf-coast-university,Florida Gulf Coast University,Art|Business|Computer Science|Data Science|Education|Engineering|Entrepreneurship|Health Sciences|History|Information Technology|Management|Music|Nursing|Performing Arts|Visual Arts,15,https://www.fgcu.edu/academics,DRY_RUN
florida-international-university,Florida International University,Art|Biology|Business|Communications|Engineering|Management|Philosophy|Physics,8,https://www.fiu.edu/academics,DRY_RUN
florida-state-university,Florida State University,Biology|Business|Chemistry|Human Resources|Information Technology|Music|Philosophy|Physics|Political Science|Psychology|Sociology|Statistics,12,https://www.fsu.edu/academics,DRY_RUN
fordham-university,Fordham University,Business|Education|History|Human Resources|Information Technology|Philosophy|Religion,7,https://www.fordham.edu/academics,DRY_RUN
framingham-state-university,Framingham State University,Accounting|Art|Art History|Biology|Business|Chemistry|Computer Science|Economics|Education|Engineering|Finance|History|Information Technology|Management|Marketing|Mathematics|Nursing|Nutrition|Philosophy|Political Science|Pre-Med|Psychology|Sociology,23,https://www.framingham.edu/academics,DRY_RUN
francis-marion-university,Francis Marion University,Accounting|Art|Art History|Biology|Business|Chemistry|Communications|Computer Science|Criminal Justice|Economics|Education|Engineering|Environmental Science|Finance|Graphic Design|Health Sciences|History|Human Resources|Journalism|Management|Marketing|Mathematics|Music|Nursing|Performing Arts|Philosophy|Physical Therapy|Physics|Political Science|Pre-Law|Pre-Med|Psychology|Sociology,33,https://www.fmarion.edu/academics,DRY_RUN
franciscan-university-of-steubenville,Franciscan University of Steubenville,Accounting|Biology|Business|Chemistry|Computer Science|Criminal Justice|Cybersecurity|Economics|Education|Engineering|Entrepreneurship|Exercise Science|Finance|History|Literature|Management|Marketing|Music|Nursing|Occupational Therapy|Philosophy|Physical Therapy|Political Science|Psychology|Social Work|Sociology,26,https://www.franciscan.edu/programs,DRY_RUN
franklin-and-marshall-college,Franklin & Marshall College,Biology|Business|Computer Science|Data Science|Economics|Education|Engineering|Entrepreneurship|History|Marine Biology|Mathematics|Music|Performing Arts|Philosophy|Physics|Psychology|Theater,17,https://www.fandm.edu,DRY_RUN
franklin-college,Franklin College,Accounting|Art|Art History|Athletic Training|Biology|Business|Chemistry|Communications|Computer Science|Cybersecurity|Data Science|Economics|Education|Engineering|Exercise Science|Finance|Graphic Design|History|Journalism|Literature|Management|Marketing|Mathematics|Music|Philosophy|Physics|Political Science|Psychology|Religion|Sociology,30,https://www.franklincollege.edu/academics,DRY_RUN
fresno-state,Fresno State,Communications|Marketing,2,https://www.fresnostate.edu,DRY_RUN
gallaudet-university,Gallaudet University,Accounting|Art|Biology|Business|Chemistry|Communications|Criminal Justice|Data Science|Economics|Education|Engineering|Entrepreneurship|Finance|History|Human Resources|Information Technology|Management|Mathematics|Performing Arts|Philosophy|Psychology|Public Health|Religion|Social Work|Sociology|Theater,26,https://www.gallaudet.edu/academics,DRY_RUN
gardner-webb-university,Gardner-Webb University,Business|Communications|Education|Health Sciences|History|Nursing|Psychology,7,https://gardner-webb.edu/academics,DRY_RUN
gaston-college,Gaston College,Accounting|Business|Criminal Justice|Education|Engineering|Finance|History|Human Resources|Information Technology|Management|Nursing|Respiratory Therapy|Visual Arts,13,https://www.gaston.edu/academic-programs,DRY_RUN
geneva-college,Geneva College,Accounting|Business|Computer Science|Education|Engineering|History|Management|Mathematics|Nursing|Philosophy|Political Science|Psychology,12,https://www.geneva.edu/academics,DRY_RUN
george-fox-university,George Fox University,Education|Marketing,2,https://www.georgefox.edu/majors,DRY_RUN
george-mason-university,George Mason University,Art|Education|History,3,https://www.gmu.edu/academics,DRY_RUN
george-washington-university,George Washington University,Architecture|Biology|Business|Communications|Computer Science|Economics|Education|Engineering|Health Sciences|Management|Marketing|Nursing|Performing Arts|Political Science|Theater,15,https://www.gwu.edu/academics,DRY_RUN
georgetown-university,Georgetown University,Education|History|Marketing,3,https://www.georgetown.edu/academics,DRY_RUN
georgia-gwinnett-college,Georgia Gwinnett College,Business|Education|Health Sciences|History,4,https://www.ggc.edu/academics,DRY_RUN
georgia-southern-university,Georgia Southern University,Art|Business|Computer Science|Criminal Justice|Education|Engineering|Finance|Information Technology|Literature|Mathematics|Philosophy|Psychology|Public Health|Sociology,14,https://www.georgiasouthern.edu/academics,DRY_RUN
georgia-state-university,Georgia State University,Accounting|Art|Art History|Biomedical Sciences|Business|Communications|Criminal Justice|Data Science|Economics|Education|Finance|History|Human Resources|Information Technology|Management|Marketing|Mathematics|Nursing|Psychology|Public Health|Social Work|Sociology|Statistics,23,https://www.gsu.edu/academics,DRY_RUN
georgia-tech,Georgia Tech,Business|Communications|Education|Engineering|Entrepreneurship|Finance|Human Resources,7,https://www.gatech.edu/academics,DRY_RUN
gettysburg-college,Gettysburg College,Communications|Education|Marketing|Music,4,https://www.gettysburg.edu/academics,DRY_RUN
gonzaga-university,Gonzaga University,,0,,DRY_RUN
gordon-college,Gordon College,Art|Biology|Business|Computer Science|Education|Human Resources|Music|Psychology,8,https://www.gordon.edu/academics,DRY_RUN
grambling-state-university,Grambling State University,Accounting|Business|Chemistry|Computer Science|Criminal Justice|Cybersecurity|Education|Engineering|Finance|History|Kinesiology|Management|Marketing|Mathematics|Music|Nursing|Performing Arts|Physics|Political Science|Psychology|Social Work|Sociology,22,https://www.gram.edu/academics,DRY_RUN
grand-canyon-university,Grand Canyon University,Business|Criminal Justice|Education|Engineering|History|Nursing|Psychology,7,https://www.gcu.edu/academics,DRY_RUN
greensboro-college,Greensboro College,Accounting|Art|Biology|Business|Chemistry|Criminal Justice|Data Science|Economics|Education|Engineering|Exercise Science|Health Sciences|History|Kinesiology|Language Arts|Management|Mathematics|Music|Philosophy|Political Science|Psychology|Public Health|Religion|Sociology,24,https://www.greensboro.edu/academics,DRY_RUN
greenville-university,Greenville University,Business|Education|History,3,https://www.greenville.edu/academics,DRY_RUN
grinnell-college,Grinnell College,Art|Communications|Education|Religion,4,https://www.grinnell.edu/academics,DRY_RUN
grove-city-college,Grove City College,,0,,DRY_RUN
guilford-college,Guilford College,Business|Communications|Education|Entrepreneurship|History|Marketing,6,https://www.guilford.edu/academics,DRY_RUN
gustavus-adolphus-college,Gustavus Adolphus College,Education|History|Visual Arts,3,https://www.gustavus.edu/academics,DRY_RUN
gwynedd-mercy-university,Gwynedd Mercy University,Biology|Education|History|Religion,4,https://www.gmercyu.edu/academics,DRY_RUN
hamilton-college,Hamilton College,Art|Art History|Biology|Chemistry|Computer Science|Data Science|Economics|Education|History|Literature|Mathematics|Music|Performing Arts|Philosophy|Physics|Psychology|Sociology|Statistics,18,https://www.hamilton.edu/academics,DRY_RUN
hamline-university,Hamline University,Business|Education|History|Psychology|Religion,5,https://www.hamline.edu/academics,DRY_RUN
hampden-sydney-college,Hampden-Sydney College,Business|Education|Entrepreneurship|History|Human Resources,5,https://www.hsc.edu/academics,DRY_RUN
hanover-college,Hanover College,Accounting|Business|Education|Engineering|Health Sciences|Human Resources|Nursing|Occupational Therapy|Physical Therapy|Pre-Law|Pre-Med,11,https://www.hanover.edu/academics,DRY_RUN
hardin-simmons-university,Hardin-Simmons University,Accounting|Business|Education|Management|Physical Therapy,5,https://www.hsutx.edu/academics,DRY_RUN
harvard-university,Harvard University,Art|Business|Education|Engineering|History|Music|Philosophy|Public Health|Visual Arts,9,https://www.harvard.edu/academics,DRY_RUN
haverford-college,Haverford College,,0,,DRY_RUN
heidelberg-university,Heidelberg University,Business|Education|History|Human Resources|Information Technology|Marketing,6,https://www.heidelberg.edu/academics,DRY_RUN
hendrix-college,Hendrix College,Accounting|Art|Art History|Biology|Business|Chemistry|Computer Science|Economics|Education|Engineering|History|Journalism|Literature|Mathematics|Music|Occupational Therapy|Philosophy|Physical Therapy|Physics|Psychology|Public Health|Religion|Social Work|Sociology|Theater,25,https://www.hendrix.edu/academics,DRY_RUN
high-point-university,High Point University,Business|Education|Engineering|Entrepreneurship|Health Sciences|History|Information Technology|Nursing|Visual Arts,9,https://www.highpoint.edu/academics,DRY_RUN
hilbert-college,Hilbert College,Accounting|Biology|Business|Criminal Justice|Cybersecurity|Education|Finance|Graphic Design|Journalism|Literature|Management|Marketing|Political Science|Pre-Law|Pre-Med|Psychology|Theater,17,https://www.hilbert.edu/programs,DRY_RUN
hiram-college,Hiram College,Accounting|Art|Biology|Business|Chemistry|Computer Science|Criminal Justice|Education|Exercise Science|History|Human Resources|Management|Marketing|Nursing|Physics|Political Science|Psychology|Public Health|Sociology|Statistics,20,https://www.hiram.edu/academics,DRY_RUN
hood-college,Hood College,Accounting|Art|Art History|Biology|Business|Chemistry|Computer Science|Criminal Justice|Cybersecurity|Data Science|Economics|Education|Environmental Science|Finance|Graphic Design|Health Sciences|History|Human Resources|Information Technology|Journalism|Literature|Management|Marketing|Mathematics|Music|Nursing|Philosophy|Physics|Political Science|Psychology|Public Health|Religion|Social Work|Sociology,34,https://www.hood.edu/majors,DRY_RUN
hope-college,Hope College,Accounting|Art|Art History|Biology|Business|Chemistry|Computer Science|Criminal Justice|Economics|Education|Engineering|Environmental Science|Exercise Science|Finance|History|Human Resources|Kinesiology|Mathematics|Music|Nursing|Performing Arts|Philosophy|Physics|Political Science|Pre-Law|Psychology|Religion|Social Work|Sociology|Statistics,30,https://www.hope.edu/academics,DRY_RUN
houghton-university,Houghton University,Accounting|Architecture|Art|Art History|Athletic Training|Biology|Biomedical Sciences|Business|Chemistry|Communications|Computer Science|Criminal Justice|Cybersecurity|Data Science|Economics|Education|Engineering|Environmental Science|Exercise Science|Finance|Graphic Design|History|Human Resources|Information Technology|Journalism|Kinesiology|Literature|Management|Marketing|Mathematics|Music|Nursing|Nutrition|Occupational Therapy|Philosophy|Physical Therapy|Physics|Political Science|Pre-Law|Pre-Med|Pre-Vet|Psychology|Social Work|Sports Management|Sports Medicine|Statistics,46,https://www.houghton.edu/majors,DRY_RUN
houston-christian-university,Houston Christian University,Education|Philosophy|Religion,3,https://www.hcu.edu/degrees,DRY_RUN
howard-payne-university,Howard Payne University,Business|Education|Management|Mathematics|Music|Nursing|Religion,7,https://www.hputx.edu/academics,DRY_RUN
huntingdon-college,Huntingdon College,Accounting|Athletic Training|Business|Criminal Justice|Education|History|Literature|Management|Mathematics|Psychology|Religion,11,https://www.huntingdon.edu/academics,DRY_RUN
husson-university,Husson University,Business|Communications|Criminal Justice|Education|Marketing|Statistics,6,https://www.husson.edu/academics,DRY_RUN
illinois-college,Illinois College,Business|Education|History,3,https://www.ic.edu/academics,DRY_RUN
illinois-institute-of-technology,Illinois Institute of Technology,Art|Education|Engineering|Entrepreneurship|History,5,https://www.iit.edu/programs,DRY_RUN
illinois-state-university,Illinois State University,Agriculture|Business|Economics|Education|Engineering|Mathematics|Nursing|Physical Therapy,8,https://illinoisstate.edu/academics,DRY_RUN
illinois-wesleyan-university,Illinois Wesleyan University,Accounting|Art|Art History|Biology|Business|Chemistry|Computer Science|Data Science|Economics|Education|Engineering|Entrepreneurship|Exercise Science|Finance|Graphic Design|History|Journalism|Kinesiology|Language Arts|Literature|Management|Marketing|Mathematics|Music|Nursing|Nutrition|Occupational Therapy|Philosophy|Physical Therapy|Physics|Political Science|Pre-Law|Psychology|Public Health|Sociology|Sports Management|Statistics,37,https://www.iwu.edu/majors,DRY_RUN
immaculata-university,Immaculata University,Biology|Education|History,3,https://www.immaculata.edu/academics,DRY_RUN
indiana-state-university,Indiana State University,Business|Engineering|Music|Philosophy,4,https://www.indstate.edu/academics,DRY_RUN
indiana-university,Indiana University,Business|Education|Management,3,https://www.iu.edu/academics,DRY_RUN
iowa-state-university,Iowa State University,Agriculture|Business|Engineering|Entrepreneurship|History|Pre-Law|Pre-Med,7,https://www.iastate.edu/academics,DRY_RUN
ithaca-college,Ithaca College,Business|Communications|Health Sciences|Music|Performing Arts,5,https://www.ithaca.edu/academics,DRY_RUN
jackson-state-university,Jackson State University,Business|Education|Engineering|Health Sciences|History|Management,6,https://www.jsums.edu/academics,DRY_RUN
jacksonville-state-university,Jacksonville State University,Business|Education|Entrepreneurship|History|Kinesiology|Music|Nursing|Performing Arts|Respiratory Therapy,9,https://www.jsu.edu,DRY_RUN
jacksonville-university,Jacksonville University,Chemistry|Education|History,3,https://www.ju.edu/academics,DRY_RUN
james-madison-university,James Madison University,Art|Business|Communications|Education|Engineering|Mathematics|Music|Performing Arts,8,https://www.jmu.edu/academics,DRY_RUN
john-carroll-university,John Carroll University,Business|Education|History,3,https://www.jcu.edu/academics,DRY_RUN
john-jay-college-of-criminal-justice,John Jay College of Criminal Justice,Art|Business|Communications|Computer Science|Criminal Justice|Cybersecurity|Economics|Education|Finance|History|Literature|Management|Marketing|Mathematics|Music|Philosophy|Political Science|Pre-Law|Psychology|Sociology,20,https://www.jjay.cuny.edu/academics,DRY_RUN
johns-hopkins-university,Johns Hopkins University,,0,,DRY_RUN
johnson-and-wales-university-providence,Johnson & Wales University (Providence),,0,,DRY_RUN
johnson-and-wales-university-charlotte,Johnson & Wales University Charlotte,,0,,DRY_RUN
juniata-college,Juniata College,,0,,DRY_RUN
kalamazoo-college,Kalamazoo College,Art|Art History|Biology|Business|Chemistry|Computer Science|Economics|Education|Engineering|History|Literature|Mathematics|Music|Philosophy|Physics|Political Science|Pre-Law|Psychology|Public Health|Religion|Sociology,21,https://www.kzoo.edu/academics,DRY_RUN
kansas-state-university,Kansas State University,Agriculture|Architecture|Art|Business|Computer Science|Education|Engineering|Information Technology|Marketing|Mathematics|Performing Arts,11,https://www.k-state.edu/majors,DRY_RUN
kean-university,Kean University,Architecture|Art|Biology|Business|Chemistry|Criminal Justice|Education|History|Management|Mathematics|Psychology,11,https://www.kean.edu/academics,DRY_RUN
keene-state-college,Keene State College,Accounting|Architecture|Art|Biology|Business|Chemistry|Computer Science|Criminal Justice|Cybersecurity|Education|Exercise Science|Finance|Health Sciences|History|Journalism|Management|Mathematics|Music|Nursing|Philosophy|Psychology|Sociology,22,https://www.keene.edu/academics,DRY_RUN
kennesaw-state-university,Kennesaw State University,Accounting|Architecture|Art|Biology|Business|Chemistry|Communications|Computer Science|Criminal Justice|Cybersecurity|Education|Engineering|Exercise Science|Finance|Information Technology|Management|Marketing|Mathematics|Music|Nursing|Psychology|Social Work,22,https://www.kennesaw.edu/academics,DRY_RUN
kent-state-university,Kent State University,Business|Cybersecurity|Education|Engineering|Environmental Science|History|Human Resources|Mathematics,8,https://www.kent.edu/academics,DRY_RUN
kenyon-college,Kenyon College,Art|Biology|Economics|Education|History|Literature|Political Science|Sociology,8,https://www.kenyon.edu/academics,DRY_RUN
keuka-college,Keuka College,Accounting|Art|Biology|Business|Chemistry|Computer Science|Criminal Justice|Education|Environmental Science|Finance|Graphic Design|Health Sciences|History|Human Resources|Information Technology|Management|Marketing|Mathematics|Nursing|Occupational Therapy|Political Science|Pre-Law|Psychology|Social Work|Sports Management,25,https://www.keuka.edu/academics,DRY_RUN
keystone-college,Keystone College,Business|Education|History|Physical Therapy,4,https://www.keystone.edu/academics,DRY_RUN
king-s-college-pennsylvania,King's College (Pennsylvania),Business|Education|Engineering|Health Sciences|History,5,https://www.kings.edu/academics,DRY_RUN
knox-college,Knox College,Art|Education|History|Mathematics,4,https://www.knox.edu/academics,DRY_RUN
liu,LIU,Business|Education|History|Human Resources|Information Technology|Religion,6,https://www.liu.edu/academics,DRY_RUN
la-roche-university,La Roche University,Accounting|Architecture|Athletic Training|Biology|Chemistry|Computer Science|Criminal Justice|Cybersecurity|Education|Finance|Graphic Design|Health Sciences|History|Human Resources|Information Technology|Literature|Management|Marketing|Mathematics|Nursing|Physics|Political Science|Pre-Law|Psychology|Sociology|Visual Arts,26,https://www.laroche.edu,DRY_RUN