collegeId,collegeName,slug,city,state,legacyDivision,canonicalDivision,legacyConference,canonicalConference,baseballWebsiteUrl,importedCoachCount
cmou8cth500niqtloqxbbcs7q,Abilene Christian University,abilene-christian-university,Abilene,TX,,NCAA_D1,,WAC,https://acusports.com/sports/baseball,1
cmou7y6lb00i0qtoctz1o5gup,Air Force Academy,air-force-academy,Colorado Springs,CO,,NCAA_D1,,Mountain West,https://goairforcefalcons.com/sports/baseball,4
cmou8bk4r00miqtuwipz7ujxn,Alabama A&M University,alabama-am-university,Huntsville,AL,,NCAA_D1,,SWAC,https://aamusports.com/sports/baseball,2
cmou8bk6700mlqtuw9jg9v0hr,Alabama State University,alabama-state-university,Montgomery,AL,,NCAA_D1,,SWAC,https://bamastatesports.com/sports/baseball,3
cmou8bk7r00moqtuw877oh8ym,Alcorn State University,alcorn-state-university,Lorman,MS,,NCAA_D1,,SWAC,https://alcornsports.com/sports/baseball,2
cmorirv6d0013qtm0857czvw2,Appalachian State University,appalachian-state-university,Boone,NC,,NCAA_D1,,Sun Belt,https://appstatesports.com/sports/baseball,4
cmosumzx30049qtlgomg2y8hl,Arizona,arizona,Tucson,AZ,,NCAA_D1,,,https://arizonawildcats.com/sports/baseball,4
cmosumzyf004cqtlgurkdv8j2,Arizona State University,arizona-state-university,Tempe,AZ,,NCAA_D1,,,https://thesundevils.com/sports/baseball,4
cmou3bz6n005oqtvovcdaj57a,Arkansas State University,arkansas-state-university,Jonesboro,AR,,NCAA_D1,,Sun Belt,https://astateredwolves.com/sports/baseball,4
cmou853t900kfqtiwom7baojh,Army West Point,army-west-point,West Point,NY,,NCAA_D1,,Patriot League,https://goarmywestpoint.com/sports/baseball,4
cmosp9qds001iqtyg1wl3lj4x,Auburn University,auburn-university,Auburn,AL,,NCAA_D1,,SEC,https://auburntigers.com/sports/baseball,4
cmou6925b009cqt1gkx1kghnj,Austin Peay State University,austin-peay-state-university,Clarksville,TN,,NCAA_D1,,,https://letsgopeay.com/sports/baseball,3
cmosun015004iqtlg3arpxgbi,BYU,byu,Provo,UT,,NCAA_D1,,,https://byucougars.com/sports/baseball,4
cmou7skej00frqtagr0af6s2l,Ball State University,ball-state-university,Muncie,IN,,NCAA_D1,,MAC,https://ballstatesports.com/sports/baseball,4
cmosumzzu004fqtlg454szeg8,Baylor University,baylor-university,Waco,TX,,NCAA_D1,,,https://baylorbears.com/sports/baseball,4
cmou6926p009fqt1gv6h5xaxk,Bellarmine University,bellarmine-university,Louisville,KY,,NCAA_D1,,,https://athletics.bellarmine.edu/sports/baseball,4
cmou7wkoo00hxqt5s9a60o3y4,Belmont University,belmont-university,Nashville,TN,,NCAA_D1,,Missouri Valley,https://belmontbruins.com/sports/baseball,4
cmou8bk9700mrqtuwxcss2rbf,Bethune-Cookman University,bethune-cookman-university,Daytona Beach,FL,,NCAA_D1,,SWAC,https://bcuathletics.com/sports/baseball,4
cmosownei0000qtuolkw0dovw,Boston College,boston-college,Chestnut Hill,MA,,NCAA_D1,,,https://bceagles.com/sports/baseball,3
cmou7skg500fuqtagtydmsfwo,Bowling Green State University,bowling-green-state-university,Bowling Green,OH,,NCAA_D1,,MAC,https://bgsufalcons.com/sports/baseball,4
cmou7wk9s00h3qt5skvjnlqhv,Bradley University,bradley-university,Peoria,IL,,NCAA_D1,,Missouri Valley,https://bradleybraves.com/sports/baseball,3
cmou7ekn200e3qtx8xqee53qh,Brown University,brown-university,Providence,RI,,NCAA_D1,,Ivy League,https://brownbears.com/sports/baseball,4
cmou853uk00kiqtiwr4lsp4p6,Bucknell University,bucknell-university,Lewisburg,PA,,NCAA_D1,,Patriot League,https://bucknellbison.com/sports/baseball,4
cmou6b9zt00a9qticvdpbknf5,Butler University,butler-university,Indianapolis,IN,,NCAA_D1,,Big East,https://butlersports.com/sports/baseball,0
cmou8ctii00nlqtlojaynels8,California Baptist University,california-baptist-university,Riverside,CA,,NCAA_D1,,WAC,https://cbulancers.com/sports/baseball,4
cmorirv530010qtm0xxcup0nz,Campbell University,campbell-university,Buies Creek,NC,,NCAA_D1,,,https://gocamels.com/sports/baseball,4
cmou7g4yd00erqtkwsinl2cv7,Canisius University,canisius-university,Buffalo,NY,,NCAA_D1,,MAAC,https://gogriffs.com/sports/baseball,4
cmou7zw9900j0qt18f8v0lvet,Central Connecticut State University,central-connecticut-state-university,New Britain,CT,,NCAA_D1,,Northeast Conference,https://ccsubluedevils.com/sports/bsb,0
cmou7skhl00fxqtagpa6mymfq,Central Michigan University,central-michigan-university,Mount Pleasant,MI,,NCAA_D1,,MAC,https://cmuchippewas.com/sports/baseball,4
cmou6tv0000b6qti0uw8kd0th,Charleston Southern University,charleston-southern-university,Charleston,SC,,NCAA_D1,,,https://csusports.com/sports/baseball,4
cmorihuy70003qth8lteegu87,Clemson University,clemson-university,Clemson,SC,,NCAA_D1,,,https://clemsontigers.com/sports/baseball,4
cmou3bz97005rqtvofgt7p17h,Coastal Carolina University,coastal-carolina-university,Conway,SC,,NCAA_D1,,Sun Belt,https://goccusports.com/sports/baseball,4
cmorihv0l0006qth8tj4axfti,College of Charleston,college-of-charleston,Charleston,SC,,NCAA_D1,,,https://cofcsports.com/sports/baseball,4
cmou853vy00klqtiwxsprvd34,College of the Holy Cross,college-of-the-holy-cross,Worcester,MA,,NCAA_D1,,Patriot League,https://goholycross.com/sports/baseball,4
cmou7ekoe00e6qtx8h6vtazjr,Columbia University,columbia-university,New York,NY,,NCAA_D1,,Ivy League,https://gocolumbialions.com/sports/baseball,3
cmou7ekpr00e9qtx8i7bf3vt3,Cornell University,cornell-university,Ithaca,NY,,NCAA_D1,,Ivy League,https://cornellbigred.com/sports/baseball,3
cmou6ba2k00afqticpp034jhc,Creighton University,creighton-university,Omaha,NE,,NCAA_D1,,,https://gocreighton.com/sports/baseball,4
cmou3xrou007fqt5sv5iwwby9,Dallas Baptist University,dallas-baptist-university,Dallas,TX,,NCAA_D1,,Conference USA,https://dbupatriots.com/sports/baseball,0
cmou7ekr400ecqtx87gfarbw6,Dartmouth College,dartmouth-college,Hanover,NH,,NCAA_D1,,Ivy League,https://dartmouthsports.com/sports/baseball,4
cmou65q5g008fqt1ovrpzk161,Davidson College,davidson-college,Davidson,NC,,NCAA_D1,,,https://davidsonwildcats.com/sports/baseball,4
cmou7v13900goqtfg05v8bfsa,Delaware State University,delaware-state-university,Dover,DE,,NCAA_D1,,MEAC,https://dsuhornets.com/sports/baseball,1
cmoriruy1000lqtm0hg80trqj,Duke University,duke-university,Durham,NC,,NCAA_D1,,,https://goduke.com/sports/baseball,5
cmoriruzd000oqtm0np271cox,East Carolina University,east-carolina-university,Greenville,NC,,NCAA_D1,,,https://ecupirates.com/sports/baseball,3
cmorirvhn001oqtm0h339uelq,East Tennessee State University,east-tennessee-state-university,Johnson City,TN,,NCAA_D1,,SoCon,https://etsubucs.com/sports/baseball,3
cmou8250s00joqtfonibp33ex,Eastern Illinois University,eastern-illinois-university,Charleston,IL,,NCAA_D1,,Ohio Valley,https://eiupanthers.com/sports/baseball,4
cmou6929i009lqt1gqrj949vt,Eastern Kentucky University,eastern-kentucky-university,Richmond,KY,,NCAA_D1,,,https://ekusports.com/sports/baseball,4
cmou7skj100g0qtagj06bdvsw,Eastern Michigan University,eastern-michigan-university,Ypsilanti,MI,,NCAA_D1,,MAC,https://emueagles.com/sports/baseball,5
cmou72rdk00c3qtt8y45siwr2,Elon University,elon-university,Elon,NC,,NCAA_D1,,,https://elonphoenix.com/sports/baseball,4
cmou7g4zq00euqtkwd42cysuy,Fairfield University,fairfield-university,Fairfield,CT,,NCAA_D1,,MAAC,https://fairfieldstags.com/sports/baseball,3
cmou7zwas00j3qt182wcerpdp,Fairleigh Dickinson University,fairleigh-dickinson-university,Teaneck,NJ,,NCAA_D1,,Northeast Conference,https://fduknights.com/sports/baseball,4
cmou8bkba00muqtuwai4k6w4f,Florida A&M University,florida-am-university,Tallahassee,FL,,NCAA_D1,,SWAC,https://famuathletics.com/sports/baseball,5
cmou57eah007rqtdw819u1kd8,Florida Atlantic University,florida-atlantic-university,Boca Raton,FL,,NCAA_D1,,,https://fausports.com/sports/baseball,4
cmou692az009oqt1gwyz2tbx3,Florida Gulf Coast University,florida-gulf-coast-university,Fort Myers,FL,,NCAA_D1,,,https://fgcuathletics.com/sports/baseball,4
cmou74g3m00cuqtboxefftaxz,Florida International University,florida-international-university,Miami,FL,,NCAA_D1,,Conference USA,https://fiusports.com/sports/baseball,3
cmosownp0000cqtuo7ukk8301,Florida State University,florida-state-university,Tallahassee,FL,,NCAA_D1,,,https://seminoles.com/sports/baseball,4
cmou65q8l008lqt1ozzkwkjhm,Fordham University,fordham-university,Bronx,NY,,NCAA_D1,,,https://fordhamsports.com/sports/baseball,3
cmou3xrg1006uqt5s90fq7wbv,Fresno State,fresno-state,Fresno,CA,,NCAA_D1,,Pac-12,https://gobulldogs.com/sports/baseball,4
cmou6tv1f00b9qti056wd26tx,Gardner-Webb University,gardner-webb-university,Boiling Springs,NC,,NCAA_D1,,,https://gwusports.com/sports/baseball,4
cmou65q9z008oqt1ow67o9q0x,George Mason University,george-mason-university,Fairfax,VA,,NCAA_D1,,,https://gomason.com/sports/baseball,4
cmou65qbg008rqt1omiz03mq1,George Washington University,george-washington-university,Washington,DC,,NCAA_D1,,,https://gwsports.com/sports/baseball,3
cmou6ba5c00alqticm9m1ucs0,Georgetown University,georgetown-university,Washington,DC,,NCAA_D1,,,https://guhoyas.com/sports/baseball,3
cmou3bzar005uqtvotuqjjtpj,Georgia Southern University,georgia-southern-university,Statesboro,GA,,NCAA_D1,,Sun Belt,https://gseagles.com/sports/baseball,4
cmou3bzc7005xqtvobxbfhhf1,Georgia State University,georgia-state-university,Atlanta,GA,,NCAA_D1,,Sun Belt,https://georgiastatesports.com/sports/baseball,4
cmorirv940019qtm0y88vy537,Georgia Tech,georgia-tech,Atlanta,GA,,NCAA_D1,,,https://ramblinwreck.com/sports/m-basebl,4
cmou3xrhd006xqt5sy8mx7xfp,Gonzaga University,gonzaga-university,Spokane,WA,,NCAA_D1,,West Coast Conference,https://gozags.com/sports/baseball,4
cmou8bkcv00mxqtuw4jh5usi0,Grambling State University,grambling-state-university,Grambling,LA,,NCAA_D1,,SWAC,https://gsutigers.com/sports/baseball,4
cmou8ctjw00noqtloejv6g4yk,Grand Canyon University,grand-canyon-university,Phoenix,AZ,,NCAA_D1,,WAC,https://gculopes.com/sports/baseball,3
cmou7eksh00efqtx82hcfwyn5,Harvard University,harvard-university,Cambridge,MA,,NCAA_D1,,Ivy League,https://gocrimson.com/sports/baseball,4
cmorirv3o000xqtm0dw9r5xuo,High Point University,high-point-university,High Point,NC,,NCAA_D1,,,https://highpointpanthers.com/sports/baseball,4
cmou87s2600loqt8ogi952e7u,Houston Christian University,houston-christian-university,Houston,TX,,NCAA_D1,,Southland,https://hcuhuskies.com/sports/baseball,4
cmou7wke000hcqt5sqqhjpdb9,Illinois State University,illinois-state-university,Normal,IL,,NCAA_D1,,Missouri Valley,https://goredbirds.com/sports/baseball,4
cmou7wkff00hfqt5sve6yzh1q,Indiana State University,indiana-state-university,Terre Haute,IN,,NCAA_D1,,Missouri Valley,https://gosycamores.com/sports/baseball,4
cmoss3ude002rqtaoztf1hdin,Indiana University,indiana-university,Bloomington,IN,,NCAA_D1,,,https://iuhoosiers.com/sports/baseball,4
cmou8bked00n0qtuwpp2lpp75,Jackson State University,jackson-state-university,Jackson,MS,,NCAA_D1,,SWAC,https://gojsutigers.com/sports/baseball,4
cmou74g4y00cxqtbo8mt66c5s,Jacksonville State University,jacksonville-state-university,Jacksonville,AL,,NCAA_D1,,Conference USA,https://jsugamecocksports.com/sports/baseball,4
cmou692c9009rqt1gyfzu2me9,Jacksonville University,jacksonville-university,Jacksonville,FL,,NCAA_D1,,,https://judolphins.com/sports/baseball,4
cmorirvnh0020qtm0zmpqk8ha,James Madison University,james-madison-university,Harrisonburg,VA,,NCAA_D1,,Sun Belt,https://jmusports.com/sports/baseball,4
cmosun069004uqtlgldcwzyyz,Kansas State University,kansas-state-university,Manhattan,KS,,NCAA_D1,,,https://www.kstatesports.com/sports/baseball,4
cmorirvat001cqtm0g8f0pvoh,Kennesaw State University,kennesaw-state-university,Kennesaw,GA,,NCAA_D1,,Conference USA,https://ksuowls.com/sports/baseball,4
cmou7skkk00g3qtagy6vhez1y,Kent State University,kent-state-university,Kent,OH,,NCAA_D1,,MAC,https://kentstatesports.com/sports/baseball,4
cmou7zwdt00j9qt182aa9w7js,LIU,liu,Brookville,NY,,NCAA_D1,,Northeast Conference,https://www.liuathletics.com/sports/baseball,0
cmou853xc00koqtiw191jfymh,Lafayette College,lafayette-college,Easton,PA,,NCAA_D1,,Patriot League,https://goleopards.com/sports/baseball,4
cmou87s5i00luqt8onj1dfzgw,Lamar University,lamar-university,Beaumont,TX,,NCAA_D1,,Southland,https://lamarcardinals.com/sports/baseball,4
cmou7zwca00j6qt18z0kal3jh,Le Moyne College,le-moyne-college,Syracuse,NY,,NCAA_D1,,Northeast Conference,https://lemoynedolphins.com/sports/baseball,0
cmou853yn00krqtiwxft9rpx6,Lehigh University,lehigh-university,Bethlehem,PA,,NCAA_D1,,Patriot League,https://lehighsports.com/sports/baseball,3
cmorirvly001xqtm0tzybydoz,Liberty University,liberty-university,Lynchburg,VA,,NCAA_D1,,Conference USA,https://libertyflames.com/sports/baseball,4
cmou6tv4900bfqti0dl5zm88o,Longwood University,longwood-university,Farmville,VA,,NCAA_D1,,,https://longwoodlancers.com/sports/baseball,3
cmosp9qiy001uqtygr9z70e4d,Louisiana State University,louisiana-state-university,Baton Rouge,LA,,NCAA_D1,,SEC,https://lsusports.net/sports/bsb/,4
cmou74g9400d6qtbozjfls2vs,Louisiana Tech University,louisiana-tech-university,Ruston,LA,,NCAA_D1,,Conference USA,https://latechsports.com/sports/baseball,4
cmou8ea7q00ofqt6st8tp4yo9,Loyola Marymount University,loyola-marymount-university,Los Angeles,CA,,NCAA_D1,,West Coast Conference,https://lmulions.com/sports/baseball,4
cmou7g51200exqtkwf7kuasw3,Manhattan University,manhattan-university,Bronx,NY,,NCAA_D1,,MAAC,https://gojaspers.com/sports/baseball,3
cmou7g52f00f0qtkwt9df4qnj,Marist University,marist-university,Poughkeepsie,NY,,NCAA_D1,,MAAC,https://goredfoxes.com/sports/baseball,2
cmou3bzgk0066qtvox0ta1p15,Marshall University,marshall-university,Huntington,WV,,NCAA_D1,,Sun Belt,https://herdzone.com/sports/baseball,4
cmou87s7p00lxqt8o8ol0m0nw,McNeese State University,mcneese-state-university,Lake Charles,LA,,NCAA_D1,,Southland,https://mcneesesports.com/sports/baseball,1
cmorirvda001fqtm0bda9w5vn,Mercer University,mercer-university,Macon,GA,,NCAA_D1,,SoCon,https://mercerbears.com/sports/baseball,4
cmou7zwf900jcqt18wr5yrl6b,Merrimack College,merrimack-college,North Andover,MA,,NCAA_D1,,Northeast Conference,https://merrimackathletics.com/sports/baseball,4
cmou7sknj00g9qtagx86tk6jp,Miami University,miami-university,Oxford,OH,,NCAA_D1,,MAC,https://miamiredhawks.com/sports/baseball,2
cmoss3uj00033qtao6edcy6t4,Michigan State University,michigan-state-university,East Lansing,MI,,NCAA_D1,,,https://msuspartans.com/sports/baseball,4
cmou74gai00d9qtbom8p5uos8,Middle Tennessee State University,middle-tennessee-state-university,Murfreesboro,TN,,NCAA_D1,,Conference USA,https://goblueraiders.com/sports/baseball,3
cmosp9qlj0020qtygmlse1hvz,Mississippi State University,mississippi-state-university,Starkville,MS,,NCAA_D1,,SEC,https://hailstate.com/sports/baseball,0
cmou8bkft00n3qtuwhngsikpf,Mississippi Valley State University,mississippi-valley-state-university,Itta Bena,MS,,NCAA_D1,,SWAC,https://mvsusports.com/sports/baseball,4
cmou7wkgw00hiqt5sseedt2ma,Missouri State University,missouri-state-university,Springfield,MO,,NCAA_D1,,Missouri Valley,https://missouristatebears.com/sports/baseball,5
cmou72rez00c6qtt8vg07t3mb,Monmouth University,monmouth-university,West Long Branch,NJ,,NCAA_D1,,,https://monmouthhawks.com/sports/baseball,3
cmou8254z00jxqtfojfw5nai9,Morehead State University,morehead-state-university,Morehead,KY,,NCAA_D1,,Ohio Valley,https://msueagles.com/sports/baseball,3
cmou7g53u00f3qtkwb9q8949c,Mount St. Mary's University,mount-st-marys-university,Emmitsburg,MD,,NCAA_D1,,MAAC,https://mountathletics.com/sports/baseball,4
cmou7wkih00hlqt5s33909h6i,Murray State University,murray-state-university,Murray,KY,,NCAA_D1,,Ohio Valley,https://goracers.com/sports/baseball,4
cmou8540400kuqtiws5720no0,Naval Academy,naval-academy,Annapolis,MD,,NCAA_D1,,Patriot League,https://navysports.com/sports/baseball,4
cmou74gbw00dcqtbol3sfoqsv,New Mexico State University,new-mexico-state-university,Las Cruces,NM,,NCAA_D1,,Conference USA,https://nmstatesports.com/sports/baseball,4
cmou7g55900f6qtkwnbzbwha4,Niagara University,niagara-university,Niagara University,NY,,NCAA_D1,,MAAC,https://purpleeagles.com/sports/baseball,2
cmou87sao00m3qt8o9ltpx7xj,Nicholls State University,nicholls-state-university,Thibodaux,LA,,NCAA_D1,,Southland,https://geauxcolonels.com/sports/baseball,4
cmou7v16500guqtfgg29wl5pq,Norfolk State University,norfolk-state-university,Norfolk,VA,,NCAA_D1,,MEAC,https://nsuspartans.com/sports/baseball,4
cmou72rgb00c9qtt82x6a8jc6,North Carolina A&T State University,north-carolina-at-state-university,Greensboro,NC,,NCAA_D1,,,https://ncataggies.com/sports/baseball,4
cmoriruwm000iqtm02t4sd889,North Carolina State University,north-carolina-state-university,Raleigh,NC,,NCAA_D1,,,https://gopack.com/sports/baseball,4
cmou72rhq00ccqtt8mnchz644,Northeastern University,northeastern-university,Boston,MA,,NCAA_D1,,CAA,https://nuhuskies.com/sports/baseball,4
cmou7skp000gcqtag9gme0a5g,Northern Illinois University,northern-illinois-university,DeKalb,IL,,NCAA_D1,,MAC,https://niuhuskies.com/sports/baseball,3
cmou7aqmx00duqt44ki7648cp,Northern Kentucky University,northern-kentucky-university,Highland Heights,KY,,NCAA_D1,,Horizon League,https://nkunorse.com/sports/baseball,4
cmou87sc400m6qt8og6qwpy7g,Northwestern State University,northwestern-state-university,Natchitoches,LA,,NCAA_D1,,Southland,https://nsudemons.com/sports/baseball,4
cmoss3un1003cqtao6c08qtft,Northwestern University,northwestern-university,Evanston,IL,,NCAA_D1,,,https://nusports.com/sports/baseball,4
cmou7aqq300e0qt44815c4i48,Oakland University,oakland-university,Rochester,MI,,NCAA_D1,,Horizon League,https://goldengrizzlies.com/sports/baseball,4
cmoss3uob003fqtaoxl8favwc,Ohio State University,ohio-state-university,Columbus,OH,,NCAA_D1,,,https://ohiostatebuckeyes.com/sports/baseball,4
cmou7skqk00gfqtagxrcr2y5r,Ohio University,ohio-university,Athens,OH,,NCAA_D1,,MAC,https://ohiobobcats.com/sports/baseball,4
cmosun07l004xqtlgmfv1xuiu,Oklahoma State University,oklahoma-state-university,Stillwater,OK,,NCAA_D1,,,https://okstate.com/sports/baseball,4
cmou3bzi30069qtvo7egz1i63,Old Dominion University,old-dominion-university,Norfolk,VA,,NCAA_D1,,Sun Belt,https://odusports.com/sports/baseball,4
cmou3xril0070qt5slpmm4icd,Oregon State University,oregon-state-university,Corvallis,OR,,NCAA_D1,,Pac-12,https://osubeavers.com/sports/baseball,4
cmoss3upz003iqtao5i62w3ay,Penn State University,penn-state-university,University Park,PA,,NCAA_D1,,,https://gopsusports.com/sports/baseball,4
cmou8ea9700oiqt6sl6kxo6py,Pepperdine University,pepperdine-university,Malibu,CA,,NCAA_D1,,West Coast Conference,https://pepperdinewaves.com/sports/baseball,3
cmou8bkh800n6qtuwr2b80tng,Prairie View A&M University,prairie-view-am-university,Prairie View,TX,,NCAA_D1,,SWAC,https://pvpanthers.com/sports/baseball,5
cmou6tv5p00biqti096g6a7i8,Presbyterian College,presbyterian-college,Clinton,SC,,NCAA_D1,,,https://gobluehose.com/sports/baseball,4
cmou7ekvb00elqtx8wqvell5p,Princeton University,princeton-university,Princeton,NJ,,NCAA_D1,,Ivy League,https://goprincetontigers.com/sports/baseball,4
cmoss3ura003lqtaodex5xyz9,Purdue University,purdue-university,West Lafayette,IN,,NCAA_D1,,,https://purduesports.com/sports/baseball,4
cmorj0gtv002lqtio6lhkp2sn,Queens University of Charlotte,queens-university-of-charlotte,Charlotte,NC,,NCAA_D1,,,https://queensathletics.com/sports/baseball,3
cmou7g56n00f9qtkw20et5as4,Quinnipiac University,quinnipiac-university,Hamden,CT,,NCAA_D1,,MAAC,https://gobobcats.com/sports/baseball,3
cmou6tv7100blqti0ro2wk1tg,Radford University,radford-university,Radford,VA,,NCAA_D1,,Big South,https://radfordathletics.com/sports/baseball,2
cmou57edu007xqtdwf0oux6v3,Rice University,rice-university,Houston,TX,,NCAA_D1,,,https://riceowls.com/sports/baseball,4
cmou7g58200fcqtkwlr36bze7,Rider University,rider-university,Lawrenceville,NJ,,NCAA_D1,,MAAC,https://gobroncs.com/sports/baseball,3
cmoss3usl003oqtaorrzcvm28,Rutgers University,rutgers-university,New Brunswick,NJ,,NCAA_D1,,,https://scarletknights.com/sports/baseball,4
cmou7g59h00ffqtkwxjhhqadq,Sacred Heart University,sacred-heart-university,Fairfield,CT,,NCAA_D1,,MAAC,https://sacredheartpioneers.com/sports/baseball,4
cmou65qh80093qt1oh6psc6h9,Saint Joseph's University,saint-josephs-university,Philadelphia,PA,,NCAA_D1,,,https://sjuhawks.com/sports/baseball,4
cmou65qio0096qt1o4osfjy36,Saint Louis University,saint-louis-university,St. Louis,MO,,NCAA_D1,,,https://slubillikens.com/sports/baseball,4
cmou8eabz00ooqt6s0y8qips5,Saint Mary's College of California,saint-marys-college-of-california,Moraga,CA,,NCAA_D1,,West Coast Conference,https://smcgaels.com/sports/baseball,4
cmou7g5av00fiqtkwd5p6smd8,Saint Peter's University,saint-peters-university,Jersey City,NJ,,NCAA_D1,,MAAC,https://saintpeterspeacocks.com/sports/baseball,4
cmou74gda00dfqtbowljcz5qy,Sam Houston State University,sam-houston-state-university,Huntsville,TX,,NCAA_D1,,Conference USA,https://gobearkats.com/sports/baseball,4
cmou869xz00l9qtjkp3n01t3v,Samford University,samford-university,Birmingham,AL,,NCAA_D1,,SoCon,https://samfordsports.com/sports/baseball,4
cmou3xrju0073qt5sqs3jf1rt,San Diego State University,san-diego-state-university,San Diego,CA,,NCAA_D1,,Mountain West,https://goaztecs.com/sports/baseball,1
cmou7y6qy00icqtocgehc57zb,San Jose State University,san-jose-state-university,San Jose,CA,,NCAA_D1,,Mountain West,https://sjsuspartans.com/sports/baseball,4
cmou8eagb00oxqt6s7ah1xrvm,Santa Clara University,santa-clara-university,Santa Clara,CA,,NCAA_D1,,West Coast Conference,https://santaclarabroncos.com/sports/baseball,4
cmou8cts300o6qtlo0noyht46,Seattle University,seattle-university,Seattle,WA,,NCAA_D1,,WAC,https://goseattleu.com/sports/baseball,4
cmou6baap00axqtic1q6c8vze,Seton Hall University,seton-hall-university,South Orange,NJ,,NCAA_D1,,,https://shupirates.com/sports/baseball,3
cmou7g5c700flqtkwnuf1bsxy,Siena College,siena-college,Loudonville,NY,,NCAA_D1,,MAAC,https://sienasaints.com/sports/baseball,2
cmou8257y00k3qtfo1yehrrpj,Southeast Missouri State University,southeast-missouri-state-university,Cape Girardeau,MO,,NCAA_D1,,Ohio Valley,https://semoredhawks.com/sports/baseball,4
cmou87sdy00m9qt8ov075op6f,Southeastern Louisiana University,southeastern-louisiana-university,Hammond,LA,,NCAA_D1,,Southland,https://lionsports.net/sports/baseball,4
cmou7wkli00hrqt5sdf793czs,Southern Illinois University,southern-illinois-university,Carbondale,IL,,NCAA_D1,,Missouri Valley,https://siusalukis.com/sports/baseball,4
cmou8bkiv00n9qtuw67iv0p5k,Southern University and A&M College,southern-university-and-am-college,Baton Rouge,LA,,NCAA_D1,,SWAC,https://gojagsports.com/sports/baseball,4
cmou6ba9d00auqtichfm9m8f7,St. John's University,st-johns-university,Queens,NY,,NCAA_D1,,,https://redstormsports.com/sports/baseball,4
cmosowo0s0010qtuovb31mcy3,Stanford University,stanford-university,Stanford,CA,,NCAA_D1,,,https://gostanford.com/sports/baseball,4
cmou87sfe00mcqt8omjooodxl,Stephen F. Austin State University,stephen-f-austin-state-university,Nacogdoches,TX,,NCAA_D1,,Southland,https://sfajacks.com/sports/baseball,4
cmou692i900a3qt1ge0op0qbf,Stetson University,stetson-university,DeLand,FL,,NCAA_D1,,,https://gohatters.com/sports/baseball,4
cmou7zwgq00jfqt18075d1yrp,Stonehill College,stonehill-college,Easton,MA,,NCAA_D1,,Northeast Conference,https://stonehillskyhawks.com/sports/baseball,4
cmou72rj700cfqtt8j1fo71oa,Stony Brook University,stony-brook-university,Stony Brook,NY,,NCAA_D1,,,https://stonybrookathletics.com/sports/baseball,3
cmosun08u0050qtlg3k28eb5j,TCU,tcu,Fort Worth,TX,,NCAA_D1,,,https://gofrogs.com/sports/baseball,4
cmou8ctnz00nxqtlo1naql28v,Tarleton State University,tarleton-state-university,Stephenville,TX,,NCAA_D1,,WAC,https://tarletonsports.com/sports/baseball,4
cmou825av00k9qtfo6o2sfjmf,Tennessee Technological University,tennessee-technological-university,Cookeville,TN,,NCAA_D1,,Ohio Valley,https://www.ttusports.com/sports/bsb,0
cmosp9qux002iqtygai7kj7ix,Texas A&M University,texas-am-university,College Station,TX,,NCAA_D1,,SEC,https://12thman.com/sports/baseball,4
cmou87sgu00mfqt8otiseblwa,Texas A&M University Corpus Christi,texas-am-university-corpus-christi,Corpus Christi,TX,,NCAA_D1,,Southland,https://goislanders.com/sports/baseball,4
cmou8bkkf00ncqtuwvmtkd81f,Texas Southern University,texas-southern-university,Houston,TX,,NCAA_D1,,SWAC,https://tsusports.com/sports/baseball,2
cmou3bzmd006iqtvo520iedb5,Texas State University,texas-state-university,San Marcos,TX,,NCAA_D1,,Pac-12,https://txst.com/sports/baseball,4
cmosun0a30053qtlgwqx8pc03,Texas Tech University,texas-tech-university,Lubbock,TX,,NCAA_D1,,,https://texastech.com/sports/baseball,4
cmou869si00kxqtjk4hq2v3uw,The Citadel,the-citadel,Charleston,SC,,NCAA_D1,,SoCon,https://citadelsports.com/sports/baseball,4
cmou72rkm00ciqtt8z62e367q,Towson University,towson-university,Towson,MD,,NCAA_D1,,,https://towsontigers.com/sports/baseball,4
cmou3bznt006lqtvom504k4vr,Troy University,troy-university,Troy,AL,,NCAA_D1,,Sun Belt,https://troytrojans.com/sports/baseball,4
cmou57ejn0086qtdwaxqor803,Tulane University,tulane-university,New Orleans,LA,,NCAA_D1,,,https://tulanegreenwave.com/sports/baseball,4
cmosun0bd0056qtlg87u13vxx,UCF,ucf,Orlando,FL,,NCAA_D1,,,https://ucfknights.com/sports/baseball,4
cmossumq5003xqtpgz2376dpb,UCLA,ucla,Los Angeles,CA,,NCAA_D1,,,https://uclabruins.com/sports/baseball,4
cmou6tv8i00boqti0vjvm8aer,UNC Asheville,unc-asheville,Asheville,NC,,NCAA_D1,,,https://uncabulldogs.com/sports/baseball,2
cmou72rm100clqtt8q8b00o3c,UNC Wilmington,unc-wilmington,Wilmington,NC,,NCAA_D1,,CAA,https://uncwsports.com/sports/baseball,4
cmou6tv9y00brqti0h1og2mt7,USC Upstate,usc-upstate,Spartanburg,SC,,NCAA_D1,,,https://upstatespartans.com/sports/baseball,4
cmou7skcx00foqtagxk69btib,University of Akron,university-of-akron,Akron,OH,,NCAA_D1,,MAC,https://gozips.com/sports/baseball,3
cmosp9qb0001cqtyg3bj9jezt,University of Alabama,university-of-alabama,Tuscaloosa,AL,,NCAA_D1,,SEC,https://rolltide.com/sports/baseball,5
cmou57e5s007iqtdwb3g795nq,University of Alabama at Birmingham,university-of-alabama-at-birmingham,Birmingham,AL,,NCAA_D1,,,https://uabsports.com/sports/baseball,5
cmosp9qcd001fqtygqtxktpzw,University of Arkansas,university-of-arkansas,Fayetteville,AR,,NCAA_D1,,SEC,https://arkansasrazorbacks.com/sport/m-basebl,0
cmou8253h00juqtfoheeskxep,University of Arkansas at Little Rock,university-of-arkansas-at-little-rock,Little Rock,AR,,NCAA_D1,,Ohio Valley,https://lrtrojans.com/sports/baseball,4
cmou8bklv00nfqtuwyjlpx889,University of Arkansas at Pine Bluff,university-of-arkansas-at-pine-bluff,Pine Bluff,AR,,NCAA_D1,,SWAC,https://uapblionsroar.com/sports/baseball,3
cmosownko0003qtuom8wxpo9s,University of California Berkeley,university-of-california-berkeley,Berkeley,CA,,NCAA_D1,,,https://calbears.com/sports/baseball,4
cmou69282009iqt1gxj2iub11,University of Central Arkansas,university-of-central-arkansas,Conway,AR,,NCAA_D1,,,https://ucasports.com/sports/baseball,4
cmosun02f004lqtlg6en5evwj,University of Cincinnati,university-of-cincinnati,Cincinnati,OH,,NCAA_D1,,,https://gobearcats.com/sports/baseball,4
cmou6ba1700acqtict3598yzg,University of Connecticut,university-of-connecticut,Storrs,CT,,NCAA_D1,,,https://uconnhuskies.com/sports/baseball,4
cmou65q73008iqt1o6zbgwgae,University of Dayton,university-of-dayton,Dayton,OH,,NCAA_D1,,,https://daytonflyers.com/sports/baseball,4
cmou7wkb700h6qt5s0alseljc,University of Evansville,university-of-evansville,Evansville,IN,,NCAA_D1,,Missouri Valley,https://gopurpleaces.com/sports/baseball,4
cmosp9qf2001lqtyghnsfqgxe,University of Florida,university-of-florida,Gainesville,FL,,NCAA_D1,,SEC,https://floridagators.com/sports/baseball,4
cmorirv7r0016qtm0u7tt6h9b,University of Georgia,university-of-georgia,Athens,GA,,NCAA_D1,,SEC,https://georgiadogs.com/sports/baseball,4
cmosun03o004oqtlgjeqvedtg,University of Houston,university-of-houston,Houston,TX,,NCAA_D1,,,https://uhcougars.com/sports/baseball,4
cmoss3uby002oqtao54kmml5m,University of Illinois,university-of-illinois,Champaign,IL,,NCAA_D1,,,https://fightingillini.com/sports/baseball,4
cmou7wkcm00h9qt5s8asylqbg,University of Illinois Chicago,university-of-illinois-chicago,Chicago,IL,,NCAA_D1,,Missouri Valley,https://uicflames.com/sports/baseball,3
cmoss3uew002uqtao33d0b37y,University of Iowa,university-of-iowa,Iowa City,IA,,NCAA_D1,,,https://hawkeyesports.com/sports/baseball,4
cmosun04x004rqtlgmuopyesz,University of Kansas,university-of-kansas,Lawrence,KS,,NCAA_D1,,,https://kuathletics.com/sports/baseball,4
cmosp9qho001rqtyg0963f2ul,University of Kentucky,university-of-kentucky,Lexington,KY,,NCAA_D1,,SEC,https://ukathletics.com/sports/baseball,4
cmou3bzp7006oqtvos9t9rqg2,University of Louisiana Monroe,university-of-louisiana-monroe,Monroe,LA,,NCAA_D1,,Sun Belt,https://ulmwarhawks.com/sports/baseball,4
cmou3bzf30063qtvo9lhvxev8,University of Louisiana at Lafayette,university-of-louisiana-at-lafayette,Lafayette,LA,,NCAA_D1,,Sun Belt,https://ragincajuns.com/sports/baseball,4
cmosownru000iqtuo4o7sl6mq,University of Louisville,university-of-louisville,Louisville,KY,,NCAA_D1,,,https://gocards.com/sports/baseball,4
cmoss3uga002xqtaoeu7linqc,University of Maryland,university-of-maryland,College Park,MD,,NCAA_D1,,,https://umterps.com/sports/baseball,4
cmou7v14r00grqtfgqko66ld4,University of Maryland Eastern Shore,university-of-maryland-eastern-shore,Princess Anne,MD,,NCAA_D1,,MEAC,https://umeshawksports.com/sports/baseball,3
cmou65qcx008uqt1ofivi6ige,University of Massachusetts Amherst,university-of-massachusetts-amherst,Amherst,MA,,NCAA_D1,,MAC,https://umassathletics.com/sports/baseball,3
cmou57ece007uqtdws2374kvt,University of Memphis,university-of-memphis,Memphis,TN,,NCAA_D1,,,https://gotigersgo.com/sports/baseball,4
cmosowntd000lqtuoyvr4xd0q,University of Miami,university-of-miami,Coral Gables,FL,,NCAA_D1,,,https://miamihurricanes.com/sports/baseball,4
cmoss3uhm0030qtaobbllk1g1,University of Michigan,university-of-michigan,Ann Arbor,MI,,NCAA_D1,,,https://mgoblue.com/sports/2017/6/28/baseball-coaches,4
cmoss3ukd0036qtao5inxhdyw,University of Minnesota,university-of-minnesota,Minneapolis,MN,,NCAA_D1,,,https://gophersports.com/sports/baseball,4
cmosp9qk8001xqtygdf9x52ry,University of Mississippi,university-of-mississippi,Oxford,MS,,NCAA_D1,,SEC,https://olemisssports.com/sports/baseball,4
cmosp9qmw0023qtygkzxzqlg0,University of Missouri,university-of-missouri,Columbia,MO,,NCAA_D1,,SEC,https://mutigers.com/sports/baseball,5
cmoss3ulp0039qtaosklsgdir,University of Nebraska,university-of-nebraska,Lincoln,NE,,NCAA_D1,,,https://huskers.com/sports/baseball,4
cmou7y6mp00i3qtoc5mm3t20o,University of Nevada Las Vegas,university-of-nevada-las-vegas,Las Vegas,NV,,NCAA_D1,,Mountain West,https://unlvrebels.com/sports/baseball,3
cmou7y6o400i6qtocedeswv8d,University of Nevada Reno,university-of-nevada-reno,Reno,NV,,NCAA_D1,,Mountain West,https://nevadawolfpack.com/sports/baseball,4
cmou7y6pk00i9qtoc6no7wm9t,University of New Mexico,university-of-new-mexico,Albuquerque,NM,,NCAA_D1,,Mountain West,https://golobos.com/sports/baseball,4
cmou87s9700m0qt8obe825qvw,University of New Orleans,university-of-new-orleans,New Orleans,LA,,NCAA_D1,,Southland,https://unoprivateers.com/sports/baseball,4
cmou692dm009uqt1gk17ovy4y,University of North Alabama,university-of-north-alabama,Florence,AL,,NCAA_D1,,,https://roarlions.com/sports/baseball,4
cmorihv4u000fqth8xhav3tg9,University of North Carolina at Chapel Hill,university-of-north-carolina-at-chapel-hill,Chapel Hill,NC,,NCAA_D1,,,https://goheels.com/sports/baseball,4
cmou57e7n007lqtdw6grlj0yo,University of North Carolina at Charlotte,university-of-north-carolina-at-charlotte,Charlotte,NC,,NCAA_D1,,,https://charlotte49ers.com/sports/baseball,3
cmou869wi00l6qtjk6ypp1qk6,University of North Carolina at Greensboro,university-of-north-carolina-at-greensboro,Greensboro,NC,,NCAA_D1,,SoCon,https://uncgspartans.com/sports/baseball,4
cmou692f9009xqt1gxdgwjsm8,University of North Florida,university-of-north-florida,Jacksonville,FL,,NCAA_D1,,,https://unfospreys.com/sports/baseball,4
cmosownxt000uqtuozt3yykq9,University of Notre Dame,university-of-notre-dame,Notre Dame,IN,,NCAA_D1,,,https://fightingirish.com/sports/baseball,4
cmosp9qpg0026qtygji5bwcu3,University of Oklahoma,university-of-oklahoma,Norman,OK,,NCAA_D1,,SEC,https://soonersports.com/sports/baseball,3
cmossumsw0043qtpgqq3re2qg,University of Oregon,university-of-oregon,Eugene,OR,,NCAA_D1,,,https://goducks.com/sports/baseball,4
cmou7ektw00eiqtx8aqk8pgdt,University of Pennsylvania,university-of-pennsylvania,Philadelphia,PA,,NCAA_D1,,Ivy League,https://pennathletics.com/sports/baseball,4
cmosownzc000xqtuoxng8rral,University of Pittsburgh,university-of-pittsburgh,Pittsburgh,PA,,NCAA_D1,,,https://pittsburghpanthers.com/sports/baseball,3
cmou8eaal00olqt6ssp9uycb0,University of Portland,university-of-portland,Portland,OR,,NCAA_D1,,West Coast Conference,https://portlandpilots.com/sports/baseball,4
cmou65qee008xqt1o7ljwn00l,University of Rhode Island,university-of-rhode-island,Kingston,RI,,NCAA_D1,,,https://gorhody.com/sports/baseball,4
cmou65qft0090qt1oyy3qt0xa,University of Richmond,university-of-richmond,Richmond,VA,,NCAA_D1,,,https://richmondspiders.com/sports/baseball,4
cmou8eade00orqt6s9lh8sk91,University of San Diego,university-of-san-diego,San Diego,CA,,NCAA_D1,,West Coast Conference,https://usdtoreros.com/sports/baseball,4
cmou8eaey00ouqt6s4q4bojoc,University of San Francisco,university-of-san-francisco,San Francisco,CA,,NCAA_D1,,West Coast Conference,https://usfdons.com/sports/baseball,5
cmou3bzjh006cqtvo0kcr1a9o,University of South Alabama,university-of-south-alabama,Mobile,AL,,NCAA_D1,,Sun Belt,https://usajaguars.com/sports/baseball,4
cmoeilurm0000qtiga2s54ybq,University of South Carolina,university-of-south-carolina,Columbia,SC,,NCAA_D1,,SEC,https://gamecocksonline.com/sports/baseball/,6
cmou57eff0080qtdwllt5e1ya,University of South Florida,university-of-south-florida,Tampa,FL,,NCAA_D1,,,https://gousfbulls.com/sports/baseball,5
cmossumrj0040qtpg5nfsfxij,University of Southern California,university-of-southern-california,Los Angeles,CA,,NCAA_D1,,,https://usctrojans.com/sports/baseball,4
cmou8252500jrqtfovp5vseq1,University of Southern Indiana,university-of-southern-indiana,Evansville,IN,,NCAA_D1,,Ohio Valley,https://usiscreamingeagles.com/sports/baseball,5
cmou3bzky006fqtvotlln2j4q,University of Southern Mississippi,university-of-southern-mississippi,Hattiesburg,MS,,NCAA_D1,,Sun Belt,https://southernmiss.com/sports/baseball,5
cmorirveq001iqtm00tv78mb7,University of Tennessee,university-of-tennessee,Knoxville,TN,,NCAA_D1,,SEC,https://utsports.com/sports/baseball,5
cmou8259h00k6qtfouj8clleo,University of Tennessee at Martin,university-of-tennessee-at-martin,Martin,TN,,NCAA_D1,,Ohio Valley,https://utmsports.com/sports/baseball,4
cmosp9qth002fqtyg9zds0e99,University of Texas,university-of-texas,Austin,TX,,NCAA_D1,,SEC,https://texaslonghorns.com/sports/baseball,4
cmou8ctml00nuqtloo0hli517,University of Texas Arlington,university-of-texas-arlington,Arlington,TX,,NCAA_D1,,WAC,https://utamavs.com/sports/baseball,3
cmou8ctl700nrqtlo4ao723bv,University of Texas Rio Grande Valley,university-of-texas-rio-grande-valley,Edinburg,TX,,NCAA_D1,,WAC,https://goutrgv.com/sports/baseball,4
cmou57el20089qtdwofatlmue,University of Texas at San Antonio,university-of-texas-at-san-antonio,San Antonio,TX,,NCAA_D1,,,https://goutsa.com/sports/baseball,5
cmou7skrx00giqtag4g0n7mer,University of Toledo,university-of-toledo,Toledo,OH,,NCAA_D1,,MAC,https://utrockets.com/sports/baseball,4
cmosun0cp0059qtlgmyvx6gz3,University of Utah,university-of-utah,Salt Lake City,UT,,NCAA_D1,,,https://utahutes.com/sports/baseball,4
cmorirvj4001rqtm0u610tmnb,University of Virginia,university-of-virginia,Charlottesville,VA,,NCAA_D1,,,https://virginiasports.com/sports/baseball,5
cmossumua0046qtpg7kokmi2a,University of Washington,university-of-washington,Seattle,WA,,NCAA_D1,,,https://gohuskies.com/sports/baseball,5
cmou692js00a6qt1g8npxqitj,University of West Georgia,university-of-west-georgia,Carrollton,GA,,NCAA_D1,,,https://uwgathletics.com/sports/baseball,3
cmou7aqlg00drqt444d9q0hb5,University of Wisconsin Milwaukee,university-of-wisconsin-milwaukee,Milwaukee,WI,,NCAA_D1,,Horizon League,https://mkepanthers.com/sports/baseball,5
cmou87s3r00lrqt8ol2e0mlz0,University of the Incarnate Word,university-of-the-incarnate-word,San Antonio,TX,,NCAA_D1,,Southland,https://uiwcardinals.com/sports/baseball,3
cmou8eaho00p0qt6sjg4451ea,University of the Pacific,university-of-the-pacific,Stockton,CA,,NCAA_D1,,West Coast Conference,https://pacifictigers.com/sports/baseball,4
cmou8cttf00o9qtlojvw16fv0,Utah Tech University,utah-tech-university,St. George,UT,,NCAA_D1,,WAC,https://utahtechtrailblazers.com/sports/baseball,4
cmou8ctqr00o3qtlo8m1mrgsb,Utah Valley University,utah-valley-university,Orem,UT,,NCAA_D1,,WAC,https://gouvu.com/sports/baseball,4
cmou7wkn100huqt5sh5w0xwo6,Valparaiso University,valparaiso-university,Valparaiso,IN,,NCAA_D1,,Missouri Valley,https://valpoathletics.com/sports/baseball,3
cmorirvg7001lqtm0c5s97k3m,Vanderbilt University,vanderbilt-university,Nashville,TN,,NCAA_D1,,SEC,https://vucommodores.com/sports/baseball,5
cmou6bacb00b0qtickdtwuqln,Villanova University,villanova-university,Villanova,PA,,NCAA_D1,,,https://villanova.com/sports/baseball,4
cmou65qk50099qt1olu75tu27,Virginia Commonwealth University,virginia-commonwealth-university,Richmond,VA,,NCAA_D1,,,https://vcuathletics.com/sports/baseball,4
cmou869zc00lcqtjkf80ewntk,Virginia Military Institute,virginia-military-institute,Lexington,VA,,NCAA_D1,,SoCon,https://vmikeydets.com/sports/baseball,4
cmorirvkj001uqtm0xddfcy1n,Virginia Tech,virginia-tech,Blacksburg,VA,,NCAA_D1,,,https://hokiesports.com/sports/baseball,4
cmou7zwjn00jlqt18mlkrxann,Wagner College,wagner-college,Staten Island,NY,,NCAA_D1,,Northeast Conference,https://wagnerathletics.com/sports/baseball,4
cmorirv2b000uqtm0d0xcn8m3,Wake Forest University,wake-forest-university,Winston-Salem,NC,,NCAA_D1,,,https://godeacs.com/sports/baseball,4
cmou3xrnk007cqt5s6uwa48hy,Washington State University,washington-state-university,Pullman,WA,,NCAA_D1,,Pac-12,https://wsucougars.com/sports/baseball,1
cmosun0e0005cqtlgaq1vqq45,West Virginia University,west-virginia-university,Morgantown,WV,,NCAA_D1,,,https://wvusports.com/sports/baseball,4
cmou86a0n00lfqtjkf6uhpkzy,Western Carolina University,western-carolina-university,Cullowhee,NC,,NCAA_D1,,SoCon,https://catamountsports.com/sports/baseball,4
cmou825c800kcqtfoov9rimot,Western Illinois University,western-illinois-university,Macomb,IL,,NCAA_D1,,Ohio Valley,https://goleathernecks.com/sports/baseball,3
cmou74gg300dlqtboxjrli6hd,Western Kentucky University,western-kentucky-university,Bowling Green,KY,,NCAA_D1,,Conference USA,https://wkusports.com/sports/baseball,3
cmou7sktc00glqtag4fw8487m,Western Michigan University,western-michigan-university,Kalamazoo,MI,,NCAA_D1,,MAC,https://wmubroncos.com/sports/baseball,4
cmou57emf008cqtdwbx84cqra,Wichita State University,wichita-state-university,Wichita,KS,,NCAA_D1,,,https://goshockers.com/sports/baseball,4
cmou72rni00coqtt8wk6kqq0s,William & Mary,william-and-mary,Williamsburg,VA,,NCAA_D1,,CAA,https://tribeathletics.com/sports/baseball,3
cmorihv3g000cqth80t0ywnkz,Winthrop University,winthrop-university,Rock Hill,SC,,NCAA_D1,,,https://winthropeagles.com/sports/baseball,4
cmorihv200009qth8tpbw4u9n,Wofford College,wofford-college,Spartanburg,SC,,NCAA_D1,,SoCon,https://woffordterriers.com/sports/baseball,4
cmou7aqjy00doqt44d0xwv16o,Wright State University,wright-state-university,Dayton,OH,,NCAA_D1,,Horizon League,https://wsuraiders.com/sports/baseball,4
cmou6bado00b3qticrimagx0v,Xavier University,xavier-university,Cincinnati,OH,,NCAA_D1,,,https://goxavier.com/sports/baseball,4
cmou7ekwq00eoqtx8hjslnjkg,Yale University,yale-university,New Haven,CT,,NCAA_D1,,Ivy League,https://yalebulldogs.com/sports/baseball,2
cmou7aqoh00dxqt44fbtxgn7d,Youngstown State University,youngstown-state-university,Youngstown,OH,,NCAA_D1,,Horizon League,https://ysusports.com/sports/baseball,2
