programId,collegeId,collegeName,slug,division,previousBaseballWebsiteUrl,restoredBaseballWebsiteUrl,confidence,sourceContactUrl,coachCount,action,reason
cmosumzxq004bqtlgcux50apa,cmosumzx30049qtlgomg2y8hl,Arizona,arizona,NCAA_D1,,https://arizonawildcats.com/sports/baseball,HIGH,https://arizonawildcats.com/sports/baseball/coaches/2026,4,WOULD_UPDATE,
cmosumzz4004eqtlggz9328ng,cmosumzyf004cqtlgurkdv8j2,Arizona State University,arizona-state-university,NCAA_D1,,https://thesundevils.com/sports/baseball,HIGH,https://thesundevils.com/sports/baseball/coaches/2025,4,WOULD_UPDATE,
cmou6925z009eqt1gaqjdu3za,cmou6925b009cqt1gkx1kghnj,Austin Peay State University,austin-peay-state-university,NCAA_D1,,https://letsgopeay.com/sports/baseball,HIGH,https://letsgopeay.com/sports/baseball/coaches/2026,3,WOULD_UPDATE,
cmosun01s004kqtlg2b6mlqcd,cmosun015004iqtlg3arpxgbi,BYU,byu,NCAA_D1,,https://byucougars.com/sports/baseball,HIGH,https://byucougars.com/sports/baseball/roster#sidearm-roster-coaches,4,WOULD_UPDATE,
cmosun00i004hqtlgy3534tz1,cmosumzzu004fqtlg454szeg8,Baylor University,baylor-university,NCAA_D1,,https://baylorbears.com/sports/baseball,HIGH,https://baylorbears.com/sports/baseball/roster/2026#sidearm-roster-coaches,4,WOULD_UPDATE,
cmou6927d009hqt1g6ojn2uy0,cmou6926p009fqt1gv6h5xaxk,Bellarmine University,bellarmine-university,NCAA_D1,,https://athletics.bellarmine.edu/sports/baseball,HIGH,https://athletics.bellarmine.edu/sports/baseball/coaches/2026,4,WOULD_UPDATE,
cmosownis0002qtuoado2ywvj,cmosownei0000qtuolkw0dovw,Boston College,boston-college,NCAA_D1,,https://bceagles.com/sports/baseball,HIGH,https://bceagles.com/sports/baseball/roster/2026#sidearm-roster-coaches,3,WOULD_UPDATE,
cmorirv5q0012qtm028k9yq81,cmorirv530010qtm0xxcup0nz,Campbell University,campbell-university,NCAA_D1,,https://gocamels.com/sports/baseball,HIGH,https://gocamels.com/sports/baseball/coaches/2026,4,WOULD_UPDATE,
cmou6tv0p00b8qti0d062ek6f,cmou6tv0000b6qti0uw8kd0th,Charleston Southern University,charleston-southern-university,NCAA_D1,,https://csusports.com/sports/baseball,HIGH,https://csusports.com/sports/baseball/coaches/2026,4,WOULD_UPDATE,
cmorihuzp0005qth8tz9l0qy6,cmorihuy70003qth8lteegu87,Clemson University,clemson-university,NCAA_D1,,https://clemsontigers.com/sports/baseball,HIGH,https://clemsontigers.com/sports/baseball/roster#sidearm-roster-coaches,4,WOULD_UPDATE,
cmorihv1b0008qth8h0fs6y1x,cmorihv0l0006qth8tj4axfti,College of Charleston,college-of-charleston,NCAA_D1,,https://cofcsports.com/sports/baseball,HIGH,https://cofcsports.com/sports/baseball/roster/2026#sidearm-roster-coaches,4,WOULD_UPDATE,
cmou6ba3a00ahqtic1dy2e7bu,cmou6ba2k00afqticpp034jhc,Creighton University,creighton-university,NCAA_D1,,https://gocreighton.com/sports/baseball,HIGH,https://gocreighton.com/sports/baseball/roster/2026#sidearm-roster-coaches,4,WOULD_UPDATE,
cmou65q68008hqt1on0mn17uq,cmou65q5g008fqt1ovrpzk161,Davidson College,davidson-college,NCAA_D1,,https://davidsonwildcats.com/sports/baseball,HIGH,https://davidsonwildcats.com/sports/baseball/roster/2026#sidearm-roster-coaches,4,WOULD_UPDATE,
cmoriruyp000nqtm0g4gkgqwd,cmoriruy1000lqtm0hg80trqj,Duke University,duke-university,NCAA_D1,,https://goduke.com/sports/baseball,HIGH,https://goduke.com/sports/baseball/roster/2026#sidearm-roster-coaches,5,WOULD_UPDATE,
cmorirv02000qqtm0792m94ry,cmoriruzd000oqtm0np271cox,East Carolina University,east-carolina-university,NCAA_D1,,https://ecupirates.com/sports/baseball,HIGH,https://ecupirates.com/sports/baseball/roster/2026#sidearm-roster-coaches,3,WOULD_UPDATE,
cmou692a7009nqt1gx1fvng63,cmou6929i009lqt1gqrj949vt,Eastern Kentucky University,eastern-kentucky-university,NCAA_D1,,https://ekusports.com/sports/baseball,HIGH,https://ekusports.com/sports/baseball/coaches/2026,4,WOULD_UPDATE,
cmou72rea00c5qtt8bv7rh2o3,cmou72rdk00c3qtt8y45siwr2,Elon University,elon-university,NCAA_D1,,https://elonphoenix.com/sports/baseball,HIGH,https://elonphoenix.com/sports/baseball/coaches/2026,4,WOULD_UPDATE,
cmou57eba007tqtdwnzaxnsg8,cmou57eah007rqtdw819u1kd8,Florida Atlantic University,florida-atlantic-university,NCAA_D1,,https://fausports.com/sports/baseball,HIGH,https://fausports.com/sports/baseball/roster/2026#sidearm-roster-coaches,4,WOULD_UPDATE,
cmou692bn009qqt1g825aij0e,cmou692az009oqt1gwyz2tbx3,Florida Gulf Coast University,florida-gulf-coast-university,NCAA_D1,,https://fgcuathletics.com/sports/baseball,HIGH,https://fgcuathletics.com/sports/baseball/coaches/2026,4,WOULD_UPDATE,
cmosownpr000eqtuok3wn4xee,cmosownp0000cqtuo7ukk8301,Florida State University,florida-state-university,NCAA_D1,,https://seminoles.com/sports/baseball,HIGH,https://seminoles.com/sports/baseball/roster/2026#sidearm-roster-coaches,4,WOULD_UPDATE,
cmou65q9a008nqt1ohbgyxbpf,cmou65q8l008lqt1ozzkwkjhm,Fordham University,fordham-university,NCAA_D1,,https://fordhamsports.com/sports/baseball,HIGH,https://fordhamsports.com/sports/baseball/coaches/2026,3,WOULD_UPDATE,
cmou6tv2500bbqti0uzylvved,cmou6tv1f00b9qti056wd26tx,Gardner-Webb University,gardner-webb-university,NCAA_D1,,https://gwusports.com/sports/baseball,HIGH,https://gwusports.com/sports/baseball/coaches,4,WOULD_UPDATE,
cmou65qaq008qqt1oh4skw4mn,cmou65q9z008oqt1ow67o9q0x,George Mason University,george-mason-university,NCAA_D1,,https://gomason.com/sports/baseball,HIGH,https://gomason.com/sports/baseball/coaches/2026,4,WOULD_UPDATE,
cmou65qc7008tqt1otrt39c9e,cmou65qbg008rqt1omiz03mq1,George Washington University,george-washington-university,NCAA_D1,,https://gwsports.com/sports/baseball,HIGH,https://gwsports.com/sports/baseball/roster/2026#sidearm-roster-coaches,3,WOULD_UPDATE,
cmou6ba6000anqticmefr3evw,cmou6ba5c00alqticm9m1ucs0,Georgetown University,georgetown-university,NCAA_D1,,https://guhoyas.com/sports/baseball,HIGH,https://guhoyas.com/sports/baseball/coaches/2026,3,WOULD_UPDATE,
cmorirv9s001bqtm0xz16xnel,cmorirv940019qtm0y88vy537,Georgia Tech,georgia-tech,NCAA_D1,,https://ramblinwreck.com/sports/m-basebl,HIGH,https://ramblinwreck.com/sports/m-basebl/roster#sidearm-roster-coaches,4,WOULD_UPDATE,
cmorirv4e000zqtm091dbu3g3,cmorirv3o000xqtm0dw9r5xuo,High Point University,high-point-university,NCAA_D1,,https://highpointpanthers.com/sports/baseball,HIGH,https://highpointpanthers.com/sports/baseball/coaches/2026,4,WOULD_UPDATE,
cmoss3ue6002tqtaoogo4t1i5,cmoss3ude002rqtaoztf1hdin,Indiana University,indiana-university,NCAA_D1,,https://iuhoosiers.com/sports/baseball,HIGH,https://iuhoosiers.com/sports/baseball/roster/2026#sidearm-roster-coaches,4,WOULD_UPDATE,
cmou692cy009tqt1gvkh1u2u0,cmou692c9009rqt1gyfzu2me9,Jacksonville University,jacksonville-university,NCAA_D1,,https://judolphins.com/sports/baseball,HIGH,https://judolphins.com/sports/baseball/coaches/2026,4,WOULD_UPDATE,
cmosun06w004wqtlghra8useq,cmosun069004uqtlgldcwzyyz,Kansas State University,kansas-state-university,NCAA_D1,,https://www.kstatesports.com/sports/baseball,HIGH,https://www.kstatesports.com/sports/baseball/roster/2026#sidearm-roster-coaches,4,WOULD_UPDATE,
cmou6tv4y00bhqti0f4aa9zgu,cmou6tv4900bfqti0dl5zm88o,Longwood University,longwood-university,NCAA_D1,,https://longwoodlancers.com/sports/baseball,HIGH,https://longwoodlancers.com/sports/baseball/coaches/2026,3,WOULD_UPDATE,
cmoss3ujo0035qtaocvcas0pr,cmoss3uj00033qtao6edcy6t4,Michigan State University,michigan-state-university,NCAA_D1,,https://msuspartans.com/sports/baseball,HIGH,https://msuspartans.com/sports/baseball/roster/2026#sidearm-roster-coaches,4,WOULD_UPDATE,
cmou72rfn00c8qtt8hwktn20p,cmou72rez00c6qtt8vg07t3mb,Monmouth University,monmouth-university,NCAA_D1,,https://monmouthhawks.com/sports/baseball,HIGH,https://monmouthhawks.com/sports/baseball/coaches/2026,3,WOULD_UPDATE,
cmou72rh100cbqtt8n0exf72o,cmou72rgb00c9qtt82x6a8jc6,North Carolina A&T State University,north-carolina-at-state-university,NCAA_D1,,https://ncataggies.com/sports/baseball,HIGH,https://ncataggies.com/sports/baseball/coaches/2026,4,WOULD_UPDATE,
cmoriruxc000kqtm0j7aburmj,cmoriruwm000iqtm02t4sd889,North Carolina State University,north-carolina-state-university,NCAA_D1,,https://gopack.com/sports/baseball,HIGH,https://gopack.com/sports/baseball/roster/2026#sidearm-roster-coaches,4,WOULD_UPDATE,
cmoss3uno003eqtaonzgvlr9p,cmoss3un1003cqtao6c08qtft,Northwestern University,northwestern-university,NCAA_D1,,https://nusports.com/sports/baseball,HIGH,https://nusports.com/sports/baseball/roster#sidearm-roster-coaches,4,WOULD_UPDATE,
cmoss3upc003hqtaoe5fltxdq,cmoss3uob003fqtaoxl8favwc,Ohio State University,ohio-state-university,NCAA_D1,,https://ohiostatebuckeyes.com/sports/baseball,HIGH,https://ohiostatebuckeyes.com/sports/baseball/roster/2026#sidearm-roster-coaches,4,WOULD_UPDATE,
cmosun087004zqtlg8mhr1z8t,cmosun07l004xqtlgmfv1xuiu,Oklahoma State University,oklahoma-state-university,NCAA_D1,,https://okstate.com/sports/baseball,HIGH,https://okstate.com/sports/baseball/roster/2026#sidearm-roster-coaches,4,WOULD_UPDATE,
cmoss3uqn003kqtaoaqh1o3af,cmoss3upz003iqtao5i62w3ay,Penn State University,penn-state-university,NCAA_D1,,https://gopsusports.com/sports/baseball,HIGH,https://gopsusports.com/sports/baseball/roster#sidearm-roster-coaches,4,WOULD_UPDATE,
cmou6tv6d00bkqti0fqrjrjwf,cmou6tv5p00biqti096g6a7i8,Presbyterian College,presbyterian-college,NCAA_D1,,https://gobluehose.com/sports/baseball,HIGH,https://gobluehose.com/sports/baseball/coaches/2026,4,WOULD_UPDATE,
cmoss3urx003nqtaoxvvgb7e1,cmoss3ura003lqtaodex5xyz9,Purdue University,purdue-university,NCAA_D1,,https://purduesports.com/sports/baseball,HIGH,https://purduesports.com/sports/baseball/coaches/2025,4,WOULD_UPDATE,
cmorj0gul002nqtioftxuxef1,cmorj0gtv002lqtio6lhkp2sn,Queens University of Charlotte,queens-university-of-charlotte,NCAA_D1,,https://queensathletics.com/sports/baseball,HIGH,https://queensathletics.com/sports/baseball/coaches/2026,3,WOULD_UPDATE,
cmou57eem007zqtdwx7f8coft,cmou57edu007xqtdwf0oux6v3,Rice University,rice-university,NCAA_D1,,https://riceowls.com/sports/baseball,HIGH,https://riceowls.com/sports/baseball/roster/2026#sidearm-roster-coaches,4,WOULD_UPDATE,
cmoss3ut9003qqtaoy83jq2k5,cmoss3usl003oqtaorrzcvm28,Rutgers University,rutgers-university,NCAA_D1,,https://scarletknights.com/sports/baseball,HIGH,https://scarletknights.com/sports/baseball/roster/2026#sidearm-roster-coaches,4,WOULD_UPDATE,
cmou65qhy0095qt1ownoailh2,cmou65qh80093qt1oh6psc6h9,Saint Joseph's University,saint-josephs-university,NCAA_D1,,https://sjuhawks.com/sports/baseball,HIGH,https://sjuhawks.com/sports/baseball/coaches/2026,4,WOULD_UPDATE,
cmou65qje0098qt1ozah8sdhb,cmou65qio0096qt1o4osfjy36,Saint Louis University,saint-louis-university,NCAA_D1,,https://slubillikens.com/sports/baseball,HIGH,https://slubillikens.com/sports/baseball/coaches/2026,4,WOULD_UPDATE,
cmou6babe00azqtic7ata0fs3,cmou6baap00axqtic1q6c8vze,Seton Hall University,seton-hall-university,NCAA_D1,,https://shupirates.com/sports/baseball,HIGH,https://shupirates.com/sports/baseball/roster/2026#sidearm-roster-coaches,3,WOULD_UPDATE,
cmou6baa000awqticynlwrngm,cmou6ba9d00auqtichfm9m8f7,St. John's University,st-johns-university,NCAA_D1,,https://redstormsports.com/sports/baseball,HIGH,https://redstormsports.com/sports/baseball/roster/2026#sidearm-roster-coaches,4,WOULD_UPDATE,
cmosowo1h0012qtuoqpb2b897,cmosowo0s0010qtuovb31mcy3,Stanford University,stanford-university,NCAA_D1,,https://gostanford.com/sports/baseball,HIGH,https://gostanford.com/sports/baseball/roster#sidearm-roster-coaches,4,WOULD_UPDATE,
cmou692j100a5qt1gjzdz1gj8,cmou692i900a3qt1ge0op0qbf,Stetson University,stetson-university,NCAA_D1,,https://gohatters.com/sports/baseball,HIGH,https://gohatters.com/sports/baseball/coaches/2026,4,WOULD_UPDATE,
cmou72rjw00chqtt8k4ykpna3,cmou72rj700cfqtt8j1fo71oa,Stony Brook University,stony-brook-university,NCAA_D1,,https://stonybrookathletics.com/sports/baseball,HIGH,https://stonybrookathletics.com/sports/baseball/coaches/2026,3,WOULD_UPDATE,
cmosun09h0052qtlg5joyoy43,cmosun08u0050qtlg3k28eb5j,TCU,tcu,NCAA_D1,,https://gofrogs.com/sports/baseball,HIGH,https://gofrogs.com/sports/baseball/roster/2026#coaches,4,WOULD_UPDATE,
cmosun0ar0055qtlg6xlvphkd,cmosun0a30053qtlgwqx8pc03,Texas Tech University,texas-tech-university,NCAA_D1,,https://texastech.com/sports/baseball,HIGH,https://texastech.com/sports/baseball/roster/2026#sidearm-roster-coaches,4,WOULD_UPDATE,
cmou72rlc00ckqtt8h1zgkmzj,cmou72rkm00ciqtt8z62e367q,Towson University,towson-university,NCAA_D1,,https://towsontigers.com/sports/baseball,HIGH,https://towsontigers.com/sports/baseball/coaches/2026,4,WOULD_UPDATE,
cmou57ekc0088qtdwzjnvgm0x,cmou57ejn0086qtdwaxqor803,Tulane University,tulane-university,NCAA_D1,,https://tulanegreenwave.com/sports/baseball,HIGH,https://tulanegreenwave.com/sports/baseball/roster/2026#sidearm-roster-coaches,4,WOULD_UPDATE,
cmosun0c10058qtlgn2wdysws,cmosun0bd0056qtlg87u13vxx,UCF,ucf,NCAA_D1,,https://ucfknights.com/sports/baseball,HIGH,https://ucfknights.com/sports/baseball/roster#sidearm-roster-coaches,4,WOULD_UPDATE,
cmossumqt003zqtpgyjdtn02c,cmossumq5003xqtpgz2376dpb,UCLA,ucla,NCAA_D1,,https://uclabruins.com/sports/baseball,HIGH,https://uclabruins.com/sports/baseball/coaches/2026,4,WOULD_UPDATE,
cmou6tv9900bqqti0wabo0574,cmou6tv8i00boqti0vjvm8aer,UNC Asheville,unc-asheville,NCAA_D1,,https://uncabulldogs.com/sports/baseball,HIGH,https://uncabulldogs.com/sports/baseball/roster/2026#sidearm-roster-coaches,2,WOULD_UPDATE,
cmou6tvap00btqti0249q1z1i,cmou6tv9y00brqti0h1og2mt7,USC Upstate,usc-upstate,NCAA_D1,,https://upstatespartans.com/sports/baseball,HIGH,https://upstatespartans.com/sports/baseball/roster/2026#sidearm-roster-coaches,4,WOULD_UPDATE,
cmou57e6p007kqtdwt7q4s4pg,cmou57e5s007iqtdwb3g795nq,University of Alabama at Birmingham,university-of-alabama-at-birmingham,NCAA_D1,,https://uabsports.com/sports/baseball,HIGH,https://uabsports.com/sports/baseball/roster/2026#sidearm-roster-coaches,5,WOULD_UPDATE,
cmosownle0005qtuo0gwfge3i,cmosownko0003qtuom8wxpo9s,University of California Berkeley,university-of-california-berkeley,NCAA_D1,,https://calbears.com/sports/baseball,HIGH,https://calbears.com/sports/baseball/coaches/2026,4,WOULD_UPDATE,
cmou6928r009kqt1gue4f9xf1,cmou69282009iqt1gxj2iub11,University of Central Arkansas,university-of-central-arkansas,NCAA_D1,,https://ucasports.com/sports/baseball,HIGH,https://ucasports.com/sports/baseball/coaches/2026,4,WOULD_UPDATE,
cmosun032004nqtlg3uum11pe,cmosun02f004lqtlg6en5evwj,University of Cincinnati,university-of-cincinnati,NCAA_D1,,https://gobearcats.com/sports/baseball,HIGH,https://gobearcats.com/sports/baseball/coaches/2025,4,WOULD_UPDATE,
cmou6ba1v00aeqticcud1v7g6,cmou6ba1700acqtict3598yzg,University of Connecticut,university-of-connecticut,NCAA_D1,,https://uconnhuskies.com/sports/baseball,HIGH,https://uconnhuskies.com/sports/baseball/roster/2026#sidearm-roster-coaches,4,WOULD_UPDATE,
cmou65q7u008kqt1ooxam21og,cmou65q73008iqt1o6zbgwgae,University of Dayton,university-of-dayton,NCAA_D1,,https://daytonflyers.com/sports/baseball,HIGH,https://daytonflyers.com/sports/baseball/coaches/2026,4,WOULD_UPDATE,
cmosun04b004qqtlg5tbn4tad,cmosun03o004oqtlgjeqvedtg,University of Houston,university-of-houston,NCAA_D1,,https://uhcougars.com/sports/baseball,HIGH,https://uhcougars.com/sports/baseball/roster#sidearm-roster-coaches,4,WOULD_UPDATE,
cmoss3ucp002qqtaoodp62vry,cmoss3uby002oqtao54kmml5m,University of Illinois,university-of-illinois,NCAA_D1,,https://fightingillini.com/sports/baseball,HIGH,https://fightingillini.com/sports/baseball/roster/2026#sidearm-roster-coaches,4,WOULD_UPDATE,
cmoss3ufl002wqtaoqkam7j3s,cmoss3uew002uqtao33d0b37y,University of Iowa,university-of-iowa,NCAA_D1,,https://hawkeyesports.com/sports/baseball,HIGH,https://hawkeyesports.com/sports/baseball/roster#sidearm-roster-coaches,4,WOULD_UPDATE,
cmosun05l004tqtlgtp5puhg6,cmosun04x004rqtlgmuopyesz,University of Kansas,university-of-kansas,NCAA_D1,,https://kuathletics.com/sports/baseball,HIGH,https://kuathletics.com/sports/baseball/roster/2026#sidearm-roster-coaches,4,WOULD_UPDATE,
cmosownsl000kqtuo6bkrgo88,cmosownru000iqtuo4o7sl6mq,University of Louisville,university-of-louisville,NCAA_D1,,https://gocards.com/sports/baseball,HIGH,https://gocards.com/sports/baseball/roster/2026#sidearm-roster-coaches,4,WOULD_UPDATE,
cmoss3ugz002zqtao0glr6o9h,cmoss3uga002xqtaoeu7linqc,University of Maryland,university-of-maryland,NCAA_D1,,https://umterps.com/sports/baseball,HIGH,https://umterps.com/sports/baseball/roster/2026#sidearm-roster-coaches,4,WOULD_UPDATE,
cmou57ed3007wqtdwo9u0rnod,cmou57ece007uqtdws2374kvt,University of Memphis,university-of-memphis,NCAA_D1,,https://gotigersgo.com/sports/baseball,HIGH,https://gotigersgo.com/sports/baseball/roster/2026#sidearm-roster-coaches,4,WOULD_UPDATE,
cmosownu4000nqtuowsumxl0o,cmosowntd000lqtuoyvr4xd0q,University of Miami,university-of-miami,NCAA_D1,,https://miamihurricanes.com/sports/baseball,HIGH,https://miamihurricanes.com/sports/baseball/roster#sidearm-roster-coaches,4,WOULD_UPDATE,
cmoss3uib0032qtaobpuy0tpv,cmoss3uhm0030qtaobbllk1g1,University of Michigan,university-of-michigan,NCAA_D1,,https://mgoblue.com/sports/2017/6/28/baseball-coaches,HIGH,https://mgoblue.com/sports/2017/6/28/baseball-coaches,4,WOULD_UPDATE,
cmoss3ul10038qtao9tzgk83e,cmoss3ukd0036qtao5inxhdyw,University of Minnesota,university-of-minnesota,NCAA_D1,,https://gophersports.com/sports/baseball,HIGH,https://gophersports.com/sports/baseball/roster/2026#sidearm-roster-coaches,4,WOULD_UPDATE,
cmoss3ume003bqtaosl7ef19d,cmoss3ulp0039qtaosklsgdir,University of Nebraska,university-of-nebraska,NCAA_D1,,https://huskers.com/sports/baseball,HIGH,https://huskers.com/sports/baseball/roster#sidearm-roster-coaches,4,WOULD_UPDATE,
cmou692eh009wqt1gg1l67qtd,cmou692dm009uqt1gk17ovy4y,University of North Alabama,university-of-north-alabama,NCAA_D1,,https://roarlions.com/sports/baseball,HIGH,https://roarlions.com/sports/baseball/coaches/2026,4,WOULD_UPDATE,
cmorihv5i000hqth8642hp9ga,cmorihv4u000fqth8xhav3tg9,University of North Carolina at Chapel Hill,university-of-north-carolina-at-chapel-hill,NCAA_D1,,https://goheels.com/sports/baseball,HIGH,https://goheels.com/sports/baseball/roster/2026#sidearm-roster-coaches,4,WOULD_UPDATE,
cmou57e8c007nqtdwb5t9ewz1,cmou57e7n007lqtdw6grlj0yo,University of North Carolina at Charlotte,university-of-north-carolina-at-charlotte,NCAA_D1,,https://charlotte49ers.com/sports/baseball,HIGH,https://charlotte49ers.com/sports/baseball/roster/2026#sidearm-roster-coaches,3,WOULD_UPDATE,
cmou692fz009zqt1goeu3cfla,cmou692f9009xqt1gxdgwjsm8,University of North Florida,university-of-north-florida,NCAA_D1,,https://unfospreys.com/sports/baseball,HIGH,https://unfospreys.com/sports/baseball/roster/2026#sidearm-roster-coaches,4,WOULD_UPDATE,
cmosownyi000wqtuo71ef7lg9,cmosownxt000uqtuozt3yykq9,University of Notre Dame,university-of-notre-dame,NCAA_D1,,https://fightingirish.com/sports/baseball,HIGH,https://fightingirish.com/sports/baseball/roster#sidearm-roster-coaches,4,WOULD_UPDATE,
cmossumtm0045qtpg75518v32,cmossumsw0043qtpgqq3re2qg,University of Oregon,university-of-oregon,NCAA_D1,,https://goducks.com/sports/baseball,HIGH,https://goducks.com/sports/baseball/roster/2026#sidearm-roster-coaches,4,WOULD_UPDATE,
cmosowo02000zqtuorrxcus33,cmosownzc000xqtuoxng8rral,University of Pittsburgh,university-of-pittsburgh,NCAA_D1,,https://pittsburghpanthers.com/sports/baseball,HIGH,https://pittsburghpanthers.com/sports/baseball/roster/2026#sidearm-roster-coaches,3,WOULD_UPDATE,
cmou65qf4008zqt1oaxiecdfx,cmou65qee008xqt1o7ljwn00l,University of Rhode Island,university-of-rhode-island,NCAA_D1,,https://gorhody.com/sports/baseball,HIGH,https://gorhody.com/sports/baseball/coaches/2026,4,WOULD_UPDATE,
cmou65qgi0092qt1ovyrn305w,cmou65qft0090qt1oyy3qt0xa,University of Richmond,university-of-richmond,NCAA_D1,,https://richmondspiders.com/sports/baseball,HIGH,https://richmondspiders.com/sports/baseball/roster/2026#sidearm-roster-coaches,4,WOULD_UPDATE,
cmou57eg60082qtdwkr4v7bz1,cmou57eff0080qtdwllt5e1ya,University of South Florida,university-of-south-florida,NCAA_D1,,https://gousfbulls.com/sports/baseball,HIGH,https://gousfbulls.com/sports/baseball/roster/2026#sidearm-roster-coaches,5,WOULD_UPDATE,
cmossums80042qtpg69u7kaqh,cmossumrj0040qtpg5nfsfxij,University of Southern California,university-of-southern-california,NCAA_D1,,https://usctrojans.com/sports/baseball,HIGH,https://usctrojans.com/sports/baseball/roster/2026#sidearm-roster-coaches,4,WOULD_UPDATE,
cmou57elp008bqtdw5g9tglmv,cmou57el20089qtdwofatlmue,University of Texas at San Antonio,university-of-texas-at-san-antonio,NCAA_D1,,https://goutsa.com/sports/baseball,HIGH,https://goutsa.com/sports/baseball/roster#sidearm-roster-coaches,5,WOULD_UPDATE,
cmosun0dd005bqtlgtpmduubv,cmosun0cp0059qtlgmyvx6gz3,University of Utah,university-of-utah,NCAA_D1,,https://utahutes.com/sports/baseball,HIGH,https://utahutes.com/sports/baseball/roster/2026#sidearm-roster-coaches,4,WOULD_UPDATE,
cmorirvju001tqtm0jenypf9l,cmorirvj4001rqtm0u610tmnb,University of Virginia,university-of-virginia,NCAA_D1,,https://virginiasports.com/sports/baseball,HIGH,https://virginiasports.com/sports/baseball/roster#sidearm-roster-coaches,5,WOULD_UPDATE,
cmossumuy0048qtpgu11ho5mb,cmossumua0046qtpg7kokmi2a,University of Washington,university-of-washington,NCAA_D1,,https://gohuskies.com/sports/baseball,HIGH,https://gohuskies.com/sports/baseball/roster/2026#sidearm-roster-coaches,5,WOULD_UPDATE,
cmou692kj00a8qt1gh5k57wkp,cmou692js00a6qt1g8npxqitj,University of West Georgia,university-of-west-georgia,NCAA_D1,,https://uwgathletics.com/sports/baseball,HIGH,https://uwgathletics.com/sports/baseball/coaches/2026,3,WOULD_UPDATE,
cmou6bacz00b2qtic8lqoxe2q,cmou6bacb00b0qtickdtwuqln,Villanova University,villanova-university,NCAA_D1,,https://villanova.com/sports/baseball,HIGH,https://villanova.com/sports/baseball/coaches/2026,4,WOULD_UPDATE,
cmou65qkx009bqt1o72evz4o4,cmou65qk50099qt1olu75tu27,Virginia Commonwealth University,virginia-commonwealth-university,NCAA_D1,,https://vcuathletics.com/sports/baseball,HIGH,https://vcuathletics.com/sports/baseball/coaches/2026,4,WOULD_UPDATE,
cmorirvl8001wqtm0fnifyxse,cmorirvkj001uqtm0xddfcy1n,Virginia Tech,virginia-tech,NCAA_D1,,https://hokiesports.com/sports/baseball,HIGH,https://hokiesports.com/sports/baseball/roster#sidearm-roster-coaches,4,WOULD_UPDATE,
cmorirv2z000wqtm0syj9sq1f,cmorirv2b000uqtm0d0xcn8m3,Wake Forest University,wake-forest-university,NCAA_D1,,https://godeacs.com/sports/baseball,HIGH,https://godeacs.com/sports/baseball/roster/2026#sidearm-roster-coaches,4,WOULD_UPDATE,
cmosun0eo005eqtlg60tq9pxa,cmosun0e0005cqtlgaq1vqq45,West Virginia University,west-virginia-university,NCAA_D1,,https://wvusports.com/sports/baseball,HIGH,https://wvusports.com/sports/baseball/roster/2026#sidearm-roster-coaches,4,WOULD_UPDATE,
cmou57en3008eqtdwv2nmtif8,cmou57emf008cqtdwbx84cqra,Wichita State University,wichita-state-university,NCAA_D1,,https://goshockers.com/sports/baseball,HIGH,https://goshockers.com/sports/baseball/coaches/2026,4,WOULD_UPDATE,
cmorihv44000eqth8uy202g1u,cmorihv3g000cqth80t0ywnkz,Winthrop University,winthrop-university,NCAA_D1,,https://winthropeagles.com/sports/baseball,HIGH,https://winthropeagles.com/sports/baseball/coaches/2026,4,WOULD_UPDATE,
cmou6baee00b5qtic8uzfufb4,cmou6bado00b3qticrimagx0v,Xavier University,xavier-university,NCAA_D1,,https://goxavier.com/sports/baseball,HIGH,https://goxavier.com/sports/baseball/roster/2026#sidearm-roster-coaches,4,WOULD_UPDATE,
