programId,collegeId,collegeName,slug,city,state,division,conference,coachCount,inferredBaseballWebsiteUrl,sourceType,confidence,selectedSource,allContactUrls,allBioUrls
cmosumzxq004bqtlgcux50apa,cmosumzx30049qtlgomg2y8hl,Arizona,arizona,Tucson,AZ,NCAA_D1,,4,https://arizonawildcats.com/sports/baseball,COACH_CONTACT_URL,HIGH,https://arizonawildcats.com/sports/baseball/coaches/2026,https://arizonawildcats.com/sports/baseball/coaches/2026 | https://arizonawildcats.com/sports/baseball/coaches/2026 | https://arizonawildcats.com/sports/baseball/coaches/2026 | https://arizonawildcats.com/sports/baseball/coaches/2026,https://arizonawildcats.com/sports/baseball/roster/coaches/chip-hale/6509 | https://arizonawildcats.com/sports/baseball/roster/coaches/sean-kenny/6609 | https://arizonawildcats.com/sports/baseball/roster/coaches/toby-demello/6511 | https://arizonawildcats.com/sports/baseball/roster/coaches/trip-couch/6510
cmosumzz4004eqtlggz9328ng,cmosumzyf004cqtlgurkdv8j2,Arizona State University,arizona-state-university,Tempe,AZ,NCAA_D1,,4,https://thesundevils.com/sports/baseball,COACH_CONTACT_URL,HIGH,https://thesundevils.com/sports/baseball/coaches/2025,https://thesundevils.com/sports/baseball/coaches/2025 | https://thesundevils.com/sports/baseball/coaches/2025 | https://thesundevils.com/sports/baseball/coaches/2025 | https://thesundevils.com/sports/baseball/coaches/2025,https://thesundevils.com/sports/baseball/roster/season/2025/staff/willie-bloomquist | https://thesundevils.com/sports/baseball/roster/season/2025/staff/jason-ellison | https://thesundevils.com/sports/baseball/roster/season/2025/staff/jeremy-accardo | https://thesundevils.com/sports/baseball/roster/season/2025/staff/sam-peraza
cmou6925z009eqt1gaqjdu3za,cmou6925b009cqt1gkx1kghnj,Austin Peay State University,austin-peay-state-university,Clarksville,TN,NCAA_D1,,3,https://letsgopeay.com/sports/baseball,COACH_CONTACT_URL,HIGH,https://letsgopeay.com/sports/baseball/coaches/2026,https://letsgopeay.com/sports/baseball/coaches/2026 | https://letsgopeay.com/sports/baseball/coaches/2026 | https://letsgopeay.com/sports/baseball/coaches/2026,https://letsgopeay.com/sports/baseball/roster/coaches/roland-fanning/4255 | https://letsgopeay.com/sports/baseball/roster/coaches/jon-littell/4257 | https://letsgopeay.com/sports/baseball/roster/coaches/keirce-kimbel/4256
cmosun01s004kqtlg2b6mlqcd,cmosun015004iqtlg3arpxgbi,BYU,byu,Provo,UT,NCAA_D1,,4,https://byucougars.com/sports/baseball,COACH_CONTACT_URL,HIGH,https://byucougars.com/sports/baseball/roster#sidearm-roster-coaches,https://byucougars.com/sports/baseball/roster#sidearm-roster-coaches | https://byucougars.com/sports/baseball/roster#sidearm-roster-coaches | https://byucougars.com/sports/baseball/roster#sidearm-roster-coaches | https://byucougars.com/sports/baseball/roster#sidearm-roster-coaches,https://byucougars.com/sports/baseball/roster/season/2026/staff/trent-pratt | https://byucougars.com/sports/baseball/roster/season/2026/staff/adam-law | https://byucougars.com/sports/baseball/roster/season/2026/staff/adrian-dinkel | https://byucougars.com/sports/baseball/roster/season/2026/staff/brycen-campbell
cmosun00i004hqtlgy3534tz1,cmosumzzu004fqtlg454szeg8,Baylor University,baylor-university,Waco,TX,NCAA_D1,,4,https://baylorbears.com/sports/baseball,COACH_CONTACT_URL,HIGH,https://baylorbears.com/sports/baseball/roster/2026#sidearm-roster-coaches,https://baylorbears.com/sports/baseball/roster/2026#sidearm-roster-coaches | https://baylorbears.com/sports/baseball/roster/2026#sidearm-roster-coaches | https://baylorbears.com/sports/baseball/roster/2026#sidearm-roster-coaches | https://baylorbears.com/sports/baseball/roster/2026#sidearm-roster-coaches,https://baylorbears.com/sports/baseball/roster/coaches/mitch-thompson/2913 | https://baylorbears.com/sports/baseball/roster/coaches/jim-blair/2915 | https://baylorbears.com/sports/baseball/roster/coaches/sean-snedeker/2918 | https://baylorbears.com/sports/baseball/roster/coaches/zach-dillon/2914
cmou6927d009hqt1g6ojn2uy0,cmou6926p009fqt1gv6h5xaxk,Bellarmine University,bellarmine-university,Louisville,KY,NCAA_D1,,4,https://athletics.bellarmine.edu/sports/baseball,COACH_CONTACT_URL,HIGH,https://athletics.bellarmine.edu/sports/baseball/coaches/2026,https://athletics.bellarmine.edu/sports/baseball/coaches/2026 | https://athletics.bellarmine.edu/sports/baseball/coaches/2026 | https://athletics.bellarmine.edu/sports/baseball/coaches/2026 | https://athletics.bellarmine.edu/sports/baseball/coaches/2026,https://athletics.bellarmine.edu/sports/baseball/roster/coaches/ben-reel/1523 | https://athletics.bellarmine.edu/sports/baseball/roster/coaches/daylan-nanny/1521 | https://athletics.bellarmine.edu/sports/baseball/roster/coaches/ross-goldschlag/1526 | https://athletics.bellarmine.edu/sports/baseball/roster/coaches/seth-sweet-chick/1566
cmosownis0002qtuoado2ywvj,cmosownei0000qtuolkw0dovw,Boston College,boston-college,Chestnut Hill,MA,NCAA_D1,,3,https://bceagles.com/sports/baseball,COACH_CONTACT_URL,HIGH,https://bceagles.com/sports/baseball/roster/2026#sidearm-roster-coaches,https://bceagles.com/sports/baseball/roster/2026#sidearm-roster-coaches | https://bceagles.com/sports/baseball/roster/2026#sidearm-roster-coaches | https://bceagles.com/sports/baseball/roster/2026#sidearm-roster-coaches,https://bceagles.com/sports/baseball/roster/coaches/todd-interdonato/2867 | https://bceagles.com/sports/baseball/roster/coaches/jack-housinger/2870 | https://bceagles.com/sports/baseball/roster/coaches/ryan-forrest/2868
cmorirv5q0012qtm028k9yq81,cmorirv530010qtm0xxcup0nz,Campbell University,campbell-university,Buies Creek,NC,NCAA_D1,,4,https://gocamels.com/sports/baseball,COACH_CONTACT_URL,HIGH,https://gocamels.com/sports/baseball/coaches/2026,https://gocamels.com/sports/baseball/coaches/2026 | https://gocamels.com/sports/baseball/coaches/2026 | https://gocamels.com/sports/baseball/coaches/2026 | https://gocamels.com/sports/baseball/coaches/2026,https://gocamels.com/sports/baseball/roster/coaches/chris-marx/1343 | https://gocamels.com/sports/baseball/roster/coaches/adam-wyse/1342 | https://gocamels.com/sports/baseball/roster/coaches/seth-larue/1345 | https://gocamels.com/sports/baseball/roster/coaches/travis-stone/1344
cmou6tv0p00b8qti0d062ek6f,cmou6tv0000b6qti0uw8kd0th,Charleston Southern University,charleston-southern-university,Charleston,SC,NCAA_D1,,4,https://csusports.com/sports/baseball,COACH_CONTACT_URL,HIGH,https://csusports.com/sports/baseball/coaches/2026,https://csusports.com/sports/baseball/coaches/2026 | https://csusports.com/sports/baseball/coaches/2026 | https://csusports.com/sports/baseball/coaches/2026 | https://csusports.com/sports/baseball/coaches/2026,https://csusports.com/sports/baseball/roster/coaches/karl-kuhn/707 | https://csusports.com/sports/baseball/roster/coaches/brett-young/708 | https://csusports.com/sports/baseball/roster/coaches/kirby-mcguire/709 | https://csusports.com/sports/baseball/roster/coaches/kyle-sarazin/711
cmorihuzp0005qth8tz9l0qy6,cmorihuy70003qth8lteegu87,Clemson University,clemson-university,Clemson,SC,NCAA_D1,,4,https://clemsontigers.com/sports/baseball,COACH_CONTACT_URL,HIGH,https://clemsontigers.com/sports/baseball/roster#sidearm-roster-coaches,https://clemsontigers.com/sports/baseball/roster#sidearm-roster-coaches | https://clemsontigers.com/sports/baseball/roster#sidearm-roster-coaches | https://clemsontigers.com/sports/baseball/roster#sidearm-roster-coaches | https://clemsontigers.com/sports/baseball/roster#sidearm-roster-coaches,https://clemsontigers.com/sports/baseball/roster/season/2025/staff/erik-bakich | https://clemsontigers.com/sports/baseball/roster/season/2025/staff/griffin-mazur | https://clemsontigers.com/sports/baseball/roster/season/2025/staff/jimmy-belanger | https://clemsontigers.com/sports/baseball/roster/season/2025/staff/nick-schnabel
cmorihv1b0008qth8h0fs6y1x,cmorihv0l0006qth8tj4axfti,College of Charleston,college-of-charleston,Charleston,SC,NCAA_D1,,4,https://cofcsports.com/sports/baseball,COACH_CONTACT_URL,HIGH,https://cofcsports.com/sports/baseball/roster/2026#sidearm-roster-coaches,https://cofcsports.com/sports/baseball/roster/2026#sidearm-roster-coaches | https://cofcsports.com/sports/baseball/roster/2026#sidearm-roster-coaches | https://cofcsports.com/sports/baseball/roster/2026#sidearm-roster-coaches | https://cofcsports.com/sports/baseball/roster/2026#sidearm-roster-coaches,https://cofcsports.com/sports/baseball/roster/coaches/chad-holbrook/1288 | https://cofcsports.com/sports/baseball/roster/coaches/adam-brown/1296 | https://cofcsports.com/sports/baseball/roster/coaches/monte-lee/1362 | https://cofcsports.com/sports/baseball/roster/coaches/will-dorton/1289
cmou6ba3a00ahqtic1dy2e7bu,cmou6ba2k00afqticpp034jhc,Creighton University,creighton-university,Omaha,NE,NCAA_D1,,4,https://gocreighton.com/sports/baseball,COACH_CONTACT_URL,HIGH,https://gocreighton.com/sports/baseball/roster/2026#sidearm-roster-coaches,https://gocreighton.com/sports/baseball/roster/2026#sidearm-roster-coaches | https://gocreighton.com/sports/baseball/roster/2026#sidearm-roster-coaches | https://gocreighton.com/sports/baseball/roster/2026#sidearm-roster-coaches | https://gocreighton.com/sports/baseball/roster/2026#sidearm-roster-coaches,https://gocreighton.com/sports/baseball/roster/coaches/mark-kingston/4387 | https://gocreighton.com/sports/baseball/roster/coaches/billy-mohl/4388 | https://gocreighton.com/sports/baseball/roster/coaches/mike-current/4389 | https://gocreighton.com/sports/baseball/roster/coaches/will-mcgillis/4393
cmou65q68008hqt1on0mn17uq,cmou65q5g008fqt1ovrpzk161,Davidson College,davidson-college,Davidson,NC,NCAA_D1,,4,https://davidsonwildcats.com/sports/baseball,COACH_CONTACT_URL,HIGH,https://davidsonwildcats.com/sports/baseball/roster/2026#sidearm-roster-coaches,https://davidsonwildcats.com/sports/baseball/roster/2026#sidearm-roster-coaches | https://davidsonwildcats.com/sports/baseball/roster/2026#sidearm-roster-coaches | https://davidsonwildcats.com/sports/baseball/roster/2026#sidearm-roster-coaches | https://davidsonwildcats.com/sports/baseball/roster/2026#sidearm-roster-coaches,https://davidsonwildcats.com/sports/baseball/roster/coaches/rucker-taylor/2201 | https://davidsonwildcats.com/sports/baseball/roster/coaches/joe-sheridan/2203 | https://davidsonwildcats.com/sports/baseball/roster/coaches/john--lyonsharrison/2215 | https://davidsonwildcats.com/sports/baseball/roster/coaches/parker-nolan/2206
cmoriruyp000nqtm0g4gkgqwd,cmoriruy1000lqtm0hg80trqj,Duke University,duke-university,Durham,NC,NCAA_D1,,5,https://goduke.com/sports/baseball,COACH_CONTACT_URL,HIGH,https://goduke.com/sports/baseball/roster/2026#sidearm-roster-coaches,https://goduke.com/sports/baseball/roster/2026#sidearm-roster-coaches | https://goduke.com/sports/baseball/roster/2026#sidearm-roster-coaches | https://goduke.com/sports/baseball/roster/2026#sidearm-roster-coaches | https://goduke.com/sports/baseball/roster/2026#sidearm-roster-coaches | https://goduke.com/sports/baseball/roster/2026#sidearm-roster-coaches,https://goduke.com/sports/baseball/roster/coaches/corey-muscara/5274 | https://goduke.com/sports/baseball/roster/coaches/matt-wessinger/5276 | https://goduke.com/sports/baseball/roster/coaches/scott-loiseau/5275 | https://goduke.com/sports/baseball/roster/coaches/sean-fisher/5403 | https://goduke.com/sports/baseball/roster/coaches/will-craig/5277
cmorirv02000qqtm0792m94ry,cmoriruzd000oqtm0np271cox,East Carolina University,east-carolina-university,Greenville,NC,NCAA_D1,,3,https://ecupirates.com/sports/baseball,COACH_CONTACT_URL,HIGH,https://ecupirates.com/sports/baseball/roster/2026#sidearm-roster-coaches,https://ecupirates.com/sports/baseball/roster/2026#sidearm-roster-coaches | https://ecupirates.com/sports/baseball/roster/2026#sidearm-roster-coaches | https://ecupirates.com/sports/baseball/roster/2026#sidearm-roster-coaches,https://ecupirates.com/sports/baseball/roster/coaches/cliff-godwin/4342 | https://ecupirates.com/sports/baseball/roster/coaches/jake-gautreau/4340 | https://ecupirates.com/sports/baseball/roster/coaches/jeff-palumbo/4343
cmou692a7009nqt1gx1fvng63,cmou6929i009lqt1gqrj949vt,Eastern Kentucky University,eastern-kentucky-university,Richmond,KY,NCAA_D1,,4,https://ekusports.com/sports/baseball,COACH_CONTACT_URL,HIGH,https://ekusports.com/sports/baseball/coaches/2026,https://ekusports.com/sports/baseball/coaches/2026 | https://ekusports.com/sports/baseball/coaches/2026 | https://ekusports.com/sports/baseball/coaches/2026 | https://ekusports.com/sports/baseball/coaches/2026,https://ekusports.com/sports/baseball/roster/coaches/jan-weisberg/1790 | https://ekusports.com/sports/baseball/roster/coaches/andrew-stepp/1787 | https://ekusports.com/sports/baseball/roster/coaches/logan-salow/1795 | https://ekusports.com/sports/baseball/roster/coaches/troy-squires/1794
cmou72rea00c5qtt8bv7rh2o3,cmou72rdk00c3qtt8y45siwr2,Elon University,elon-university,Elon,NC,NCAA_D1,,4,https://elonphoenix.com/sports/baseball,COACH_CONTACT_URL,HIGH,https://elonphoenix.com/sports/baseball/coaches/2026,https://elonphoenix.com/sports/baseball/coaches/2026 | https://elonphoenix.com/sports/baseball/coaches/2026 | https://elonphoenix.com/sports/baseball/coaches/2026 | https://elonphoenix.com/sports/baseball/coaches/2026,https://elonphoenix.com/sports/baseball/roster/coaches/mike-kennedy/1575 | https://elonphoenix.com/sports/baseball/roster/coaches/robbie-huffstetler/1576 | https://elonphoenix.com/sports/baseball/roster/coaches/ryan-conroy/1579 | https://elonphoenix.com/sports/baseball/roster/coaches/ryder-giles/1591
cmou57eba007tqtdwnzaxnsg8,cmou57eah007rqtdw819u1kd8,Florida Atlantic University,florida-atlantic-university,Boca Raton,FL,NCAA_D1,,4,https://fausports.com/sports/baseball,COACH_CONTACT_URL,HIGH,https://fausports.com/sports/baseball/roster/2026#sidearm-roster-coaches,https://fausports.com/sports/baseball/roster/2026#sidearm-roster-coaches | https://fausports.com/sports/baseball/roster/2026#sidearm-roster-coaches | https://fausports.com/sports/baseball/roster/2026#sidearm-roster-coaches | https://fausports.com/sports/baseball/roster/2026#sidearm-roster-coaches,https://fausports.com/sports/baseball/roster/coaches/john-mccormack/1735 | https://fausports.com/sports/baseball/roster/coaches/hunter--cooley/1738 | https://fausports.com/sports/baseball/roster/coaches/joey-bellini/1810 | https://fausports.com/sports/baseball/roster/coaches/michael-cleary/1736
cmou692bn009qqt1g825aij0e,cmou692az009oqt1gwyz2tbx3,Florida Gulf Coast University,florida-gulf-coast-university,Fort Myers,FL,NCAA_D1,,4,https://fgcuathletics.com/sports/baseball,COACH_CONTACT_URL,HIGH,https://fgcuathletics.com/sports/baseball/coaches/2026,https://fgcuathletics.com/sports/baseball/coaches/2026 | https://fgcuathletics.com/sports/baseball/coaches/2026 | https://fgcuathletics.com/sports/baseball/coaches/2026 | https://fgcuathletics.com/sports/baseball/coaches/2026,https://fgcuathletics.com/sports/baseball/roster/coaches/dave-tollett/5490 | https://fgcuathletics.com/sports/baseball/roster/coaches/matt-reid/5493 | https://fgcuathletics.com/sports/baseball/roster/coaches/rusty-mckee/5491 | https://fgcuathletics.com/sports/baseball/roster/coaches/steve-mckee/5492
cmosownpr000eqtuok3wn4xee,cmosownp0000cqtuo7ukk8301,Florida State University,florida-state-university,Tallahassee,FL,NCAA_D1,,4,https://seminoles.com/sports/baseball,COACH_CONTACT_URL,HIGH,https://seminoles.com/sports/baseball/roster/2026#sidearm-roster-coaches,https://seminoles.com/sports/baseball/roster/2026#sidearm-roster-coaches | https://seminoles.com/sports/baseball/roster/2026#sidearm-roster-coaches | https://seminoles.com/sports/baseball/roster/2026#sidearm-roster-coaches | https://seminoles.com/sports/baseball/roster/2026#sidearm-roster-coaches,https://seminoles.com/sports/baseball/roster/coaches/link-jarrett/1042 | https://seminoles.com/sports/baseball/roster/coaches/brad-vanderglas/1045 | https://seminoles.com/sports/baseball/roster/coaches/micah-posey/1044 | https://seminoles.com/sports/baseball/roster/coaches/ty-megahee/1043
cmou65q9a008nqt1ohbgyxbpf,cmou65q8l008lqt1ozzkwkjhm,Fordham University,fordham-university,Bronx,NY,NCAA_D1,,3,https://fordhamsports.com/sports/baseball,COACH_CONTACT_URL,HIGH,https://fordhamsports.com/sports/baseball/coaches/2026,https://fordhamsports.com/sports/baseball/coaches/2026 | https://fordhamsports.com/sports/baseball/coaches/2026 | https://fordhamsports.com/sports/baseball/coaches/2026,https://fordhamsports.com/sports/baseball/roster/coaches/kevin-leighton/3104 | https://fordhamsports.com/sports/baseball/roster/coaches/elliot-glynn/3106 | https://fordhamsports.com/sports/baseball/roster/coaches/pat-porter/3105
cmou6tv2500bbqti0uzylvved,cmou6tv1f00b9qti056wd26tx,Gardner-Webb University,gardner-webb-university,Boiling Springs,NC,NCAA_D1,,4,https://gwusports.com/sports/baseball,COACH_CONTACT_URL,HIGH,https://gwusports.com/sports/baseball/coaches,https://gwusports.com/sports/baseball/coaches | https://gwusports.com/sports/baseball/coaches | https://gwusports.com/sports/baseball/coaches | https://gwusports.com/sports/baseball/coaches,https://gwusports.com/sports/baseball/roster/coaches/jim-chester/1224 | https://gwusports.com/sports/baseball/roster/coaches/cam-medic/1225 | https://gwusports.com/sports/baseball/roster/coaches/curtis-robison/1226 | https://gwusports.com/sports/baseball/roster/coaches/tom-cockill/1227
cmou65qaq008qqt1oh4skw4mn,cmou65q9z008oqt1ow67o9q0x,George Mason University,george-mason-university,Fairfax,VA,NCAA_D1,,4,https://gomason.com/sports/baseball,COACH_CONTACT_URL,HIGH,https://gomason.com/sports/baseball/coaches/2026,https://gomason.com/sports/baseball/coaches/2026 | https://gomason.com/sports/baseball/coaches/2026 | https://gomason.com/sports/baseball/coaches/2026 | https://gomason.com/sports/baseball/coaches/2026,https://gomason.com/sports/baseball/roster/coaches/shawn-camp/1657 | https://gomason.com/sports/baseball/roster/coaches/evan-duhon/1660 | https://gomason.com/sports/baseball/roster/coaches/tommy-winterstein/1663 | https://gomason.com/sports/baseball/roster/coaches/tyler-nelin/1662
cmou65qc7008tqt1otrt39c9e,cmou65qbg008rqt1omiz03mq1,George Washington University,george-washington-university,Washington,DC,NCAA_D1,,3,https://gwsports.com/sports/baseball,COACH_CONTACT_URL,HIGH,https://gwsports.com/sports/baseball/roster/2026#sidearm-roster-coaches,https://gwsports.com/sports/baseball/roster/2026#sidearm-roster-coaches | https://gwsports.com/sports/baseball/roster/2026#sidearm-roster-coaches | https://gwsports.com/sports/baseball/roster/2026#sidearm-roster-coaches,https://gwsports.com/sports/baseball/roster/coaches/gregg-ritchie/1183 | https://gwsports.com/sports/baseball/roster/coaches/ramon-garza/1146 | https://gwsports.com/sports/baseball/roster/coaches/tyler-kavanaugh/1073
cmou6ba6000anqticmefr3evw,cmou6ba5c00alqticm9m1ucs0,Georgetown University,georgetown-university,Washington,DC,NCAA_D1,,3,https://guhoyas.com/sports/baseball,COACH_CONTACT_URL,HIGH,https://guhoyas.com/sports/baseball/coaches/2026,https://guhoyas.com/sports/baseball/coaches/2026 | https://guhoyas.com/sports/baseball/coaches/2026 | https://guhoyas.com/sports/baseball/coaches/2026,https://guhoyas.com/sports/baseball/roster/coaches/edwin-thompson/2297 | https://guhoyas.com/sports/baseball/roster/coaches/errol-robinson/2366 | https://guhoyas.com/sports/baseball/roster/coaches/george-capen/2298
cmorirv9s001bqtm0xz16xnel,cmorirv940019qtm0y88vy537,Georgia Tech,georgia-tech,Atlanta,GA,NCAA_D1,,4,https://ramblinwreck.com/sports/m-basebl,COACH_CONTACT_URL,HIGH,https://ramblinwreck.com/sports/m-basebl/roster#sidearm-roster-coaches,https://ramblinwreck.com/sports/m-basebl/roster#sidearm-roster-coaches | https://ramblinwreck.com/sports/m-basebl/roster#sidearm-roster-coaches | https://ramblinwreck.com/sports/m-basebl/roster#sidearm-roster-coaches | https://ramblinwreck.com/sports/m-basebl/roster#sidearm-roster-coaches,
cmorirv4e000zqtm091dbu3g3,cmorirv3o000xqtm0dw9r5xuo,High Point University,high-point-university,High Point,NC,NCAA_D1,,4,https://highpointpanthers.com/sports/baseball,COACH_CONTACT_URL,HIGH,https://highpointpanthers.com/sports/baseball/coaches/2026,https://highpointpanthers.com/sports/baseball/coaches/2026 | https://highpointpanthers.com/sports/baseball/coaches/2026 | https://highpointpanthers.com/sports/baseball/coaches/2026 | https://highpointpanthers.com/sports/baseball/coaches/2026,https://highpointpanthers.com/sports/baseball/roster/coaches/joey-hammond/1831 | https://highpointpanthers.com/sports/baseball/roster/coaches/chris-maness/1833 | https://highpointpanthers.com/sports/baseball/roster/coaches/derek-orndorff/1834 | https://highpointpanthers.com/sports/baseball/roster/coaches/jerry-edwards/1832
cmoss3ue6002tqtaoogo4t1i5,cmoss3ude002rqtaoztf1hdin,Indiana University,indiana-university,Bloomington,IN,NCAA_D1,,4,https://iuhoosiers.com/sports/baseball,COACH_CONTACT_URL,HIGH,https://iuhoosiers.com/sports/baseball/roster/2026#sidearm-roster-coaches,https://iuhoosiers.com/sports/baseball/roster/2026#sidearm-roster-coaches | https://iuhoosiers.com/sports/baseball/roster/2026#sidearm-roster-coaches | https://iuhoosiers.com/sports/baseball/roster/2026#sidearm-roster-coaches | https://iuhoosiers.com/sports/baseball/roster/2026#sidearm-roster-coaches,https://iuhoosiers.com/sports/baseball/roster/coaches/jeff-mercer/4418 | https://iuhoosiers.com/sports/baseball/roster/coaches/denton-sagerman/4264 | https://iuhoosiers.com/sports/baseball/roster/coaches/matt-myers/4420 | https://iuhoosiers.com/sports/baseball/roster/coaches/zach-weatherford/4419
cmou692cy009tqt1gvkh1u2u0,cmou692c9009rqt1gyfzu2me9,Jacksonville University,jacksonville-university,Jacksonville,FL,NCAA_D1,,4,https://judolphins.com/sports/baseball,COACH_CONTACT_URL,HIGH,https://judolphins.com/sports/baseball/coaches/2026,https://judolphins.com/sports/baseball/coaches/2026 | https://judolphins.com/sports/baseball/coaches/2026 | https://judolphins.com/sports/baseball/coaches/2026 | https://judolphins.com/sports/baseball/coaches/2026,https://judolphins.com/sports/baseball/roster/coaches/chris-hayes/1454 | https://judolphins.com/sports/baseball/roster/coaches/casey-kulina/1456 | https://judolphins.com/sports/baseball/roster/coaches/colby-bortles/1455 | https://judolphins.com/sports/baseball/roster/coaches/turner-brown/1457
cmosun06w004wqtlghra8useq,cmosun069004uqtlgldcwzyyz,Kansas State University,kansas-state-university,Manhattan,KS,NCAA_D1,,4,https://www.kstatesports.com/sports/baseball,COACH_CONTACT_URL,HIGH,https://www.kstatesports.com/sports/baseball/roster/2026#sidearm-roster-coaches,https://www.kstatesports.com/sports/baseball/roster/2026#sidearm-roster-coaches | https://www.kstatesports.com/sports/baseball/roster/2026#sidearm-roster-coaches | https://www.kstatesports.com/sports/baseball/roster/2026#sidearm-roster-coaches | https://www.kstatesports.com/sports/baseball/roster/2026#sidearm-roster-coaches,https://www.kstatesports.com/sports/baseball/roster/coaches/pete-hughes/2731 | https://www.kstatesports.com/sports/baseball/roster/coaches/austin-wates/2732 | https://www.kstatesports.com/sports/baseball/roster/coaches/rudy-darrow/2735 | https://www.kstatesports.com/sports/baseball/roster/coaches/thomas-hughes/2734
cmou6tv4y00bhqti0f4aa9zgu,cmou6tv4900bfqti0dl5zm88o,Longwood University,longwood-university,Farmville,VA,NCAA_D1,,3,https://longwoodlancers.com/sports/baseball,COACH_CONTACT_URL,HIGH,https://longwoodlancers.com/sports/baseball/coaches/2026,https://longwoodlancers.com/sports/baseball/coaches/2026 | https://longwoodlancers.com/sports/baseball/coaches/2026 | https://longwoodlancers.com/sports/baseball/coaches/2026,https://longwoodlancers.com/sports/baseball/roster/coaches/ray-noe/1324 | https://longwoodlancers.com/sports/baseball/roster/coaches/eric-miles/1325 | https://longwoodlancers.com/sports/baseball/roster/coaches/harrison-stevens/1335
cmoss3ujo0035qtaocvcas0pr,cmoss3uj00033qtao6edcy6t4,Michigan State University,michigan-state-university,East Lansing,MI,NCAA_D1,,4,https://msuspartans.com/sports/baseball,COACH_CONTACT_URL,HIGH,https://msuspartans.com/sports/baseball/roster/2026#sidearm-roster-coaches,https://msuspartans.com/sports/baseball/roster/2026#sidearm-roster-coaches | https://msuspartans.com/sports/baseball/roster/2026#sidearm-roster-coaches | https://msuspartans.com/sports/baseball/roster/2026#sidearm-roster-coaches | https://msuspartans.com/sports/baseball/roster/2026#sidearm-roster-coaches,https://msuspartans.com/sports/baseball/roster/coaches/jake-boss-jr/1770 | https://msuspartans.com/sports/baseball/roster/coaches/graham-sikes/1771 | https://msuspartans.com/sports/baseball/roster/coaches/mark-van-ameyde/1772 | https://msuspartans.com/sports/baseball/roster/coaches/taylor-grzelakowski/1776
cmou72rfn00c8qtt8hwktn20p,cmou72rez00c6qtt8vg07t3mb,Monmouth University,monmouth-university,West Long Branch,NJ,NCAA_D1,,3,https://monmouthhawks.com/sports/baseball,COACH_CONTACT_URL,HIGH,https://monmouthhawks.com/sports/baseball/coaches/2026,https://monmouthhawks.com/sports/baseball/coaches/2026 | https://monmouthhawks.com/sports/baseball/coaches/2026 | https://monmouthhawks.com/sports/baseball/coaches/2026,https://monmouthhawks.com/sports/baseball/roster/coaches/dean-ehehalt/7992 | https://monmouthhawks.com/sports/baseball/roster/coaches/eric-reardon/8025 | https://monmouthhawks.com/sports/baseball/roster/coaches/trey-stover/8024
cmou72rh100cbqtt8n0exf72o,cmou72rgb00c9qtt82x6a8jc6,North Carolina A&T State University,north-carolina-at-state-university,Greensboro,NC,NCAA_D1,,4,https://ncataggies.com/sports/baseball,COACH_CONTACT_URL,HIGH,https://ncataggies.com/sports/baseball/coaches/2026,https://ncataggies.com/sports/baseball/coaches/2026 | https://ncataggies.com/sports/baseball/coaches/2026 | https://ncataggies.com/sports/baseball/coaches/2026 | https://ncataggies.com/sports/baseball/coaches/2026,https://ncataggies.com/sports/baseball/roster/coaches/ben-hall/739 | https://ncataggies.com/sports/baseball/roster/coaches/billy-funk/742 | https://ncataggies.com/sports/baseball/roster/coaches/nick-detringo/746 | https://ncataggies.com/sports/baseball/roster/coaches/tyson-ellis/745
cmoriruxc000kqtm0j7aburmj,cmoriruwm000iqtm02t4sd889,North Carolina State University,north-carolina-state-university,Raleigh,NC,NCAA_D1,,4,https://gopack.com/sports/baseball,COACH_CONTACT_URL,HIGH,https://gopack.com/sports/baseball/roster/2026#sidearm-roster-coaches,https://gopack.com/sports/baseball/roster/2026#sidearm-roster-coaches | https://gopack.com/sports/baseball/roster/2026#sidearm-roster-coaches | https://gopack.com/sports/baseball/roster/2026#sidearm-roster-coaches | https://gopack.com/sports/baseball/roster/2026#sidearm-roster-coaches,https://gopack.com/sports/baseball/roster/coaches/elliott-avent/5131 | https://gopack.com/sports/baseball/roster/coaches/bo-robinson/5134 | https://gopack.com/sports/baseball/roster/coaches/chris-hart/5132 | https://gopack.com/sports/baseball/roster/coaches/clint-chrysler/5133
cmoss3uno003eqtaonzgvlr9p,cmoss3un1003cqtao6c08qtft,Northwestern University,northwestern-university,Evanston,IL,NCAA_D1,,4,https://nusports.com/sports/baseball,COACH_CONTACT_URL,HIGH,https://nusports.com/sports/baseball/roster#sidearm-roster-coaches,https://nusports.com/sports/baseball/roster#sidearm-roster-coaches | https://nusports.com/sports/baseball/roster#sidearm-roster-coaches | https://nusports.com/sports/baseball/roster#sidearm-roster-coaches | https://nusports.com/sports/baseball/roster#sidearm-roster-coaches,https://nusports.com/sports/baseball/roster/season/2026/staff/ben-greenspan | https://nusports.com/sports/baseball/roster/season/2026/staff/cody-jefferis | https://nusports.com/sports/baseball/roster/season/2026/staff/jason-kelly | https://nusports.com/sports/baseball/roster/season/2026/staff/tyler-rost
cmoss3upc003hqtaoe5fltxdq,cmoss3uob003fqtaoxl8favwc,Ohio State University,ohio-state-university,Columbus,OH,NCAA_D1,,4,https://ohiostatebuckeyes.com/sports/baseball,COACH_CONTACT_URL,HIGH,https://ohiostatebuckeyes.com/sports/baseball/roster/2026#sidearm-roster-coaches,https://ohiostatebuckeyes.com/sports/baseball/roster/2026#sidearm-roster-coaches | https://ohiostatebuckeyes.com/sports/baseball/roster/2026#sidearm-roster-coaches | https://ohiostatebuckeyes.com/sports/baseball/roster/2026#sidearm-roster-coaches | https://ohiostatebuckeyes.com/sports/baseball/roster/2026#sidearm-roster-coaches,https://ohiostatebuckeyes.com/sports/baseball/roster/coaches/justin-haire/2230 | https://ohiostatebuckeyes.com/sports/baseball/roster/coaches/elliott--mccummings/2233 | https://ohiostatebuckeyes.com/sports/baseball/roster/coaches/joey-holcomb/2231 | https://ohiostatebuckeyes.com/sports/baseball/roster/coaches/tyler--robinson/2232
cmosun087004zqtlg8mhr1z8t,cmosun07l004xqtlgmfv1xuiu,Oklahoma State University,oklahoma-state-university,Stillwater,OK,NCAA_D1,,4,https://okstate.com/sports/baseball,COACH_CONTACT_URL,HIGH,https://okstate.com/sports/baseball/roster/2026#sidearm-roster-coaches,https://okstate.com/sports/baseball/roster/2026#sidearm-roster-coaches | https://okstate.com/sports/baseball/roster/2026#sidearm-roster-coaches | https://okstate.com/sports/baseball/roster/2026#sidearm-roster-coaches | https://okstate.com/sports/baseball/roster/2026#sidearm-roster-coaches,https://okstate.com/sports/baseball/roster/coaches/josh-holliday/3638 | https://okstate.com/sports/baseball/roster/coaches/blake-hawksworth/3644 | https://okstate.com/sports/baseball/roster/coaches/mark-ginther/3642 | https://okstate.com/sports/baseball/roster/coaches/victor-romero/3641
cmoss3uqn003kqtaoaqh1o3af,cmoss3upz003iqtao5i62w3ay,Penn State University,penn-state-university,University Park,PA,NCAA_D1,,4,https://gopsusports.com/sports/baseball,COACH_CONTACT_URL,HIGH,https://gopsusports.com/sports/baseball/roster#sidearm-roster-coaches,https://gopsusports.com/sports/baseball/roster#sidearm-roster-coaches | https://gopsusports.com/sports/baseball/roster#sidearm-roster-coaches | https://gopsusports.com/sports/baseball/roster#sidearm-roster-coaches | https://gopsusports.com/sports/baseball/roster#sidearm-roster-coaches,https://gopsusports.com/sports/baseball/roster/season/2025-26/staff/mike-gambino | https://gopsusports.com/sports/baseball/roster/season/2025-26/staff/jake-palomaki | https://gopsusports.com/sports/baseball/roster/season/2025-26/staff/nick-puccio | https://gopsusports.com/sports/baseball/roster/season/2025-26/staff/will-jauss
cmou6tv6d00bkqti0fqrjrjwf,cmou6tv5p00biqti096g6a7i8,Presbyterian College,presbyterian-college,Clinton,SC,NCAA_D1,,4,https://gobluehose.com/sports/baseball,COACH_CONTACT_URL,HIGH,https://gobluehose.com/sports/baseball/coaches/2026,https://gobluehose.com/sports/baseball/coaches/2026 | https://gobluehose.com/sports/baseball/coaches/2026 | https://gobluehose.com/sports/baseball/coaches/2026 | https://gobluehose.com/sports/baseball/coaches/2026,https://gobluehose.com/sports/baseball/roster/coaches/elton-pollock/1228 | https://gobluehose.com/sports/baseball/roster/coaches/bryan-liriano-hernandez/1230 | https://gobluehose.com/sports/baseball/roster/coaches/john-o-neil/1232 | https://gobluehose.com/sports/baseball/roster/coaches/o-kevius-conway/1233
cmoss3urx003nqtaoxvvgb7e1,cmoss3ura003lqtaodex5xyz9,Purdue University,purdue-university,West Lafayette,IN,NCAA_D1,,4,https://purduesports.com/sports/baseball,COACH_CONTACT_URL,HIGH,https://purduesports.com/sports/baseball/coaches/2025,https://purduesports.com/sports/baseball/coaches/2025 | https://purduesports.com/sports/baseball/coaches/2025 | https://purduesports.com/sports/baseball/coaches/2025 | https://purduesports.com/sports/baseball/coaches/2025,https://purduesports.com/sports/baseball/roster/season/2025/staff/greg-goff | https://purduesports.com/sports/baseball/roster/season/2025/staff/barrett-serrato | https://purduesports.com/sports/baseball/roster/season/2025/staff/jimmy-brenneman | https://purduesports.com/sports/baseball/roster/season/2025/staff/josh-newman
cmorj0gul002nqtioftxuxef1,cmorj0gtv002lqtio6lhkp2sn,Queens University of Charlotte,queens-university-of-charlotte,Charlotte,NC,NCAA_D1,,3,https://queensathletics.com/sports/baseball,COACH_CONTACT_URL,HIGH,https://queensathletics.com/sports/baseball/coaches/2026,https://queensathletics.com/sports/baseball/coaches/2026 | https://queensathletics.com/sports/baseball/coaches/2026 | https://queensathletics.com/sports/baseball/coaches/2026,https://queensathletics.com/sports/baseball/roster/coaches/jake-hendrick/2239 | https://queensathletics.com/sports/baseball/roster/coaches/james-cullinane/2240 | https://queensathletics.com/sports/baseball/roster/coaches/nick-melton/2243
cmou57eem007zqtdwx7f8coft,cmou57edu007xqtdwf0oux6v3,Rice University,rice-university,Houston,TX,NCAA_D1,,4,https://riceowls.com/sports/baseball,COACH_CONTACT_URL,HIGH,https://riceowls.com/sports/baseball/roster/2026#sidearm-roster-coaches,https://riceowls.com/sports/baseball/roster/2026#sidearm-roster-coaches | https://riceowls.com/sports/baseball/roster/2026#sidearm-roster-coaches | https://riceowls.com/sports/baseball/roster/2026#sidearm-roster-coaches | https://riceowls.com/sports/baseball/roster/2026#sidearm-roster-coaches,https://riceowls.com/sports/baseball/roster/coaches/david-pierce/3312 | https://riceowls.com/sports/baseball/roster/coaches/clay-van-hook/3317 | https://riceowls.com/sports/baseball/roster/coaches/-jj--altobelli/3314 | https://riceowls.com/sports/baseball/roster/coaches/mikey--hoehner/3319
cmoss3ut9003qqtaoy83jq2k5,cmoss3usl003oqtaorrzcvm28,Rutgers University,rutgers-university,New Brunswick,NJ,NCAA_D1,,4,https://scarletknights.com/sports/baseball,COACH_CONTACT_URL,HIGH,https://scarletknights.com/sports/baseball/roster/2026#sidearm-roster-coaches,https://scarletknights.com/sports/baseball/roster/2026#sidearm-roster-coaches | https://scarletknights.com/sports/baseball/roster/2026#sidearm-roster-coaches | https://scarletknights.com/sports/baseball/roster/2026#sidearm-roster-coaches | https://scarletknights.com/sports/baseball/roster/2026#sidearm-roster-coaches,https://scarletknights.com/sports/baseball/roster/coaches/steve-owens/6206 | https://scarletknights.com/sports/baseball/roster/coaches/danny-bethea/6209 | https://scarletknights.com/sports/baseball/roster/coaches/mike-garza/6207 | https://scarletknights.com/sports/baseball/roster/coaches/ryan-fecteau/6248
cmou65qhy0095qt1ownoailh2,cmou65qh80093qt1oh6psc6h9,Saint Joseph's University,saint-josephs-university,Philadelphia,PA,NCAA_D1,,4,https://sjuhawks.com/sports/baseball,COACH_CONTACT_URL,HIGH,https://sjuhawks.com/sports/baseball/coaches/2026,https://sjuhawks.com/sports/baseball/coaches/2026 | https://sjuhawks.com/sports/baseball/coaches/2026 | https://sjuhawks.com/sports/baseball/coaches/2026 | https://sjuhawks.com/sports/baseball/coaches/2026,https://sjuhawks.com/sports/baseball/roster/coaches/fritz-hamburg/1183 | https://sjuhawks.com/sports/baseball/roster/coaches/doc-neiman/1185 | https://sjuhawks.com/sports/baseball/roster/coaches/lee-saverio/1184 | https://sjuhawks.com/sports/baseball/roster/coaches/scott-boches/1189
cmou65qje0098qt1ozah8sdhb,cmou65qio0096qt1o4osfjy36,Saint Louis University,saint-louis-university,St. Louis,MO,NCAA_D1,,4,https://slubillikens.com/sports/baseball,COACH_CONTACT_URL,HIGH,https://slubillikens.com/sports/baseball/coaches/2026,https://slubillikens.com/sports/baseball/coaches/2026 | https://slubillikens.com/sports/baseball/coaches/2026 | https://slubillikens.com/sports/baseball/coaches/2026 | https://slubillikens.com/sports/baseball/coaches/2026,https://slubillikens.com/sports/baseball/roster/coaches/miles-miller/2174 | https://slubillikens.com/sports/baseball/roster/coaches/david-olson/2197 | https://slubillikens.com/sports/baseball/roster/coaches/joe-costanzo/2196 | https://slubillikens.com/sports/baseball/roster/coaches/mike-farrell/2195
cmou6babe00azqtic7ata0fs3,cmou6baap00axqtic1q6c8vze,Seton Hall University,seton-hall-university,South Orange,NJ,NCAA_D1,,3,https://shupirates.com/sports/baseball,COACH_CONTACT_URL,HIGH,https://shupirates.com/sports/baseball/roster/2026#sidearm-roster-coaches,https://shupirates.com/sports/baseball/roster/2026#sidearm-roster-coaches | https://shupirates.com/sports/baseball/roster/2026#sidearm-roster-coaches | https://shupirates.com/sports/baseball/roster/2026#sidearm-roster-coaches,https://shupirates.com/sports/baseball/roster/coaches/rob-sheppard/3906 | https://shupirates.com/sports/baseball/roster/coaches/jimmy-moran/3908 | https://shupirates.com/sports/baseball/roster/coaches/ryan-ramiz/3909
cmou6baa000awqticynlwrngm,cmou6ba9d00auqtichfm9m8f7,St. John's University,st-johns-university,Queens,NY,NCAA_D1,,4,https://redstormsports.com/sports/baseball,COACH_CONTACT_URL,HIGH,https://redstormsports.com/sports/baseball/roster/2026#sidearm-roster-coaches,https://redstormsports.com/sports/baseball/roster/2026#sidearm-roster-coaches | https://redstormsports.com/sports/baseball/roster/2026#sidearm-roster-coaches | https://redstormsports.com/sports/baseball/roster/2026#sidearm-roster-coaches | https://redstormsports.com/sports/baseball/roster/2026#sidearm-roster-coaches,https://redstormsports.com/sports/baseball/roster/coaches/mike-hampton/877 | https://redstormsports.com/sports/baseball/roster/coaches/garrett--scavelli/880 | https://redstormsports.com/sports/baseball/roster/coaches/george-brown/878 | https://redstormsports.com/sports/baseball/roster/coaches/john-valente/879
cmosowo1h0012qtuoqpb2b897,cmosowo0s0010qtuovb31mcy3,Stanford University,stanford-university,Stanford,CA,NCAA_D1,,4,https://gostanford.com/sports/baseball,COACH_CONTACT_URL,HIGH,https://gostanford.com/sports/baseball/roster#sidearm-roster-coaches,https://gostanford.com/sports/baseball/roster#sidearm-roster-coaches | https://gostanford.com/sports/baseball/roster#sidearm-roster-coaches | https://gostanford.com/sports/baseball/roster#sidearm-roster-coaches | https://gostanford.com/sports/baseball/roster#sidearm-roster-coaches,https://gostanford.com/sports/baseball/roster/season/2026/staff/david-esquer | https://gostanford.com/sports/baseball/roster/season/2026/staff/ryan-kirby | https://gostanford.com/sports/baseball/roster/season/2026/staff/steve-rodriguez | https://gostanford.com/sports/baseball/roster/season/2026/staff/thomas-eager
cmou692j100a5qt1gjzdz1gj8,cmou692i900a3qt1ge0op0qbf,Stetson University,stetson-university,DeLand,FL,NCAA_D1,,4,https://gohatters.com/sports/baseball,COACH_CONTACT_URL,HIGH,https://gohatters.com/sports/baseball/coaches/2026,https://gohatters.com/sports/baseball/coaches/2026 | https://gohatters.com/sports/baseball/coaches/2026 | https://gohatters.com/sports/baseball/coaches/2026 | https://gohatters.com/sports/baseball/coaches/2026,https://gohatters.com/sports/baseball/roster/coaches/steve-trimper/1198 | https://gohatters.com/sports/baseball/roster/coaches/cameron-coons/1200 | https://gohatters.com/sports/baseball/roster/coaches/daniel-latham/1199 | https://gohatters.com/sports/baseball/roster/coaches/greg-lovelady/1201
cmou72rjw00chqtt8k4ykpna3,cmou72rj700cfqtt8j1fo71oa,Stony Brook University,stony-brook-university,Stony Brook,NY,NCAA_D1,,3,https://stonybrookathletics.com/sports/baseball,COACH_CONTACT_URL,HIGH,https://stonybrookathletics.com/sports/baseball/coaches/2026,https://stonybrookathletics.com/sports/baseball/coaches/2026 | https://stonybrookathletics.com/sports/baseball/coaches/2026 | https://stonybrookathletics.com/sports/baseball/coaches/2026,https://stonybrookathletics.com/sports/baseball/roster/coaches/jim-martin/1552 | https://stonybrookathletics.com/sports/baseball/roster/coaches/evan-fox/1553 | https://stonybrookathletics.com/sports/baseball/roster/coaches/mike-petrowski/1569
cmosun09h0052qtlg5joyoy43,cmosun08u0050qtlg3k28eb5j,TCU,tcu,Fort Worth,TX,NCAA_D1,,4,https://gofrogs.com/sports/baseball,COACH_CONTACT_URL,HIGH,https://gofrogs.com/sports/baseball/roster/2026#coaches,https://gofrogs.com/sports/baseball/roster/2026#coaches | https://gofrogs.com/sports/baseball/roster/2026#coaches | https://gofrogs.com/sports/baseball/roster/2026#coaches | https://gofrogs.com/sports/baseball/roster/2026#coaches,https://gofrogs.com/sports/baseball/roster/coaches/kirk-saarloos/2042 | https://gofrogs.com/sports/baseball/roster/coaches/bill-mosiello/1821 | https://gofrogs.com/sports/baseball/roster/coaches/dave-lawn/1819 | https://gofrogs.com/sports/baseball/roster/coaches/john-dilaura/2045
cmosun0ar0055qtlg6xlvphkd,cmosun0a30053qtlgwqx8pc03,Texas Tech University,texas-tech-university,Lubbock,TX,NCAA_D1,,4,https://texastech.com/sports/baseball,COACH_CONTACT_URL,HIGH,https://texastech.com/sports/baseball/roster/2026#sidearm-roster-coaches,https://texastech.com/sports/baseball/roster/2026#sidearm-roster-coaches | https://texastech.com/sports/baseball/roster/2026#sidearm-roster-coaches | https://texastech.com/sports/baseball/roster/2026#sidearm-roster-coaches | https://texastech.com/sports/baseball/roster/2026#sidearm-roster-coaches,https://texastech.com/sports/baseball/roster/coaches/tim-tadlock/4257 | https://texastech.com/sports/baseball/roster/coaches/eric-gutierrez/4262 | https://texastech.com/sports/baseball/roster/coaches/jbob-thomas/4258 | https://texastech.com/sports/baseball/roster/coaches/steve-foster/4265
cmou72rlc00ckqtt8h1zgkmzj,cmou72rkm00ciqtt8z62e367q,Towson University,towson-university,Towson,MD,NCAA_D1,,4,https://towsontigers.com/sports/baseball,COACH_CONTACT_URL,HIGH,https://towsontigers.com/sports/baseball/coaches/2026,https://towsontigers.com/sports/baseball/coaches/2026 | https://towsontigers.com/sports/baseball/coaches/2026 | https://towsontigers.com/sports/baseball/coaches/2026 | https://towsontigers.com/sports/baseball/coaches/2026,https://towsontigers.com/sports/baseball/roster/coaches/matt-tyner/8668 | https://towsontigers.com/sports/baseball/roster/coaches/j-d-pulfer/8670 | https://towsontigers.com/sports/baseball/roster/coaches/mike-ruppenthal/8669 | https://towsontigers.com/sports/baseball/roster/coaches/steven-medrano/8695
cmou57ekc0088qtdwzjnvgm0x,cmou57ejn0086qtdwaxqor803,Tulane University,tulane-university,New Orleans,LA,NCAA_D1,,4,https://tulanegreenwave.com/sports/baseball,COACH_CONTACT_URL,HIGH,https://tulanegreenwave.com/sports/baseball/roster/2026#sidearm-roster-coaches,https://tulanegreenwave.com/sports/baseball/roster/2026#sidearm-roster-coaches | https://tulanegreenwave.com/sports/baseball/roster/2026#sidearm-roster-coaches | https://tulanegreenwave.com/sports/baseball/roster/2026#sidearm-roster-coaches | https://tulanegreenwave.com/sports/baseball/roster/2026#sidearm-roster-coaches,https://tulanegreenwave.com/sports/baseball/roster/coaches/jay-uhlman/8165 | https://tulanegreenwave.com/sports/baseball/roster/coaches/anthony-izzio/7961 | https://tulanegreenwave.com/sports/baseball/roster/coaches/bryan--hodge/8168 | https://tulanegreenwave.com/sports/baseball/roster/coaches/walt-jones/8167
cmosun0c10058qtlgn2wdysws,cmosun0bd0056qtlg87u13vxx,UCF,ucf,Orlando,FL,NCAA_D1,,4,https://ucfknights.com/sports/baseball,COACH_CONTACT_URL,HIGH,https://ucfknights.com/sports/baseball/roster#sidearm-roster-coaches,https://ucfknights.com/sports/baseball/roster#sidearm-roster-coaches | https://ucfknights.com/sports/baseball/roster#sidearm-roster-coaches | https://ucfknights.com/sports/baseball/roster#sidearm-roster-coaches | https://ucfknights.com/sports/baseball/roster#sidearm-roster-coaches,https://ucfknights.com/sports/baseball/roster/season/2026/staff/rich-wallace | https://ucfknights.com/sports/baseball/roster/season/2026/staff/drew-thomas | https://ucfknights.com/sports/baseball/roster/season/2026/staff/norberto-lopez | https://ucfknights.com/sports/baseball/roster/season/2026/staff/shane-gierke
cmossumqt003zqtpgyjdtn02c,cmossumq5003xqtpgz2376dpb,UCLA,ucla,Los Angeles,CA,NCAA_D1,,4,https://uclabruins.com/sports/baseball,COACH_CONTACT_URL,HIGH,https://uclabruins.com/sports/baseball/coaches/2026,https://uclabruins.com/sports/baseball/coaches/2026 | https://uclabruins.com/sports/baseball/coaches/2026 | https://uclabruins.com/sports/baseball/coaches/2026 | https://uclabruins.com/sports/baseball/coaches/2026,https://uclabruins.com/sports/baseball/roster/season/2026/staff/john-savage | https://uclabruins.com/sports/baseball/roster/season/2026/staff/bryant-ward | https://uclabruins.com/sports/baseball/roster/season/2026/staff/griffin-barnes | https://uclabruins.com/sports/baseball/roster/season/2026/staff/jake-palmer
cmou6tv9900bqqti0wabo0574,cmou6tv8i00boqti0vjvm8aer,UNC Asheville,unc-asheville,Asheville,NC,NCAA_D1,,2,https://uncabulldogs.com/sports/baseball,COACH_CONTACT_URL,HIGH,https://uncabulldogs.com/sports/baseball/roster/2026#sidearm-roster-coaches,https://uncabulldogs.com/sports/baseball/roster/2026#sidearm-roster-coaches | https://uncabulldogs.com/sports/baseball/roster/2026#sidearm-roster-coaches,https://uncabulldogs.com/sports/baseball/roster/coaches/alex-raburn/800 | https://uncabulldogs.com/sports/baseball/roster/coaches/bryce-roddey/803
cmou6tvap00btqti0249q1z1i,cmou6tv9y00brqti0h1og2mt7,USC Upstate,usc-upstate,Spartanburg,SC,NCAA_D1,,4,https://upstatespartans.com/sports/baseball,COACH_CONTACT_URL,HIGH,https://upstatespartans.com/sports/baseball/roster/2026#sidearm-roster-coaches,https://upstatespartans.com/sports/baseball/roster/2026#sidearm-roster-coaches | https://upstatespartans.com/sports/baseball/roster/2026#sidearm-roster-coaches | https://upstatespartans.com/sports/baseball/roster/2026#sidearm-roster-coaches | https://upstatespartans.com/sports/baseball/roster/2026#sidearm-roster-coaches,https://upstatespartans.com/sports/baseball/roster/coaches/kane--sweeney/507 | https://upstatespartans.com/sports/baseball/roster/coaches/audie-afenir/511 | https://upstatespartans.com/sports/baseball/roster/coaches/easton-cullison/510 | https://upstatespartans.com/sports/baseball/roster/coaches/nick-hoffman/508
cmou57e6p007kqtdwt7q4s4pg,cmou57e5s007iqtdwb3g795nq,University of Alabama at Birmingham,university-of-alabama-at-birmingham,Birmingham,AL,NCAA_D1,,5,https://uabsports.com/sports/baseball,COACH_CONTACT_URL,HIGH,https://uabsports.com/sports/baseball/roster/2026#sidearm-roster-coaches,https://uabsports.com/sports/baseball/roster/2026#sidearm-roster-coaches | https://uabsports.com/sports/baseball/roster/2026#sidearm-roster-coaches | https://uabsports.com/sports/baseball/roster/2026#sidearm-roster-coaches | https://uabsports.com/sports/baseball/roster/2026#sidearm-roster-coaches | https://uabsports.com/sports/baseball/roster/2026#sidearm-roster-coaches,https://uabsports.com/sports/baseball/roster/coaches/casey-dunn/2195 | https://uabsports.com/sports/baseball/roster/coaches/bj-green/2196 | https://uabsports.com/sports/baseball/roster/coaches/brad-moss/2197 | https://uabsports.com/sports/baseball/roster/coaches/brandon-szink/2315 | https://uabsports.com/sports/baseball/roster/coaches/parker-curry/2198
cmosownle0005qtuo0gwfge3i,cmosownko0003qtuom8wxpo9s,University of California Berkeley,university-of-california-berkeley,Berkeley,CA,NCAA_D1,,4,https://calbears.com/sports/baseball,COACH_CONTACT_URL,HIGH,https://calbears.com/sports/baseball/coaches/2026,https://calbears.com/sports/baseball/coaches/2026 | https://calbears.com/sports/baseball/coaches/2026 | https://calbears.com/sports/baseball/coaches/2026 | https://calbears.com/sports/baseball/coaches/2026,https://calbears.com/sports/baseball/roster/coaches/mike-neu/6273 | https://calbears.com/sports/baseball/roster/coaches/anthony-gilich/6287 | https://calbears.com/sports/baseball/roster/coaches/brett-wallace/6278 | https://calbears.com/sports/baseball/roster/coaches/chris-bodishbaugh/6277
cmou6928r009kqt1gue4f9xf1,cmou69282009iqt1gxj2iub11,University of Central Arkansas,university-of-central-arkansas,Conway,AR,NCAA_D1,,4,https://ucasports.com/sports/baseball,COACH_CONTACT_URL,HIGH,https://ucasports.com/sports/baseball/coaches/2026,https://ucasports.com/sports/baseball/coaches/2026 | https://ucasports.com/sports/baseball/coaches/2026 | https://ucasports.com/sports/baseball/coaches/2026 | https://ucasports.com/sports/baseball/coaches/2026,https://ucasports.com/sports/baseball/roster/coaches/nick-harlan/1569 | https://ucasports.com/sports/baseball/roster/coaches/cody-davenport/1570 | https://ucasports.com/sports/baseball/roster/coaches/heath-holliday/1573 | https://ucasports.com/sports/baseball/roster/coaches/lance-spigner/1571
cmosun032004nqtlg3uum11pe,cmosun02f004lqtlg6en5evwj,University of Cincinnati,university-of-cincinnati,Cincinnati,OH,NCAA_D1,,4,https://gobearcats.com/sports/baseball,COACH_CONTACT_URL,HIGH,https://gobearcats.com/sports/baseball/coaches/2025,https://gobearcats.com/sports/baseball/coaches/2025 | https://gobearcats.com/sports/baseball/coaches/2025 | https://gobearcats.com/sports/baseball/coaches/2025 | https://gobearcats.com/sports/baseball/coaches/2025,https://gobearcats.com/sports/baseball/roster/season/2025/staff/jordan-bischel | https://gobearcats.com/sports/baseball/roster/season/2025/staff/kyle-pettoruto | https://gobearcats.com/sports/baseball/roster/season/2025/staff/tayler-sheriff | https://gobearcats.com/sports/baseball/roster/season/2025/staff/tom-winske
cmou6ba1v00aeqticcud1v7g6,cmou6ba1700acqtict3598yzg,University of Connecticut,university-of-connecticut,Storrs,CT,NCAA_D1,,4,https://uconnhuskies.com/sports/baseball,COACH_CONTACT_URL,HIGH,https://uconnhuskies.com/sports/baseball/roster/2026#sidearm-roster-coaches,https://uconnhuskies.com/sports/baseball/roster/2026#sidearm-roster-coaches | https://uconnhuskies.com/sports/baseball/roster/2026#sidearm-roster-coaches | https://uconnhuskies.com/sports/baseball/roster/2026#sidearm-roster-coaches | https://uconnhuskies.com/sports/baseball/roster/2026#sidearm-roster-coaches,https://uconnhuskies.com/sports/baseball/roster/coaches/jim-penders/1561 | https://uconnhuskies.com/sports/baseball/roster/coaches/chris-podeszwa/1565 | https://uconnhuskies.com/sports/baseball/roster/coaches/jeff-hourigan/1564 | https://uconnhuskies.com/sports/baseball/roster/coaches/joshua-macdonald/1562
cmou65q7u008kqt1ooxam21og,cmou65q73008iqt1o6zbgwgae,University of Dayton,university-of-dayton,Dayton,OH,NCAA_D1,,4,https://daytonflyers.com/sports/baseball,COACH_CONTACT_URL,HIGH,https://daytonflyers.com/sports/baseball/coaches/2026,https://daytonflyers.com/sports/baseball/coaches/2026 | https://daytonflyers.com/sports/baseball/coaches/2026 | https://daytonflyers.com/sports/baseball/coaches/2026 | https://daytonflyers.com/sports/baseball/coaches/2026,https://daytonflyers.com/sports/baseball/roster/coaches/jayson-king/5666 | https://daytonflyers.com/sports/baseball/roster/coaches/chase-allen/5748 | https://daytonflyers.com/sports/baseball/roster/coaches/josh-roberge/5664 | https://daytonflyers.com/sports/baseball/roster/coaches/pete-sass/5662
cmosun04b004qqtlg5tbn4tad,cmosun03o004oqtlgjeqvedtg,University of Houston,university-of-houston,Houston,TX,NCAA_D1,,4,https://uhcougars.com/sports/baseball,COACH_CONTACT_URL,HIGH,https://uhcougars.com/sports/baseball/roster#sidearm-roster-coaches,https://uhcougars.com/sports/baseball/roster#sidearm-roster-coaches | https://uhcougars.com/sports/baseball/roster#sidearm-roster-coaches | https://uhcougars.com/sports/baseball/roster#sidearm-roster-coaches | https://uhcougars.com/sports/baseball/roster#sidearm-roster-coaches,https://uhcougars.com/sports/baseball/roster/coaches/will-davis/1804 | https://uhcougars.com/sports/baseball/roster/coaches/jace-hutchins/1805 | https://uhcougars.com/sports/baseball/roster/coaches/scott-hatten/1806 | https://uhcougars.com/sports/baseball/roster/coaches/taylor-dugas/1807
cmoss3ucp002qqtaoodp62vry,cmoss3uby002oqtao54kmml5m,University of Illinois,university-of-illinois,Champaign,IL,NCAA_D1,,4,https://fightingillini.com/sports/baseball,COACH_CONTACT_URL,HIGH,https://fightingillini.com/sports/baseball/roster/2026#sidearm-roster-coaches,https://fightingillini.com/sports/baseball/roster/2026#sidearm-roster-coaches | https://fightingillini.com/sports/baseball/roster/2026#sidearm-roster-coaches | https://fightingillini.com/sports/baseball/roster/2026#sidearm-roster-coaches | https://fightingillini.com/sports/baseball/roster/2026#sidearm-roster-coaches,https://fightingillini.com/sports/baseball/roster/coaches/dan-hartleb/2276 | https://fightingillini.com/sports/baseball/roster/coaches/adam-christ/2277 | https://fightingillini.com/sports/baseball/roster/coaches/curt-courtwright/2278 | https://fightingillini.com/sports/baseball/roster/coaches/dillon-napoleon/2279
cmoss3ufl002wqtaoqkam7j3s,cmoss3uew002uqtao33d0b37y,University of Iowa,university-of-iowa,Iowa City,IA,NCAA_D1,,4,https://hawkeyesports.com/sports/baseball,COACH_CONTACT_URL,HIGH,https://hawkeyesports.com/sports/baseball/roster#sidearm-roster-coaches,https://hawkeyesports.com/sports/baseball/roster#sidearm-roster-coaches | https://hawkeyesports.com/sports/baseball/roster#sidearm-roster-coaches | https://hawkeyesports.com/sports/baseball/roster#sidearm-roster-coaches | https://hawkeyesports.com/sports/baseball/roster#sidearm-roster-coaches,https://hawkeyesports.com/sports/baseball/roster/season/2025-26/staff/rick-heller | https://hawkeyesports.com/sports/baseball/roster/season/2025-26/staff/david-pearson | https://hawkeyesports.com/sports/baseball/roster/season/2025-26/staff/marty-sutherland | https://hawkeyesports.com/sports/baseball/roster/season/2025-26/staff/wes-obermueller
cmosun05l004tqtlgtp5puhg6,cmosun04x004rqtlgmuopyesz,University of Kansas,university-of-kansas,Lawrence,KS,NCAA_D1,,4,https://kuathletics.com/sports/baseball,COACH_CONTACT_URL,HIGH,https://kuathletics.com/sports/baseball/roster/2026#sidearm-roster-coaches,https://kuathletics.com/sports/baseball/roster/2026#sidearm-roster-coaches | https://kuathletics.com/sports/baseball/roster/2026#sidearm-roster-coaches | https://kuathletics.com/sports/baseball/roster/2026#sidearm-roster-coaches | https://kuathletics.com/sports/baseball/roster/2026#sidearm-roster-coaches,https://kuathletics.com/sports/baseball/roster/coaches/dan-fitzgerald/1022 | https://kuathletics.com/sports/baseball/roster/coaches/brandon-scott/1023 | https://kuathletics.com/sports/baseball/roster/coaches/jon-coyne/1025 | https://kuathletics.com/sports/baseball/roster/coaches/tyler-hancock/1024
cmosownsl000kqtuo6bkrgo88,cmosownru000iqtuo4o7sl6mq,University of Louisville,university-of-louisville,Louisville,KY,NCAA_D1,,4,https://gocards.com/sports/baseball,COACH_CONTACT_URL,HIGH,https://gocards.com/sports/baseball/roster/2026#sidearm-roster-coaches,https://gocards.com/sports/baseball/roster/2026#sidearm-roster-coaches | https://gocards.com/sports/baseball/roster/2026#sidearm-roster-coaches | https://gocards.com/sports/baseball/roster/2026#sidearm-roster-coaches | https://gocards.com/sports/baseball/roster/2026#sidearm-roster-coaches,https://gocards.com/sports/baseball/roster/coaches/dan-mcdonnell/3177 | https://gocards.com/sports/baseball/roster/coaches/adam-vrable/3180 | https://gocards.com/sports/baseball/roster/coaches/eric-snider/3179 | https://gocards.com/sports/baseball/roster/coaches/roger-williams/3178
cmoss3ugz002zqtao0glr6o9h,cmoss3uga002xqtaoeu7linqc,University of Maryland,university-of-maryland,College Park,MD,NCAA_D1,,4,https://umterps.com/sports/baseball,COACH_CONTACT_URL,HIGH,https://umterps.com/sports/baseball/roster/2026#sidearm-roster-coaches,https://umterps.com/sports/baseball/roster/2026#sidearm-roster-coaches | https://umterps.com/sports/baseball/roster/2026#sidearm-roster-coaches | https://umterps.com/sports/baseball/roster/2026#sidearm-roster-coaches | https://umterps.com/sports/baseball/roster/2026#sidearm-roster-coaches,https://umterps.com/sports/baseball/roster/coaches/matt-swope/2667 | https://umterps.com/sports/baseball/roster/coaches/brock-keener/2671 | https://umterps.com/sports/baseball/roster/coaches/jimmy--jackson-/2669 | https://umterps.com/sports/baseball/roster/coaches/tommy-gardiner/2668
cmou57ed3007wqtdwo9u0rnod,cmou57ece007uqtdws2374kvt,University of Memphis,university-of-memphis,Memphis,TN,NCAA_D1,,4,https://gotigersgo.com/sports/baseball,COACH_CONTACT_URL,HIGH,https://gotigersgo.com/sports/baseball/roster/2026#sidearm-roster-coaches,https://gotigersgo.com/sports/baseball/roster/2026#sidearm-roster-coaches | https://gotigersgo.com/sports/baseball/roster/2026#sidearm-roster-coaches | https://gotigersgo.com/sports/baseball/roster/2026#sidearm-roster-coaches | https://gotigersgo.com/sports/baseball/roster/2026#sidearm-roster-coaches,https://gotigersgo.com/sports/baseball/roster/coaches/matt-riser/4032 | https://gotigersgo.com/sports/baseball/roster/coaches/cory-barton/4034 | https://gotigersgo.com/sports/baseball/roster/coaches/julius-mcdougal/4101 | https://gotigersgo.com/sports/baseball/roster/coaches/kyle-cameron/4036
cmosownu4000nqtuowsumxl0o,cmosowntd000lqtuoyvr4xd0q,University of Miami,university-of-miami,Coral Gables,FL,NCAA_D1,,4,https://miamihurricanes.com/sports/baseball,COACH_CONTACT_URL,HIGH,https://miamihurricanes.com/sports/baseball/roster#sidearm-roster-coaches,https://miamihurricanes.com/sports/baseball/roster#sidearm-roster-coaches | https://miamihurricanes.com/sports/baseball/roster#sidearm-roster-coaches | https://miamihurricanes.com/sports/baseball/roster#sidearm-roster-coaches | https://miamihurricanes.com/sports/baseball/roster#sidearm-roster-coaches,
cmoss3uib0032qtaobpuy0tpv,cmoss3uhm0030qtaobbllk1g1,University of Michigan,university-of-michigan,Ann Arbor,MI,NCAA_D1,,4,https://mgoblue.com/sports/2017/6/28/baseball-coaches,COACH_CONTACT_URL,HIGH,https://mgoblue.com/sports/2017/6/28/baseball-coaches,https://mgoblue.com/sports/2017/6/28/baseball-coaches | https://mgoblue.com/sports/2017/6/28/baseball-coaches | https://mgoblue.com/sports/2017/6/28/baseball-coaches | https://mgoblue.com/sports/2017/6/28/baseball-coaches,
cmoss3ul10038qtao9tzgk83e,cmoss3ukd0036qtao5inxhdyw,University of Minnesota,university-of-minnesota,Minneapolis,MN,NCAA_D1,,4,https://gophersports.com/sports/baseball,COACH_CONTACT_URL,HIGH,https://gophersports.com/sports/baseball/roster/2026#sidearm-roster-coaches,https://gophersports.com/sports/baseball/roster/2026#sidearm-roster-coaches | https://gophersports.com/sports/baseball/roster/2026#sidearm-roster-coaches | https://gophersports.com/sports/baseball/roster/2026#sidearm-roster-coaches | https://gophersports.com/sports/baseball/roster/2026#sidearm-roster-coaches,https://gophersports.com/sports/baseball/roster/coaches/ty-mcdevitt/3620 | https://gophersports.com/sports/baseball/roster/coaches/alec-crawford/3621 | https://gophersports.com/sports/baseball/roster/coaches/connor-gandossy/3624 | https://gophersports.com/sports/baseball/roster/coaches/sean-moore/3625
cmoss3ume003bqtaosl7ef19d,cmoss3ulp0039qtaosklsgdir,University of Nebraska,university-of-nebraska,Lincoln,NE,NCAA_D1,,4,https://huskers.com/sports/baseball,COACH_CONTACT_URL,HIGH,https://huskers.com/sports/baseball/roster#sidearm-roster-coaches,https://huskers.com/sports/baseball/roster#sidearm-roster-coaches | https://huskers.com/sports/baseball/roster#sidearm-roster-coaches | https://huskers.com/sports/baseball/roster#sidearm-roster-coaches | https://huskers.com/sports/baseball/roster#sidearm-roster-coaches,https://huskers.com/sports/baseball/roster/season/2026/staff/will-bolt | https://huskers.com/sports/baseball/roster/season/2026/staff/lance-harvell | https://huskers.com/sports/baseball/roster/season/2026/staff/mike-sirianni | https://huskers.com/sports/baseball/roster/season/2026/staff/rob-childress
cmou692eh009wqt1gg1l67qtd,cmou692dm009uqt1gk17ovy4y,University of North Alabama,university-of-north-alabama,Florence,AL,NCAA_D1,,4,https://roarlions.com/sports/baseball,COACH_CONTACT_URL,HIGH,https://roarlions.com/sports/baseball/coaches/2026,https://roarlions.com/sports/baseball/coaches/2026 | https://roarlions.com/sports/baseball/coaches/2026 | https://roarlions.com/sports/baseball/coaches/2026 | https://roarlions.com/sports/baseball/coaches/2026,https://roarlions.com/sports/baseball/roster/coaches/jad-prachniak/898 | https://roarlions.com/sports/baseball/roster/coaches/j-d-davis/909 | https://roarlions.com/sports/baseball/roster/coaches/jacob-james/904 | https://roarlions.com/sports/baseball/roster/coaches/nick-patten/900
cmorihv5i000hqth8642hp9ga,cmorihv4u000fqth8xhav3tg9,University of North Carolina at Chapel Hill,university-of-north-carolina-at-chapel-hill,Chapel Hill,NC,NCAA_D1,,4,https://goheels.com/sports/baseball,COACH_CONTACT_URL,HIGH,https://goheels.com/sports/baseball/roster/2026#sidearm-roster-coaches,https://goheels.com/sports/baseball/roster/2026#sidearm-roster-coaches | https://goheels.com/sports/baseball/roster/2026#sidearm-roster-coaches | https://goheels.com/sports/baseball/roster/2026#sidearm-roster-coaches | https://goheels.com/sports/baseball/roster/2026#sidearm-roster-coaches,https://goheels.com/sports/baseball/roster/coaches/scott-forbes/4615 | https://goheels.com/sports/baseball/roster/coaches/bryant-gaines/4617 | https://goheels.com/sports/baseball/roster/coaches/jesse-wierzbicki/4616 | https://goheels.com/sports/baseball/roster/coaches/scott-jackson/4619
cmou57e8c007nqtdwb5t9ewz1,cmou57e7n007lqtdw6grlj0yo,University of North Carolina at Charlotte,university-of-north-carolina-at-charlotte,Charlotte,NC,NCAA_D1,,3,https://charlotte49ers.com/sports/baseball,COACH_CONTACT_URL,HIGH,https://charlotte49ers.com/sports/baseball/roster/2026#sidearm-roster-coaches,https://charlotte49ers.com/sports/baseball/roster/2026#sidearm-roster-coaches | https://charlotte49ers.com/sports/baseball/roster/2026#sidearm-roster-coaches | https://charlotte49ers.com/sports/baseball/roster/2026#sidearm-roster-coaches,https://charlotte49ers.com/sports/baseball/roster/coaches/robert-woodard/2473 | https://charlotte49ers.com/sports/baseball/roster/coaches/toby-bicknell/2474 | https://charlotte49ers.com/sports/baseball/roster/coaches/will-kaufman/2478
cmou692fz009zqt1goeu3cfla,cmou692f9009xqt1gxdgwjsm8,University of North Florida,university-of-north-florida,Jacksonville,FL,NCAA_D1,,4,https://unfospreys.com/sports/baseball,COACH_CONTACT_URL,HIGH,https://unfospreys.com/sports/baseball/roster/2026#sidearm-roster-coaches,https://unfospreys.com/sports/baseball/roster/2026#sidearm-roster-coaches | https://unfospreys.com/sports/baseball/roster/2026#sidearm-roster-coaches | https://unfospreys.com/sports/baseball/roster/2026#sidearm-roster-coaches | https://unfospreys.com/sports/baseball/roster/2026#sidearm-roster-coaches,https://unfospreys.com/sports/baseball/roster/coaches/joe-mercadante/1660 | https://unfospreys.com/sports/baseball/roster/coaches/brad-wilkerson/1662 | https://unfospreys.com/sports/baseball/roster/coaches/garrett-bush/1663 | https://unfospreys.com/sports/baseball/roster/coaches/parker-bangs/1664
cmosownyi000wqtuo71ef7lg9,cmosownxt000uqtuozt3yykq9,University of Notre Dame,university-of-notre-dame,Notre Dame,IN,NCAA_D1,,4,https://fightingirish.com/sports/baseball,COACH_CONTACT_URL,HIGH,https://fightingirish.com/sports/baseball/roster#sidearm-roster-coaches,https://fightingirish.com/sports/baseball/roster#sidearm-roster-coaches | https://fightingirish.com/sports/baseball/roster#sidearm-roster-coaches | https://fightingirish.com/sports/baseball/roster#sidearm-roster-coaches | https://fightingirish.com/sports/baseball/roster#sidearm-roster-coaches,
cmossumtm0045qtpg75518v32,cmossumsw0043qtpgqq3re2qg,University of Oregon,university-of-oregon,Eugene,OR,NCAA_D1,,4,https://goducks.com/sports/baseball,COACH_CONTACT_URL,HIGH,https://goducks.com/sports/baseball/roster/2026#sidearm-roster-coaches,https://goducks.com/sports/baseball/roster/2026#sidearm-roster-coaches | https://goducks.com/sports/baseball/roster/2026#sidearm-roster-coaches | https://goducks.com/sports/baseball/roster/2026#sidearm-roster-coaches | https://goducks.com/sports/baseball/roster/2026#sidearm-roster-coaches,https://goducks.com/sports/baseball/roster/coaches/mark-wasikowski/5380 | https://goducks.com/sports/baseball/roster/coaches/brett-thomas/5385 | https://goducks.com/sports/baseball/roster/coaches/jack-marder/5381 | https://goducks.com/sports/baseball/roster/coaches/matt-florer/5391
cmosowo02000zqtuorrxcus33,cmosownzc000xqtuoxng8rral,University of Pittsburgh,university-of-pittsburgh,Pittsburgh,PA,NCAA_D1,,3,https://pittsburghpanthers.com/sports/baseball,COACH_CONTACT_URL,HIGH,https://pittsburghpanthers.com/sports/baseball/roster/2026#sidearm-roster-coaches,https://pittsburghpanthers.com/sports/baseball/roster/2026#sidearm-roster-coaches | https://pittsburghpanthers.com/sports/baseball/roster/2026#sidearm-roster-coaches | https://pittsburghpanthers.com/sports/baseball/roster/2026#sidearm-roster-coaches,https://pittsburghpanthers.com/sports/baseball/roster/coaches/mike-bell/2471 | https://pittsburghpanthers.com/sports/baseball/roster/coaches/luke-bonfield/2472 | https://pittsburghpanthers.com/sports/baseball/roster/coaches/sky--duff/2476
cmou65qf4008zqt1oaxiecdfx,cmou65qee008xqt1o7ljwn00l,University of Rhode Island,university-of-rhode-island,Kingston,RI,NCAA_D1,,4,https://gorhody.com/sports/baseball,COACH_CONTACT_URL,HIGH,https://gorhody.com/sports/baseball/coaches/2026,https://gorhody.com/sports/baseball/coaches/2026 | https://gorhody.com/sports/baseball/coaches/2026 | https://gorhody.com/sports/baseball/coaches/2026 | https://gorhody.com/sports/baseball/coaches/2026,https://gorhody.com/sports/baseball/roster/coaches/raphael-cerrato/1357 | https://gorhody.com/sports/baseball/roster/coaches/blaine-lidsky/1361 | https://gorhody.com/sports/baseball/roster/coaches/daniel-palka/1362 | https://gorhody.com/sports/baseball/roster/coaches/david-fischer/1358
cmou65qgi0092qt1ovyrn305w,cmou65qft0090qt1oyy3qt0xa,University of Richmond,university-of-richmond,Richmond,VA,NCAA_D1,,4,https://richmondspiders.com/sports/baseball,COACH_CONTACT_URL,HIGH,https://richmondspiders.com/sports/baseball/roster/2026#sidearm-roster-coaches,https://richmondspiders.com/sports/baseball/roster/2026#sidearm-roster-coaches | https://richmondspiders.com/sports/baseball/roster/2026#sidearm-roster-coaches | https://richmondspiders.com/sports/baseball/roster/2026#sidearm-roster-coaches | https://richmondspiders.com/sports/baseball/roster/2026#sidearm-roster-coaches,https://richmondspiders.com/sports/baseball/roster/coaches/mik-aoki/1369 | https://richmondspiders.com/sports/baseball/roster/coaches/collin-radack/1367 | https://richmondspiders.com/sports/baseball/roster/coaches/josh-epstein/1368 | https://richmondspiders.com/sports/baseball/roster/coaches/kyle-norman/1371
cmou57eg60082qtdwkr4v7bz1,cmou57eff0080qtdwllt5e1ya,University of South Florida,university-of-south-florida,Tampa,FL,NCAA_D1,,5,https://gousfbulls.com/sports/baseball,COACH_CONTACT_URL,HIGH,https://gousfbulls.com/sports/baseball/roster/2026#sidearm-roster-coaches,https://gousfbulls.com/sports/baseball/roster/2026#sidearm-roster-coaches | https://gousfbulls.com/sports/baseball/roster/2026#sidearm-roster-coaches | https://gousfbulls.com/sports/baseball/roster/2026#sidearm-roster-coaches | https://gousfbulls.com/sports/baseball/roster/2026#sidearm-roster-coaches | https://gousfbulls.com/sports/baseball/roster/2026#sidearm-roster-coaches,https://gousfbulls.com/sports/baseball/roster/coaches/mitch-hannahs/5334 | https://gousfbulls.com/sports/baseball/roster/coaches/blake-kangas/5335 | https://gousfbulls.com/sports/baseball/roster/coaches/bryan-peters/5337 | https://gousfbulls.com/sports/baseball/roster/coaches/dave-eiland/5423 | https://gousfbulls.com/sports/baseball/roster/coaches/kevin-bowers/5338
cmossums80042qtpg69u7kaqh,cmossumrj0040qtpg5nfsfxij,University of Southern California,university-of-southern-california,Los Angeles,CA,NCAA_D1,,4,https://usctrojans.com/sports/baseball,COACH_CONTACT_URL,HIGH,https://usctrojans.com/sports/baseball/roster/2026#sidearm-roster-coaches,https://usctrojans.com/sports/baseball/roster/2026#sidearm-roster-coaches | https://usctrojans.com/sports/baseball/roster/2026#sidearm-roster-coaches | https://usctrojans.com/sports/baseball/roster/2026#sidearm-roster-coaches | https://usctrojans.com/sports/baseball/roster/2026#sidearm-roster-coaches,https://usctrojans.com/sports/baseball/roster/coaches/andy-stankiewicz/7247 | https://usctrojans.com/sports/baseball/roster/coaches/keith-zuniga/7381 | https://usctrojans.com/sports/baseball/roster/coaches/sergio-brown/7254 | https://usctrojans.com/sports/baseball/roster/coaches/travis-jewett/7251
cmou57elp008bqtdw5g9tglmv,cmou57el20089qtdwofatlmue,University of Texas at San Antonio,university-of-texas-at-san-antonio,San Antonio,TX,NCAA_D1,,5,https://goutsa.com/sports/baseball,COACH_CONTACT_URL,HIGH,https://goutsa.com/sports/baseball/roster#sidearm-roster-coaches,https://goutsa.com/sports/baseball/roster#sidearm-roster-coaches | https://goutsa.com/sports/baseball/roster#sidearm-roster-coaches | https://goutsa.com/sports/baseball/roster#sidearm-roster-coaches | https://goutsa.com/sports/baseball/roster#sidearm-roster-coaches | https://goutsa.com/sports/baseball/roster#sidearm-roster-coaches,https://goutsa.com/sports/baseball/roster/season/2026/staff/pat-hallmark | https://goutsa.com/sports/baseball/roster/season/2026/staff/michael-cavazos | https://goutsa.com/sports/baseball/roster/season/2026/staff/ryan-aguayo | https://goutsa.com/sports/baseball/roster/season/2026/staff/zach-butler | https://goutsa.com/sports/baseball/roster/season/2026/staff/zach-henry
cmosun0dd005bqtlgtpmduubv,cmosun0cp0059qtlgmyvx6gz3,University of Utah,university-of-utah,Salt Lake City,UT,NCAA_D1,,4,https://utahutes.com/sports/baseball,COACH_CONTACT_URL,HIGH,https://utahutes.com/sports/baseball/roster/2026#sidearm-roster-coaches,https://utahutes.com/sports/baseball/roster/2026#sidearm-roster-coaches | https://utahutes.com/sports/baseball/roster/2026#sidearm-roster-coaches | https://utahutes.com/sports/baseball/roster/2026#sidearm-roster-coaches | https://utahutes.com/sports/baseball/roster/2026#sidearm-roster-coaches,https://utahutes.com/sports/baseball/roster/coaches/gary-henderson/4346 | https://utahutes.com/sports/baseball/roster/coaches/bobby-rinard/4398 | https://utahutes.com/sports/baseball/roster/coaches/mike-brown/4348 | https://utahutes.com/sports/baseball/roster/coaches/todd-guilliams/4347
cmorirvju001tqtm0jenypf9l,cmorirvj4001rqtm0u610tmnb,University of Virginia,university-of-virginia,Charlottesville,VA,NCAA_D1,,5,https://virginiasports.com/sports/baseball,COACH_CONTACT_URL,HIGH,https://virginiasports.com/sports/baseball/roster#sidearm-roster-coaches,https://virginiasports.com/sports/baseball/roster#sidearm-roster-coaches | https://virginiasports.com/sports/baseball/roster#sidearm-roster-coaches | https://virginiasports.com/sports/baseball/roster#sidearm-roster-coaches | https://virginiasports.com/sports/baseball/roster#sidearm-roster-coaches | https://virginiasports.com/sports/baseball/roster#sidearm-roster-coaches,https://virginiasports.com/sports/baseball/roster/season/2025-26/staff/chris-pollard | https://virginiasports.com/sports/baseball/roster/season/2025-26/staff/brady-kirkpatrick | https://virginiasports.com/sports/baseball/roster/season/2025-26/staff/brian-sakowski | https://virginiasports.com/sports/baseball/roster/season/2025-26/staff/derek-simmons | https://virginiasports.com/sports/baseball/roster/season/2025-26/staff/eric-tyler
cmossumuy0048qtpgu11ho5mb,cmossumua0046qtpg7kokmi2a,University of Washington,university-of-washington,Seattle,WA,NCAA_D1,,5,https://gohuskies.com/sports/baseball,COACH_CONTACT_URL,HIGH,https://gohuskies.com/sports/baseball/roster/2026#sidearm-roster-coaches,https://gohuskies.com/sports/baseball/roster/2026#sidearm-roster-coaches | https://gohuskies.com/sports/baseball/roster/2026#sidearm-roster-coaches | https://gohuskies.com/sports/baseball/roster/2026#sidearm-roster-coaches | https://gohuskies.com/sports/baseball/roster/2026#sidearm-roster-coaches | https://gohuskies.com/sports/baseball/roster/2026#sidearm-roster-coaches,https://gohuskies.com/sports/baseball/roster/coaches/eddie-smith/6685 | https://gohuskies.com/sports/baseball/roster/coaches/connor-lambert/6687 | https://gohuskies.com/sports/baseball/roster/coaches/damon-lessler/6688 | https://gohuskies.com/sports/baseball/roster/coaches/justin-jacobs/6714 | https://gohuskies.com/sports/baseball/roster/coaches/kade-kryzsko/6691
cmou692kj00a8qt1gh5k57wkp,cmou692js00a6qt1g8npxqitj,University of West Georgia,university-of-west-georgia,Carrollton,GA,NCAA_D1,,3,https://uwgathletics.com/sports/baseball,COACH_CONTACT_URL,HIGH,https://uwgathletics.com/sports/baseball/coaches/2026,https://uwgathletics.com/sports/baseball/coaches/2026 | https://uwgathletics.com/sports/baseball/coaches/2026 | https://uwgathletics.com/sports/baseball/coaches/2026,https://uwgathletics.com/sports/baseball/roster/coaches/jeff-smith/840 | https://uwgathletics.com/sports/baseball/roster/coaches/bryan-niedbalski/841 | https://uwgathletics.com/sports/baseball/roster/coaches/dominic-murgo-iii/846
cmou6bacz00b2qtic8lqoxe2q,cmou6bacb00b0qtickdtwuqln,Villanova University,villanova-university,Villanova,PA,NCAA_D1,,4,https://villanova.com/sports/baseball,COACH_CONTACT_URL,HIGH,https://villanova.com/sports/baseball/coaches/2026,https://villanova.com/sports/baseball/coaches/2026 | https://villanova.com/sports/baseball/coaches/2026 | https://villanova.com/sports/baseball/coaches/2026 | https://villanova.com/sports/baseball/coaches/2026,https://villanova.com/sports/baseball/roster/coaches/kevin-mulvey/4425 | https://villanova.com/sports/baseball/roster/coaches/dusty-snyder/4428 | https://villanova.com/sports/baseball/roster/coaches/eddie-brown/4426 | https://villanova.com/sports/baseball/roster/coaches/mike-russo/4427
cmou65qkx009bqt1o72evz4o4,cmou65qk50099qt1olu75tu27,Virginia Commonwealth University,virginia-commonwealth-university,Richmond,VA,NCAA_D1,,4,https://vcuathletics.com/sports/baseball,COACH_CONTACT_URL,HIGH,https://vcuathletics.com/sports/baseball/coaches/2026,https://vcuathletics.com/sports/baseball/coaches/2026 | https://vcuathletics.com/sports/baseball/coaches/2026 | https://vcuathletics.com/sports/baseball/coaches/2026 | https://vcuathletics.com/sports/baseball/coaches/2026,https://vcuathletics.com/sports/baseball/roster/coaches/sean-thompson/1204 | https://vcuathletics.com/sports/baseball/roster/coaches/andrew-llewellyn/1207 | https://vcuathletics.com/sports/baseball/roster/coaches/jojo-howie/1206 | https://vcuathletics.com/sports/baseball/roster/coaches/ryan-terrill/1286
cmorirvl8001wqtm0fnifyxse,cmorirvkj001uqtm0xddfcy1n,Virginia Tech,virginia-tech,Blacksburg,VA,NCAA_D1,,4,https://hokiesports.com/sports/baseball,COACH_CONTACT_URL,HIGH,https://hokiesports.com/sports/baseball/roster#sidearm-roster-coaches,https://hokiesports.com/sports/baseball/roster#sidearm-roster-coaches | https://hokiesports.com/sports/baseball/roster#sidearm-roster-coaches | https://hokiesports.com/sports/baseball/roster#sidearm-roster-coaches | https://hokiesports.com/sports/baseball/roster#sidearm-roster-coaches,https://hokiesports.com/sports/baseball/roster/season/2027/staff/john-szefc | https://hokiesports.com/sports/baseball/roster/season/2027/staff/doug-willey | https://hokiesports.com/sports/baseball/roster/season/2027/staff/kurt-elbin | https://hokiesports.com/sports/baseball/roster/season/2027/staff/tyler-hanson
cmorirv2z000wqtm0syj9sq1f,cmorirv2b000uqtm0d0xcn8m3,Wake Forest University,wake-forest-university,Winston-Salem,NC,NCAA_D1,,4,https://godeacs.com/sports/baseball,COACH_CONTACT_URL,HIGH,https://godeacs.com/sports/baseball/roster/2026#sidearm-roster-coaches,https://godeacs.com/sports/baseball/roster/2026#sidearm-roster-coaches | https://godeacs.com/sports/baseball/roster/2026#sidearm-roster-coaches | https://godeacs.com/sports/baseball/roster/2026#sidearm-roster-coaches | https://godeacs.com/sports/baseball/roster/2026#sidearm-roster-coaches,https://godeacs.com/sports/baseball/roster/coaches/tom-walter/1574 | https://godeacs.com/sports/baseball/roster/staff/dan-valerio/1176 | https://godeacs.com/sports/baseball/roster/coaches/eric-niesen/1578 | https://godeacs.com/sports/baseball/roster/coaches/matt-morales/1579
cmosun0eo005eqtlg60tq9pxa,cmosun0e0005cqtlgaq1vqq45,West Virginia University,west-virginia-university,Morgantown,WV,NCAA_D1,,4,https://wvusports.com/sports/baseball,COACH_CONTACT_URL,HIGH,https://wvusports.com/sports/baseball/roster/2026#sidearm-roster-coaches,https://wvusports.com/sports/baseball/roster/2026#sidearm-roster-coaches | https://wvusports.com/sports/baseball/roster/2026#sidearm-roster-coaches | https://wvusports.com/sports/baseball/roster/2026#sidearm-roster-coaches | https://wvusports.com/sports/baseball/roster/2026#sidearm-roster-coaches,https://wvusports.com/sports/baseball/roster/coaches/steve-sabins/4602 | https://wvusports.com/sports/baseball/roster/coaches/jacob-garcia/4603 | https://wvusports.com/sports/baseball/roster/coaches/jimmy-roesinger/4604 | https://wvusports.com/sports/baseball/roster/coaches/justin-oney/4605
cmou57en3008eqtdwv2nmtif8,cmou57emf008cqtdwbx84cqra,Wichita State University,wichita-state-university,Wichita,KS,NCAA_D1,,4,https://goshockers.com/sports/baseball,COACH_CONTACT_URL,HIGH,https://goshockers.com/sports/baseball/coaches/2026,https://goshockers.com/sports/baseball/coaches/2026 | https://goshockers.com/sports/baseball/coaches/2026 | https://goshockers.com/sports/baseball/coaches/2026 | https://goshockers.com/sports/baseball/coaches/2026,https://goshockers.com/sports/baseball/roster/coaches/brian-green/1308 | https://goshockers.com/sports/baseball/roster/coaches/anthony-claggett/1309 | https://goshockers.com/sports/baseball/roster/coaches/collin-wilber/1334 | https://goshockers.com/sports/baseball/roster/coaches/marty-lees/1313
cmorihv44000eqth8uy202g1u,cmorihv3g000cqth80t0ywnkz,Winthrop University,winthrop-university,Rock Hill,SC,NCAA_D1,,4,https://winthropeagles.com/sports/baseball,COACH_CONTACT_URL,HIGH,https://winthropeagles.com/sports/baseball/coaches/2026,https://winthropeagles.com/sports/baseball/coaches/2026 | https://winthropeagles.com/sports/baseball/coaches/2026 | https://winthropeagles.com/sports/baseball/coaches/2026 | https://winthropeagles.com/sports/baseball/coaches/2026,https://winthropeagles.com/sports/baseball/roster/coaches/mike-mcguire/1532 | https://winthropeagles.com/sports/baseball/roster/coaches/dalton-stambaugh/1566 | https://winthropeagles.com/sports/baseball/roster/coaches/mike-bello/1538 | https://winthropeagles.com/sports/baseball/roster/coaches/mike-napolitano/1534
cmou6baee00b5qtic8uzfufb4,cmou6bado00b3qticrimagx0v,Xavier University,xavier-university,Cincinnati,OH,NCAA_D1,,4,https://goxavier.com/sports/baseball,COACH_CONTACT_URL,HIGH,https://goxavier.com/sports/baseball/roster/2026#sidearm-roster-coaches,https://goxavier.com/sports/baseball/roster/2026#sidearm-roster-coaches | https://goxavier.com/sports/baseball/roster/2026#sidearm-roster-coaches | https://goxavier.com/sports/baseball/roster/2026#sidearm-roster-coaches | https://goxavier.com/sports/baseball/roster/2026#sidearm-roster-coaches,https://goxavier.com/sports/baseball/roster/coaches/billy-oconner/4962 | https://goxavier.com/sports/baseball/roster/coaches/ethan-landon/4964 | https://goxavier.com/sports/baseball/roster/coaches/riley-bertram/4963 | https://goxavier.com/sports/baseball/roster/coaches/troy-laneve-/4969
