collegeId,collegeName,collegeSlug,city,state,legacyDivision,programId,programDivision,collegeConference,programConference,collegeProgramWebsiteUrl,baseballWebsiteUrl,coachCount,headCoachCount
cmosumzx30049qtlgomg2y8hl,Arizona,arizona,Tucson,AZ,,cmosumzxq004bqtlgcux50apa,,,,,,4,1
cmosumzyf004cqtlgurkdv8j2,Arizona State University,arizona-state-university,Tempe,AZ,,cmosumzz4004eqtlggz9328ng,,,,,,4,1
cmou6925b009cqt1gkx1kghnj,Austin Peay State University,austin-peay-state-university,Clarksville,TN,,cmou6925z009eqt1gaqjdu3za,,,,,,3,1
cmosun015004iqtlg3arpxgbi,BYU,byu,Provo,UT,,cmosun01s004kqtlg2b6mlqcd,,,,,,4,1
cmosumzzu004fqtlg454szeg8,Baylor University,baylor-university,Waco,TX,,cmosun00i004hqtlgy3534tz1,,,,,,4,1
cmou6926p009fqt1gv6h5xaxk,Bellarmine University,bellarmine-university,Louisville,KY,,cmou6927d009hqt1g6ojn2uy0,,,,,,4,1
cmosownei0000qtuolkw0dovw,Boston College,boston-college,Chestnut Hill,MA,,cmosownis0002qtuoado2ywvj,,,,,,3,1
cmorirv530010qtm0xxcup0nz,Campbell University,campbell-university,Buies Creek,NC,,cmorirv5q0012qtm028k9yq81,,,,,,4,1
cmou6tv0000b6qti0uw8kd0th,Charleston Southern University,charleston-southern-university,Charleston,SC,,cmou6tv0p00b8qti0d062ek6f,,,,,,4,1
cmorihuy70003qth8lteegu87,Clemson University,clemson-university,Clemson,SC,,cmorihuzp0005qth8tz9l0qy6,,,,,,4,1
cmorihv0l0006qth8tj4axfti,College of Charleston,college-of-charleston,Charleston,SC,,cmorihv1b0008qth8h0fs6y1x,,,,,,4,1
cmou6ba2k00afqticpp034jhc,Creighton University,creighton-university,Omaha,NE,,cmou6ba3a00ahqtic1dy2e7bu,,,,,,4,1
cmou65q5g008fqt1ovrpzk161,Davidson College,davidson-college,Davidson,NC,,cmou65q68008hqt1on0mn17uq,,,,,,4,1
cmoriruy1000lqtm0hg80trqj,Duke University,duke-university,Durham,NC,,cmoriruyp000nqtm0g4gkgqwd,,,,,,5,1
cmoriruzd000oqtm0np271cox,East Carolina University,east-carolina-university,Greenville,NC,,cmorirv02000qqtm0792m94ry,,,,,,3,1
cmou6929i009lqt1gqrj949vt,Eastern Kentucky University,eastern-kentucky-university,Richmond,KY,,cmou692a7009nqt1gx1fvng63,,,,,,4,1
cmou72rdk00c3qtt8y45siwr2,Elon University,elon-university,Elon,NC,,cmou72rea00c5qtt8bv7rh2o3,,,,,,4,1
cmou57eah007rqtdw819u1kd8,Florida Atlantic University,florida-atlantic-university,Boca Raton,FL,,cmou57eba007tqtdwnzaxnsg8,,,,,,4,1
cmou692az009oqt1gwyz2tbx3,Florida Gulf Coast University,florida-gulf-coast-university,Fort Myers,FL,,cmou692bn009qqt1g825aij0e,,,,,,4,1
cmosownp0000cqtuo7ukk8301,Florida State University,florida-state-university,Tallahassee,FL,,cmosownpr000eqtuok3wn4xee,,,,,,4,1
cmou65q8l008lqt1ozzkwkjhm,Fordham University,fordham-university,Bronx,NY,,cmou65q9a008nqt1ohbgyxbpf,,,,,,3,1
cmou6tv1f00b9qti056wd26tx,Gardner-Webb University,gardner-webb-university,Boiling Springs,NC,,cmou6tv2500bbqti0uzylvved,,,,,,4,1
cmou65q9z008oqt1ow67o9q0x,George Mason University,george-mason-university,Fairfax,VA,,cmou65qaq008qqt1oh4skw4mn,,,,,,4,1
cmou65qbg008rqt1omiz03mq1,George Washington University,george-washington-university,Washington,DC,,cmou65qc7008tqt1otrt39c9e,,,,,,3,1
cmou6ba5c00alqticm9m1ucs0,Georgetown University,georgetown-university,Washington,DC,,cmou6ba6000anqticmefr3evw,,,,,,3,1
cmorirv940019qtm0y88vy537,Georgia Tech,georgia-tech,Atlanta,GA,,cmorirv9s001bqtm0xz16xnel,,,,,,4,1
cmorirv3o000xqtm0dw9r5xuo,High Point University,high-point-university,High Point,NC,,cmorirv4e000zqtm091dbu3g3,,,,,,4,1
cmoss3ude002rqtaoztf1hdin,Indiana University,indiana-university,Bloomington,IN,,cmoss3ue6002tqtaoogo4t1i5,,,,,,4,1
cmou692c9009rqt1gyfzu2me9,Jacksonville University,jacksonville-university,Jacksonville,FL,,cmou692cy009tqt1gvkh1u2u0,,,,,,4,1
cmosun069004uqtlgldcwzyyz,Kansas State University,kansas-state-university,Manhattan,KS,,cmosun06w004wqtlghra8useq,,,,,,4,1
cmou6tv4900bfqti0dl5zm88o,Longwood University,longwood-university,Farmville,VA,,cmou6tv4y00bhqti0f4aa9zgu,,,,,,3,1
cmoss3uj00033qtao6edcy6t4,Michigan State University,michigan-state-university,East Lansing,MI,,cmoss3ujo0035qtaocvcas0pr,,,,,,4,1
cmou72rez00c6qtt8vg07t3mb,Monmouth University,monmouth-university,West Long Branch,NJ,,cmou72rfn00c8qtt8hwktn20p,,,,,,3,1
cmou72rgb00c9qtt82x6a8jc6,North Carolina A&T State University,north-carolina-at-state-university,Greensboro,NC,,cmou72rh100cbqtt8n0exf72o,,,,,,4,1
cmoriruwm000iqtm02t4sd889,North Carolina State University,north-carolina-state-university,Raleigh,NC,,cmoriruxc000kqtm0j7aburmj,,,,,,4,1
cmoss3un1003cqtao6c08qtft,Northwestern University,northwestern-university,Evanston,IL,,cmoss3uno003eqtaonzgvlr9p,,,,,,4,1
cmoss3uob003fqtaoxl8favwc,Ohio State University,ohio-state-university,Columbus,OH,,cmoss3upc003hqtaoe5fltxdq,,,,,,4,1
cmosun07l004xqtlgmfv1xuiu,Oklahoma State University,oklahoma-state-university,Stillwater,OK,,cmosun087004zqtlg8mhr1z8t,,,,,,4,1
cmoss3upz003iqtao5i62w3ay,Penn State University,penn-state-university,University Park,PA,,cmoss3uqn003kqtaoaqh1o3af,,,,,,4,1
cmou6tv5p00biqti096g6a7i8,Presbyterian College,presbyterian-college,Clinton,SC,,cmou6tv6d00bkqti0fqrjrjwf,,,,,,4,1
cmoss3ura003lqtaodex5xyz9,Purdue University,purdue-university,West Lafayette,IN,,cmoss3urx003nqtaoxvvgb7e1,,,,,,4,1
cmorj0gtv002lqtio6lhkp2sn,Queens University of Charlotte,queens-university-of-charlotte,Charlotte,NC,,cmorj0gul002nqtioftxuxef1,,,,,,3,1
cmou57edu007xqtdwf0oux6v3,Rice University,rice-university,Houston,TX,,cmou57eem007zqtdwx7f8coft,,,,,,4,1
cmoss3usl003oqtaorrzcvm28,Rutgers University,rutgers-university,New Brunswick,NJ,,cmoss3ut9003qqtaoy83jq2k5,,,,,,4,1
cmou65qh80093qt1oh6psc6h9,Saint Joseph's University,saint-josephs-university,Philadelphia,PA,,cmou65qhy0095qt1ownoailh2,,,,,,4,1
cmou65qio0096qt1o4osfjy36,Saint Louis University,saint-louis-university,St. Louis,MO,,cmou65qje0098qt1ozah8sdhb,,,,,,4,1
cmou6baap00axqtic1q6c8vze,Seton Hall University,seton-hall-university,South Orange,NJ,,cmou6babe00azqtic7ata0fs3,,,,,,3,1
cmou6ba9d00auqtichfm9m8f7,St. John's University,st-johns-university,Queens,NY,,cmou6baa000awqticynlwrngm,,,,,,4,1
cmosowo0s0010qtuovb31mcy3,Stanford University,stanford-university,Stanford,CA,,cmosowo1h0012qtuoqpb2b897,,,,,,4,1
cmou692i900a3qt1ge0op0qbf,Stetson University,stetson-university,DeLand,FL,,cmou692j100a5qt1gjzdz1gj8,,,,,,4,1
cmou72rj700cfqtt8j1fo71oa,Stony Brook University,stony-brook-university,Stony Brook,NY,,cmou72rjw00chqtt8k4ykpna3,,,,,,3,1
cmosun08u0050qtlg3k28eb5j,TCU,tcu,Fort Worth,TX,,cmosun09h0052qtlg5joyoy43,,,,,,4,1
cmosun0a30053qtlgwqx8pc03,Texas Tech University,texas-tech-university,Lubbock,TX,,cmosun0ar0055qtlg6xlvphkd,,,,,,4,1
cmou72rkm00ciqtt8z62e367q,Towson University,towson-university,Towson,MD,,cmou72rlc00ckqtt8h1zgkmzj,,,,,,4,1
cmou57ejn0086qtdwaxqor803,Tulane University,tulane-university,New Orleans,LA,,cmou57ekc0088qtdwzjnvgm0x,,,,,,4,1
cmosun0bd0056qtlg87u13vxx,UCF,ucf,Orlando,FL,,cmosun0c10058qtlgn2wdysws,,,,,,4,1
cmossumq5003xqtpgz2376dpb,UCLA,ucla,Los Angeles,CA,,cmossumqt003zqtpgyjdtn02c,,,,,,4,1
cmou6tv8i00boqti0vjvm8aer,UNC Asheville,unc-asheville,Asheville,NC,,cmou6tv9900bqqti0wabo0574,,,,,,2,1
cmou6tv9y00brqti0h1og2mt7,USC Upstate,usc-upstate,Spartanburg,SC,,cmou6tvap00btqti0249q1z1i,,,,,,4,1
cmou57e5s007iqtdwb3g795nq,University of Alabama at Birmingham,university-of-alabama-at-birmingham,Birmingham,AL,,cmou57e6p007kqtdwt7q4s4pg,,,,,,5,1
cmosownko0003qtuom8wxpo9s,University of California Berkeley,university-of-california-berkeley,Berkeley,CA,,cmosownle0005qtuo0gwfge3i,,,,,,4,1
cmou69282009iqt1gxj2iub11,University of Central Arkansas,university-of-central-arkansas,Conway,AR,,cmou6928r009kqt1gue4f9xf1,,,,,,4,1
cmosun02f004lqtlg6en5evwj,University of Cincinnati,university-of-cincinnati,Cincinnati,OH,,cmosun032004nqtlg3uum11pe,,,,,,4,1
cmou6ba1700acqtict3598yzg,University of Connecticut,university-of-connecticut,Storrs,CT,,cmou6ba1v00aeqticcud1v7g6,,,,,,4,1
cmou65q73008iqt1o6zbgwgae,University of Dayton,university-of-dayton,Dayton,OH,,cmou65q7u008kqt1ooxam21og,,,,,,4,1
cmosun03o004oqtlgjeqvedtg,University of Houston,university-of-houston,Houston,TX,,cmosun04b004qqtlg5tbn4tad,,,,,,4,1
cmoss3uby002oqtao54kmml5m,University of Illinois,university-of-illinois,Champaign,IL,,cmoss3ucp002qqtaoodp62vry,,,,,,4,1
cmoss3uew002uqtao33d0b37y,University of Iowa,university-of-iowa,Iowa City,IA,,cmoss3ufl002wqtaoqkam7j3s,,,,,,4,1
cmosun04x004rqtlgmuopyesz,University of Kansas,university-of-kansas,Lawrence,KS,,cmosun05l004tqtlgtp5puhg6,,,,,,4,1
cmosownru000iqtuo4o7sl6mq,University of Louisville,university-of-louisville,Louisville,KY,,cmosownsl000kqtuo6bkrgo88,,,,,,4,1
cmoss3uga002xqtaoeu7linqc,University of Maryland,university-of-maryland,College Park,MD,,cmoss3ugz002zqtao0glr6o9h,,,,,,4,1
cmou57ece007uqtdws2374kvt,University of Memphis,university-of-memphis,Memphis,TN,,cmou57ed3007wqtdwo9u0rnod,,,,,,4,1
cmosowntd000lqtuoyvr4xd0q,University of Miami,university-of-miami,Coral Gables,FL,,cmosownu4000nqtuowsumxl0o,,,,,,4,1
cmoss3uhm0030qtaobbllk1g1,University of Michigan,university-of-michigan,Ann Arbor,MI,,cmoss3uib0032qtaobpuy0tpv,,,,,,4,1
cmoss3ukd0036qtao5inxhdyw,University of Minnesota,university-of-minnesota,Minneapolis,MN,,cmoss3ul10038qtao9tzgk83e,,,,,,4,1
cmoss3ulp0039qtaosklsgdir,University of Nebraska,university-of-nebraska,Lincoln,NE,,cmoss3ume003bqtaosl7ef19d,,,,,,4,1
cmou692dm009uqt1gk17ovy4y,University of North Alabama,university-of-north-alabama,Florence,AL,,cmou692eh009wqt1gg1l67qtd,,,,,,4,1
cmorihv4u000fqth8xhav3tg9,University of North Carolina at Chapel Hill,university-of-north-carolina-at-chapel-hill,Chapel Hill,NC,,cmorihv5i000hqth8642hp9ga,,,,,,4,1
cmou57e7n007lqtdw6grlj0yo,University of North Carolina at Charlotte,university-of-north-carolina-at-charlotte,Charlotte,NC,,cmou57e8c007nqtdwb5t9ewz1,,,,,,3,1
cmou692f9009xqt1gxdgwjsm8,University of North Florida,university-of-north-florida,Jacksonville,FL,,cmou692fz009zqt1goeu3cfla,,,,,,4,1
cmosownxt000uqtuozt3yykq9,University of Notre Dame,university-of-notre-dame,Notre Dame,IN,,cmosownyi000wqtuo71ef7lg9,,,,,,4,1
cmossumsw0043qtpgqq3re2qg,University of Oregon,university-of-oregon,Eugene,OR,,cmossumtm0045qtpg75518v32,,,,,,4,1
cmosownzc000xqtuoxng8rral,University of Pittsburgh,university-of-pittsburgh,Pittsburgh,PA,,cmosowo02000zqtuorrxcus33,,,,,,3,1
cmou65qee008xqt1o7ljwn00l,University of Rhode Island,university-of-rhode-island,Kingston,RI,,cmou65qf4008zqt1oaxiecdfx,,,,,,4,1
cmou65qft0090qt1oyy3qt0xa,University of Richmond,university-of-richmond,Richmond,VA,,cmou65qgi0092qt1ovyrn305w,,,,,,4,1
cmou57eff0080qtdwllt5e1ya,University of South Florida,university-of-south-florida,Tampa,FL,,cmou57eg60082qtdwkr4v7bz1,,,,,,5,1
cmossumrj0040qtpg5nfsfxij,University of Southern California,university-of-southern-california,Los Angeles,CA,,cmossums80042qtpg69u7kaqh,,,,,,4,1
cmou57el20089qtdwofatlmue,University of Texas at San Antonio,university-of-texas-at-san-antonio,San Antonio,TX,,cmou57elp008bqtdw5g9tglmv,,,,,,5,1
cmosun0cp0059qtlgmyvx6gz3,University of Utah,university-of-utah,Salt Lake City,UT,,cmosun0dd005bqtlgtpmduubv,,,,,,4,1
cmorirvj4001rqtm0u610tmnb,University of Virginia,university-of-virginia,Charlottesville,VA,,cmorirvju001tqtm0jenypf9l,,,,,,5,1
cmossumua0046qtpg7kokmi2a,University of Washington,university-of-washington,Seattle,WA,,cmossumuy0048qtpgu11ho5mb,,,,,,5,1
cmou692js00a6qt1g8npxqitj,University of West Georgia,university-of-west-georgia,Carrollton,GA,,cmou692kj00a8qt1gh5k57wkp,,,,,,3,1
cmou6bacb00b0qtickdtwuqln,Villanova University,villanova-university,Villanova,PA,,cmou6bacz00b2qtic8lqoxe2q,,,,,,4,1
cmou65qk50099qt1olu75tu27,Virginia Commonwealth University,virginia-commonwealth-university,Richmond,VA,,cmou65qkx009bqt1o72evz4o4,,,,,,4,1
cmorirvkj001uqtm0xddfcy1n,Virginia Tech,virginia-tech,Blacksburg,VA,,cmorirvl8001wqtm0fnifyxse,,,,,,4,1
cmorirv2b000uqtm0d0xcn8m3,Wake Forest University,wake-forest-university,Winston-Salem,NC,,cmorirv2z000wqtm0syj9sq1f,,,,,,4,1
cmosun0e0005cqtlgaq1vqq45,West Virginia University,west-virginia-university,Morgantown,WV,,cmosun0eo005eqtlg60tq9pxa,,,,,,4,1
cmou57emf008cqtdwbx84cqra,Wichita State University,wichita-state-university,Wichita,KS,,cmou57en3008eqtdwv2nmtif8,,,,,,4,1
cmorihv3g000cqth80t0ywnkz,Winthrop University,winthrop-university,Rock Hill,SC,,cmorihv44000eqth8uy202g1u,,,,,,4,1
cmou6bado00b3qticrimagx0v,Xavier University,xavier-university,Cincinnati,OH,,cmou6baee00b5qtic8uzfufb4,,,,,,4,1
