collegeId,collegeName,collegeSlug,city,state,collegeDivision,programId,programDivision,conference,collegeProgramWebsiteUrl,baseballWebsiteUrl,coachCount,headCoachCount
cmou8cth500niqtloqxbbcs7q,Abilene Christian University,abilene-christian-university,Abilene,TX,,cmou8ctht00nkqtlo5igdod18,NCAA_D1,WAC,,https://acusports.com/sports/baseball,4,1
cmou7y6lb00i0qtoctz1o5gup,Air Force Academy,air-force-academy,Colorado Springs,CO,,cmou7y6m100i2qtocacagvlzg,NCAA_D1,Mountain West,,https://goairforcefalcons.com/sports/baseball,5,1
cmou8bk4r00miqtuwipz7ujxn,Alabama A&M University,alabama-am-university,Huntsville,AL,,cmou8bk5g00mkqtuwooxa4ld7,NCAA_D1,SWAC,,https://aamusports.com/sports/baseball,2,1
cmou8bk6700mlqtuw9jg9v0hr,Alabama State University,alabama-state-university,Montgomery,AL,,cmou8bk7000mnqtuws5zp12wv,NCAA_D1,SWAC,,https://bamastatesports.com/sports/baseball,4,1
cmou8bk7r00moqtuw877oh8ym,Alcorn State University,alcorn-state-university,Lorman,MS,,cmou8bk8g00mqqtuwslfooi6r,NCAA_D1,SWAC,,https://alcornsports.com/sports/baseball,3,1
cmorirv6d0013qtm0857czvw2,Appalachian State University,appalachian-state-university,Boone,NC,,cmorirv710015qtm0ovu568ty,NCAA_D1,Sun Belt,,https://appstatesports.com/sports/baseball,6,1
cmosumzx30049qtlgomg2y8hl,Arizona,arizona,Tucson,AZ,,cmosumzxq004bqtlgcux50apa,NCAA_D1,,,https://arizonawildcats.com/sports/baseball,6,1
cmosumzyf004cqtlgurkdv8j2,Arizona State University,arizona-state-university,Tempe,AZ,,cmosumzz4004eqtlggz9328ng,NCAA_D1,,,https://thesundevils.com/sports/baseball,9,1
cmou3bz6n005oqtvovcdaj57a,Arkansas State University,arkansas-state-university,Jonesboro,AR,,cmou3bz7n005qqtvo0uxy0otj,NCAA_D1,Sun Belt,,https://astateredwolves.com/sports/baseball,7,1
cmou853t900kfqtiwom7baojh,Army West Point,army-west-point,West Point,NY,,cmou853tx00khqtiwxhk7iuh6,NCAA_D1,Patriot League,,https://goarmywestpoint.com/sports/baseball,4,1
cmosp9qds001iqtyg1wl3lj4x,Auburn University,auburn-university,Auburn,AL,,cmosp9qeg001kqtyg0f97o2ln,NCAA_D1,SEC,,https://auburntigers.com/sports/baseball,7,1
cmou6925b009cqt1gkx1kghnj,Austin Peay State University,austin-peay-state-university,Clarksville,TN,,cmou6925z009eqt1gaqjdu3za,NCAA_D1,,,https://letsgopeay.com/sports/baseball,4,1
cmosun015004iqtlg3arpxgbi,BYU,byu,Provo,UT,,cmosun01s004kqtlg2b6mlqcd,NCAA_D1,,,https://byucougars.com/sports/baseball,6,1
cmou7skej00frqtagr0af6s2l,Ball State University,ball-state-university,Muncie,IN,,cmou7skfe00ftqtagnd5b58qi,NCAA_D1,MAC,,https://ballstatesports.com/sports/baseball,5,1
cmosumzzu004fqtlg454szeg8,Baylor University,baylor-university,Waco,TX,,cmosun00i004hqtlgy3534tz1,NCAA_D1,,,https://baylorbears.com/sports/baseball,6,1
cmou6926p009fqt1gv6h5xaxk,Bellarmine University,bellarmine-university,Louisville,KY,,cmou6927d009hqt1g6ojn2uy0,NCAA_D1,,,https://athletics.bellarmine.edu/sports/baseball,6,1
cmou7wkoo00hxqt5s9a60o3y4,Belmont University,belmont-university,Nashville,TN,,cmou7wkpe00hzqt5sc29zbzub,NCAA_D1,Missouri Valley,,https://belmontbruins.com/sports/baseball,8,1
cmou8bk9700mrqtuwxcss2rbf,Bethune-Cookman University,bethune-cookman-university,Daytona Beach,FL,,cmou8bkam00mtqtuw05l80dri,NCAA_D1,SWAC,,https://bcuathletics.com/sports/baseball,5,1
cmrxrdv7z000cqtx0unmjtce6,Binghamton University,binghamton-university,Vestal,NY,NCAA_D1,cmrxrdv7z000dqtx0u4plzkbu,NCAA_D1,,https://binghamtonbearcats.com/sports/baseball,https://binghamtonbearcats.com/sports/baseball,6,1
cmosownei0000qtuolkw0dovw,Boston College,boston-college,Chestnut Hill,MA,,cmosownis0002qtuoado2ywvj,NCAA_D1,,,https://bceagles.com/sports/baseball,6,1
cmou7skg500fuqtagtydmsfwo,Bowling Green State University,bowling-green-state-university,Bowling Green,OH,,cmou7skgu00fwqtagkdktv3y4,NCAA_D1,MAC,,https://bgsufalcons.com/sports/baseball,5,1
cmou7wk9s00h3qt5skvjnlqhv,Bradley University,bradley-university,Peoria,IL,,cmou7wkah00h5qt5sn6z34r0h,NCAA_D1,Missouri Valley,,https://bradleybraves.com/sports/baseball,5,1
cmou7ekn200e3qtx8xqee53qh,Brown University,brown-university,Providence,RI,,cmou7eknp00e5qtx84ipuuxjh,NCAA_D1,Ivy League,,https://brownbears.com/sports/baseball,5,1
cmrxrdvu2000uqtx0lcz2z076,Bryant University,bryant-university,Smithfield,RI,NCAA_D1,cmrxrdvu2000vqtx0llh19pjp,NCAA_D1,,https://bryantbulldogs.com/sports/baseball,https://bryantbulldogs.com/sports/baseball,4,1
cmou853uk00kiqtiwr4lsp4p6,Bucknell University,bucknell-university,Lewisburg,PA,,cmou853v900kkqtiwu3parh8r,NCAA_D1,Patriot League,,https://bucknellbison.com/sports/baseball,4,1
cmou6b9zt00a9qticvdpbknf5,Butler University,butler-university,Indianapolis,IN,,cmou6ba0j00abqtic3zfv6xc8,NCAA_D1,Big East,,https://butlersports.com/sports/baseball,5,1
cmou8ctii00nlqtlojaynels8,California Baptist University,california-baptist-university,Riverside,CA,,cmou8ctj700nnqtlon1veo5hd,NCAA_D1,WAC,,https://cbulancers.com/sports/baseball,5,1
cmrxrduvx0002qtx0p0ylsk1i,California Polytechnic State University,california-polytechnic-state-university,San Luis Obispo,CA,NCAA_D1,cmrxrduvx0003qtx0soqp80bp,NCAA_D1,,https://gopoly.com/sports/baseball,https://gopoly.com/sports/baseball,5,1
cmrxrdw420012qtx020ehnbvb,"California State University, Bakersfield",california-state-university-bakersfield,Bakersfield,CA,NCAA_D1,cmrxrdw430013qtx0u2zt3hnb,NCAA_D1,,https://gorunners.com/sports/baseball,https://gorunners.com/sports/baseball,5,1
cmrxrdv5k000aqtx0n7yvm4qz,"California State University, Fullerton",california-state-university-fullerton,Fullerton,CA,NCAA_D1,cmrxrdv5k000bqtx0jc47e0av,NCAA_D1,,https://fullertontitans.com/sports/baseball,https://fullertontitans.com/sports/baseball,7,1
cmrxrdwbg0018qtx009x0s1gp,"California State University, Long Beach",california-state-university-long-beach,Long Beach,CA,NCAA_D1,cmrxrdwbg0019qtx065a7nbkc,NCAA_D1,,https://longbeachstate.com/sports/baseball,https://longbeachstate.com/sports/baseball,5,1
cmrxrdvwg000wqtx0yuzrgxoa,"California State University, Northridge",california-state-university-northridge,Northridge,CA,NCAA_D1,cmrxrdvwg000xqtx06ncrelya,NCAA_D1,,https://gomatadors.com/sports/baseball,https://gomatadors.com/sports/baseball,5,1
cmrxrdv0r0006qtx0pefhaecs,"California State University, Sacramento",california-state-university-sacramento,Sacramento,CA,NCAA_D1,cmrxrdv0r0007qtx0b7ij6uib,NCAA_D1,,https://hornetsports.com/sports/baseball,https://hornetsports.com/sports/baseball,5,1
cmorirv530010qtm0xxcup0nz,Campbell University,campbell-university,Buies Creek,NC,,cmorirv5q0012qtm028k9yq81,NCAA_D1,,,https://gocamels.com/sports/baseball,8,1
cmou7g4yd00erqtkwsinl2cv7,Canisius University,canisius-university,Buffalo,NY,,cmou7g4z200etqtkw6aq7y21m,NCAA_D1,MAAC,,https://gogriffs.com/sports/baseball,4,1
cmou7zw9900j0qt18f8v0lvet,Central Connecticut State University,central-connecticut-state-university,New Britain,CT,,cmou7zwa000j2qt18c7a5hwss,NCAA_D1,Northeast Conference,,https://ccsubluedevils.com/sports/bsb,4,1
cmou7skhl00fxqtagpa6mymfq,Central Michigan University,central-michigan-university,Mount Pleasant,MI,,cmou7skic00fzqtagzifm29yu,NCAA_D1,MAC,,https://cmuchippewas.com/sports/baseball,5,1
cmou6tv0000b6qti0uw8kd0th,Charleston Southern University,charleston-southern-university,Charleston,SC,,cmou6tv0p00b8qti0d062ek6f,NCAA_D1,,,https://csusports.com/sports/baseball,5,1
cmorihuy70003qth8lteegu87,Clemson University,clemson-university,Clemson,SC,,cmorihuzp0005qth8tz9l0qy6,NCAA_D1,,,https://clemsontigers.com/sports/baseball,6,1
cmou3bz97005rqtvofgt7p17h,Coastal Carolina University,coastal-carolina-university,Conway,SC,,cmou3bz9z005tqtvogqtsk7dh,NCAA_D1,Sun Belt,,https://goccusports.com/sports/baseball,8,1
cmorihv0l0006qth8tj4axfti,College of Charleston,college-of-charleston,Charleston,SC,,cmorihv1b0008qth8h0fs6y1x,NCAA_D1,,,https://cofcsports.com/sports/baseball,6,1
cmou853vy00klqtiwxsprvd34,College of the Holy Cross,college-of-the-holy-cross,Worcester,MA,,cmou853wn00knqtiw8etjougs,NCAA_D1,Patriot League,,https://goholycross.com/sports/baseball,4,1
cmou7ekoe00e6qtx8h6vtazjr,Columbia University,columbia-university,New York,NY,,cmou7ekp200e8qtx8qlpcfsh3,NCAA_D1,Ivy League,,https://gocolumbialions.com/sports/baseball,4,1
cmrxrdx7p001yqtx06df9k00j,Coppin State University,coppin-state-university,Baltimore,MD,NCAA_D1,cmrxrdx7p001zqtx0379bykwu,NCAA_D1,,https://coppinstatesports.com/sports/baseball,https://coppinstatesports.com/sports/baseball,5,1
cmou7ekpr00e9qtx8i7bf3vt3,Cornell University,cornell-university,Ithaca,NY,,cmou7ekqf00ebqtx86ws3y8rp,NCAA_D1,Ivy League,,https://cornellbigred.com/sports/baseball,3,1
cmou6ba2k00afqticpp034jhc,Creighton University,creighton-university,Omaha,NE,,cmou6ba3a00ahqtic1dy2e7bu,NCAA_D1,,,https://gocreighton.com/sports/baseball,5,1
cmou3xrou007fqt5sv5iwwby9,Dallas Baptist University,dallas-baptist-university,Dallas,TX,,cmou3xrph007hqt5sgsdjmkeg,NCAA_D1,Conference USA,,https://dbupatriots.com/sports/baseball,9,1
cmou7ekr400ecqtx87gfarbw6,Dartmouth College,dartmouth-college,Hanover,NH,,cmou7ekrs00eeqtx85mv4aiw4,NCAA_D1,Ivy League,,https://dartmouthsports.com/sports/baseball,4,1
cmou65q5g008fqt1ovrpzk161,Davidson College,davidson-college,Davidson,NC,,cmou65q68008hqt1on0mn17uq,NCAA_D1,,,https://davidsonwildcats.com/sports/baseball,5,1
cmou7v13900goqtfg05v8bfsa,Delaware State University,delaware-state-university,Dover,DE,,cmou7v14000gqqtfg74wzxd9d,NCAA_D1,MEAC,,https://dsuhornets.com/sports/baseball,2,1
cmoriruy1000lqtm0hg80trqj,Duke University,duke-university,Durham,NC,,cmoriruyp000nqtm0g4gkgqwd,NCAA_D1,,,https://goduke.com/sports/baseball,7,1
cmoriruzd000oqtm0np271cox,East Carolina University,east-carolina-university,Greenville,NC,,cmorirv02000qqtm0792m94ry,NCAA_D1,,,https://ecupirates.com/sports/baseball,6,1
cmorirvhn001oqtm0h339uelq,East Tennessee State University,east-tennessee-state-university,Johnson City,TN,,cmorirvid001qqtm07p0bazmo,NCAA_D1,SoCon,,https://etsubucs.com/sports/baseball,3,1
cmou8250s00joqtfonibp33ex,Eastern Illinois University,eastern-illinois-university,Charleston,IL,,cmou8251i00jqqtforluc833g,NCAA_D1,Ohio Valley,,https://eiupanthers.com/sports/baseball,5,1
cmou6929i009lqt1gqrj949vt,Eastern Kentucky University,eastern-kentucky-university,Richmond,KY,,cmou692a7009nqt1gx1fvng63,NCAA_D1,,,https://ekusports.com/sports/baseball,6,1
cmou7skj100g0qtagj06bdvsw,Eastern Michigan University,eastern-michigan-university,Ypsilanti,MI,,cmou7skju00g2qtagvnch2szo,NCAA_D1,MAC,,https://emueagles.com/sports/baseball,7,1
cmou72rdk00c3qtt8y45siwr2,Elon University,elon-university,Elon,NC,,cmou72rea00c5qtt8bv7rh2o3,NCAA_D1,,,https://elonphoenix.com/sports/baseball,4,1
cmou7g4zq00euqtkwd42cysuy,Fairfield University,fairfield-university,Fairfield,CT,,cmou7g50f00ewqtkwsbzcsid6,NCAA_D1,MAAC,,https://fairfieldstags.com/sports/baseball,3,1
cmou7zwas00j3qt182wcerpdp,Fairleigh Dickinson University,fairleigh-dickinson-university,Teaneck,NJ,,cmou7zwbj00j5qt18iz4v4hge,NCAA_D1,Northeast Conference,,https://fduknights.com/sports/baseball,7,1
cmou8bkba00muqtuwai4k6w4f,Florida A&M University,florida-am-university,Tallahassee,FL,,cmou8bkc500mwqtuwn4v6624q,NCAA_D1,SWAC,,https://famuathletics.com/sports/baseball,5,1
cmou57eah007rqtdw819u1kd8,Florida Atlantic University,florida-atlantic-university,Boca Raton,FL,,cmou57eba007tqtdwnzaxnsg8,NCAA_D1,,,https://fausports.com/sports/baseball,6,1
cmou692az009oqt1gwyz2tbx3,Florida Gulf Coast University,florida-gulf-coast-university,Fort Myers,FL,,cmou692bn009qqt1g825aij0e,NCAA_D1,,,https://fgcuathletics.com/sports/baseball,4,1
cmou74g3m00cuqtboxefftaxz,Florida International University,florida-international-university,Miami,FL,,cmou74g4a00cwqtbow41onypu,NCAA_D1,Conference USA,,https://fiusports.com/sports/baseball,4,1
cmosownp0000cqtuo7ukk8301,Florida State University,florida-state-university,Tallahassee,FL,,cmosownpr000eqtuok3wn4xee,NCAA_D1,,,https://seminoles.com/sports/baseball,9,1
cmou65q8l008lqt1ozzkwkjhm,Fordham University,fordham-university,Bronx,NY,,cmou65q9a008nqt1ohbgyxbpf,NCAA_D1,,,https://fordhamsports.com/sports/baseball,4,1
cmou3xrg1006uqt5s90fq7wbv,Fresno State,fresno-state,Fresno,CA,,cmou3xrgo006wqt5sawcj9olu,NCAA_D1,Pac-12,,https://gobulldogs.com/sports/baseball,6,1
cmou6tv1f00b9qti056wd26tx,Gardner-Webb University,gardner-webb-university,Boiling Springs,NC,,cmou6tv2500bbqti0uzylvved,NCAA_D1,,,https://gwusports.com/sports/baseball,9,1
cmou65q9z008oqt1ow67o9q0x,George Mason University,george-mason-university,Fairfax,VA,,cmou65qaq008qqt1oh4skw4mn,NCAA_D1,,,https://gomason.com/sports/baseball,4,1
cmou65qbg008rqt1omiz03mq1,George Washington University,george-washington-university,Washington,DC,,cmou65qc7008tqt1otrt39c9e,NCAA_D1,,,https://gwsports.com/sports/baseball,5,1
cmou6ba5c00alqticm9m1ucs0,Georgetown University,georgetown-university,Washington,DC,,cmou6ba6000anqticmefr3evw,NCAA_D1,,,https://guhoyas.com/sports/baseball,3,1
cmou3bzar005uqtvotuqjjtpj,Georgia Southern University,georgia-southern-university,Statesboro,GA,,cmou3bzbf005wqtvoa5yx0t5p,NCAA_D1,Sun Belt,,https://gseagles.com/sports/baseball,10,1
cmou3bzc7005xqtvobxbfhhf1,Georgia State University,georgia-state-university,Atlanta,GA,,cmou3bzcy005zqtvo3urwyp5m,NCAA_D1,Sun Belt,,https://georgiastatesports.com/sports/baseball,4,1
cmorirv940019qtm0y88vy537,Georgia Tech,georgia-tech,Atlanta,GA,,cmorirv9s001bqtm0xz16xnel,NCAA_D1,,,https://ramblinwreck.com/sports/m-basebl,6,1
cmou3xrhd006xqt5sy8mx7xfp,Gonzaga University,gonzaga-university,Spokane,WA,,cmou3xrhz006zqt5svvnwi1wg,NCAA_D1,West Coast Conference,,https://gozags.com/sports/baseball,5,1
cmou8bkcv00mxqtuw4jh5usi0,Grambling State University,grambling-state-university,Grambling,LA,,cmou8bkdk00mzqtuw3pctg8sc,NCAA_D1,SWAC,,https://gsutigers.com/sports/baseball,4,1
cmou8ctjw00noqtloejv6g4yk,Grand Canyon University,grand-canyon-university,Phoenix,AZ,,cmou8ctkk00nqqtlo7h4rploa,NCAA_D1,WAC,,https://gculopes.com/sports/baseball,3,1
cmou7eksh00efqtx82hcfwyn5,Harvard University,harvard-university,Cambridge,MA,,cmou7ekt600ehqtx8psyqlq39,NCAA_D1,Ivy League,,https://gocrimson.com/sports/baseball,5,1
cmorirv3o000xqtm0dw9r5xuo,High Point University,high-point-university,High Point,NC,,cmorirv4e000zqtm091dbu3g3,NCAA_D1,,,https://highpointpanthers.com/sports/baseball,6,1
cmrxrdvfe000iqtx0ig0l8op3,Hofstra University,hofstra-university,Hempstead,NY,NCAA_D1,cmrxrdvfe000jqtx0aajwcz1y,NCAA_D1,,https://gohofstra.com/sports/baseball,https://gohofstra.com/sports/baseball,5,1
cmou87s2600loqt8ogi952e7u,Houston Christian University,houston-christian-university,Houston,TX,,cmou87s2z00lqqt8oy3ac0hd5,NCAA_D1,Southland,,https://hcuhuskies.com/sports/baseball,8,1
cmou7wke000hcqt5sqqhjpdb9,Illinois State University,illinois-state-university,Normal,IL,,cmou7wkeo00heqt5sc53q9gdn,NCAA_D1,Missouri Valley,,https://goredbirds.com/sports/baseball,4,1
cmou7wkff00hfqt5sve6yzh1q,Indiana State University,indiana-state-university,Terre Haute,IN,,cmou7wkg500hhqt5skxa5byu1,NCAA_D1,Missouri Valley,,https://gosycamores.com/sports/baseball,4,1
cmoss3ude002rqtaoztf1hdin,Indiana University,indiana-university,Bloomington,IN,,cmoss3ue6002tqtaoogo4t1i5,NCAA_D1,,,https://iuhoosiers.com/sports/baseball,7,1
cmrxrdwgj001cqtx02229j520,Iona University,iona-university,New Rochelle,NY,NCAA_D1,cmrxrdwgj001dqtx07c74syg6,NCAA_D1,,https://ionagaels.com/sports/baseball,https://ionagaels.com/sports/baseball,3,1
cmou8bked00n0qtuwpp2lpp75,Jackson State University,jackson-state-university,Jackson,MS,,cmou8bkf300n2qtuwklvjxrw9,NCAA_D1,SWAC,,https://gojsutigers.com/sports/baseball,4,1
cmou74g4y00cxqtbo8mt66c5s,Jacksonville State University,jacksonville-state-university,Jacksonville,AL,,cmou74g5m00czqtbo27ri2tut,NCAA_D1,Conference USA,,https://jsugamecocksports.com/sports/baseball,7,1
cmou692c9009rqt1gyfzu2me9,Jacksonville University,jacksonville-university,Jacksonville,FL,,cmou692cy009tqt1gvkh1u2u0,NCAA_D1,,,https://judolphins.com/sports/baseball,6,1
cmorirvnh0020qtm0zmpqk8ha,James Madison University,james-madison-university,Harrisonburg,VA,,cmorirvo80022qtm0v8nc60z1,NCAA_D1,Sun Belt,,https://jmusports.com/sports/baseball,5,1
cmosun069004uqtlgldcwzyyz,Kansas State University,kansas-state-university,Manhattan,KS,,cmosun06w004wqtlghra8useq,NCAA_D1,,,https://www.kstatesports.com/sports/baseball,9,1
cmorirvat001cqtm0g8f0pvoh,Kennesaw State University,kennesaw-state-university,Kennesaw,GA,,cmorirvc4001eqtm05q6w6boq,NCAA_D1,Conference USA,,https://ksuowls.com/sports/baseball,7,1
cmou7skkk00g3qtagy6vhez1y,Kent State University,kent-state-university,Kent,OH,,cmou7skla00g5qtagy804ec2z,NCAA_D1,MAC,,https://kentstatesports.com/sports/baseball,7,1
cmou7zwdt00j9qt182aa9w7js,LIU,liu,Brookville,NY,,cmou7zwek00jbqt1882s0u4lt,NCAA_D1,Northeast Conference,,https://www.liuathletics.com/sports/baseball,4,1
cmrxrdwix001eqtx00kpcsp7u,La Salle University,la-salle-university,Philadelphia,PA,NCAA_D1,cmrxrdwix001fqtx0yvg19whw,NCAA_D1,,https://goexplorers.com/sports/baseball,https://goexplorers.com/sports/baseball,4,1
cmou853xc00koqtiw191jfymh,Lafayette College,lafayette-college,Easton,PA,,cmou853xz00kqqtiw0169j0ad,NCAA_D1,Patriot League,,https://goleopards.com/sports/baseball,4,1
cmou87s5i00luqt8onj1dfzgw,Lamar University,lamar-university,Beaumont,TX,,cmou87s6900lwqt8ovwn8avii,NCAA_D1,Southland,,https://lamarcardinals.com/sports/baseball,4,1
cmou7zwca00j6qt18z0kal3jh,Le Moyne College,le-moyne-college,Syracuse,NY,,cmou7zwd100j8qt186gxo44jm,NCAA_D1,Northeast Conference,,https://lemoynedolphins.com/sports/baseball,2,1
cmou853yn00krqtiwxft9rpx6,Lehigh University,lehigh-university,Bethlehem,PA,,cmou853zf00ktqtiwls9maf65,NCAA_D1,Patriot League,,https://lehighsports.com/sports/baseball,4,1
cmorirvly001xqtm0tzybydoz,Liberty University,liberty-university,Lynchburg,VA,,cmorirvmo001zqtm0q8nwguf6,NCAA_D1,Conference USA,,https://libertyflames.com/sports/baseball,6,1
cmrxrdvrp000sqtx0hjg388or,Lindenwood University,lindenwood-university,St. Charles,MO,NCAA_D1,cmrxrdvrp000tqtx04pi8umsn,NCAA_D1,,https://lindenwoodsl-sports.com/sports/baseball,https://lindenwoodsl-sports.com/sports/baseball,3,1
cmrxrdvmr000oqtx0l0cy9bc4,Lipscomb University,lipscomb-university,Nashville,TN,NCAA_D1,cmrxrdvmr000pqtx039avvtsm,NCAA_D1,,https://lipscombsports.com/sports/baseball,https://lipscombsports.com/sports/baseball,6,1
cmou6tv4900bfqti0dl5zm88o,Longwood University,longwood-university,Farmville,VA,,cmou6tv4y00bhqti0f4aa9zgu,NCAA_D1,,,https://longwoodlancers.com/sports/baseball,4,1
cmosp9qiy001uqtygr9z70e4d,Louisiana State University,louisiana-state-university,Baton Rouge,LA,,cmosp9qjl001wqtygay3k1f31,NCAA_D1,SEC,,https://lsusports.net/sports/bsb/,10,1
cmou74g9400d6qtbozjfls2vs,Louisiana Tech University,louisiana-tech-university,Ruston,LA,,cmou74g9u00d8qtbof7zmonqa,NCAA_D1,Conference USA,,https://latechsports.com/sports/baseball,9,1
cmou8ea7q00ofqt6st8tp4yo9,Loyola Marymount University,loyola-marymount-university,Los Angeles,CA,,cmou8ea8i00ohqt6se9ges7t9,NCAA_D1,West Coast Conference,,https://lmulions.com/sports/baseball,5,1
cmou7g51200exqtkwf7kuasw3,Manhattan University,manhattan-university,Bronx,NY,,cmou7g51s00ezqtkwxetc5qqx,NCAA_D1,MAAC,,https://gojaspers.com/sports/baseball,3,1
cmou7g52f00f0qtkwt9df4qnj,Marist University,marist-university,Poughkeepsie,NY,,cmou7g53400f2qtkwqmbg3tkd,NCAA_D1,MAAC,,https://goredfoxes.com/sports/baseball,3,1
cmou3bzgk0066qtvox0ta1p15,Marshall University,marshall-university,Huntington,WV,,cmou3bzhc0068qtvojrm3rzyk,NCAA_D1,Sun Belt,,https://herdzone.com/sports/baseball,5,1
cmou87s7p00lxqt8o8ol0m0nw,McNeese State University,mcneese-state-university,Lake Charles,LA,,cmou87s8g00lzqt8ofnxh0lqd,NCAA_D1,Southland,,https://mcneesesports.com/sports/baseball,2,1
cmorirvda001fqtm0bda9w5vn,Mercer University,mercer-university,Macon,GA,,cmorirve1001hqtm0mjm0p8oa,NCAA_D1,SoCon,,https://mercerbears.com/sports/baseball,5,1
cmrxrdx2r001uqtx08t9pdpzs,Mercyhurst University,mercyhurst-university,Erie,PA,NCAA_D1,cmrxrdx2r001vqtx0g26ttkv4,NCAA_D1,,https://hurstathletics.com/sports/baseball,https://hurstathletics.com/sports/baseball,4,1
cmou7zwf900jcqt18wr5yrl6b,Merrimack College,merrimack-college,North Andover,MA,,cmou7zwfz00jeqt18k733ahlx,NCAA_D1,Northeast Conference,,https://merrimackathletics.com/sports/baseball,4,1
cmou7sknj00g9qtagx86tk6jp,Miami University,miami-university,Oxford,OH,,cmou7skoa00gbqtagdohm68a4,NCAA_D1,MAC,,https://miamiredhawks.com/sports/baseball,4,1
cmoss3uj00033qtao6edcy6t4,Michigan State University,michigan-state-university,East Lansing,MI,,cmoss3ujo0035qtaocvcas0pr,NCAA_D1,,,https://msuspartans.com/sports/baseball,4,1
cmou74gai00d9qtbom8p5uos8,Middle Tennessee State University,middle-tennessee-state-university,Murfreesboro,TN,,cmou74gb600dbqtboufydjjon,NCAA_D1,Conference USA,,https://goblueraiders.com/sports/baseball,6,1
cmosp9qlj0020qtygmlse1hvz,Mississippi State University,mississippi-state-university,Starkville,MS,,cmosp9qm90022qtygo9hvl54a,NCAA_D1,SEC,,https://hailstate.com/sports/baseball,8,1
cmou8bkft00n3qtuwhngsikpf,Mississippi Valley State University,mississippi-valley-state-university,Itta Bena,MS,,cmou8bkgi00n5qtuwywlmdln3,NCAA_D1,SWAC,,https://mvsusports.com/sports/baseball,6,1
cmou7wkgw00hiqt5sseedt2ma,Missouri State University,missouri-state-university,Springfield,MO,,cmou7wkhn00hkqt5sbhclevc1,NCAA_D1,Missouri Valley,,https://missouristatebears.com/sports/baseball,6,1
cmou72rez00c6qtt8vg07t3mb,Monmouth University,monmouth-university,West Long Branch,NJ,,cmou72rfn00c8qtt8hwktn20p,NCAA_D1,,,https://monmouthhawks.com/sports/baseball,4,1
cmou8254z00jxqtfojfw5nai9,Morehead State University,morehead-state-university,Morehead,KY,,cmou8255p00jzqtfoxtl707lf,NCAA_D1,Ohio Valley,,https://msueagles.com/sports/baseball,4,1
cmou7g53u00f3qtkwb9q8949c,Mount St. Mary's University,mount-st-marys-university,Emmitsburg,MD,,cmou7g54k00f5qtkwzdidrcxk,NCAA_D1,MAAC,,https://mountathletics.com/sports/baseball,5,1
cmou7wkih00hlqt5s33909h6i,Murray State University,murray-state-university,Murray,KY,,cmou7wkj800hnqt5sekexg9mi,NCAA_D1,Ohio Valley,,https://goracers.com/sports/baseball,5,1
cmou8540400kuqtiws5720no0,Naval Academy,naval-academy,Annapolis,MD,,cmou8540s00kwqtiwqdx2wzj0,NCAA_D1,Patriot League,,https://navysports.com/sports/baseball,5,1
cmrxrdwvd001oqtx01us0hgnh,New Jersey Institute of Technology,new-jersey-institute-of-technology,Newark,NJ,NCAA_D1,cmrxrdwvd001pqtx0ya8nunsf,NCAA_D1,,https://njithighlanders.com/sports/baseball,https://njithighlanders.com/sports/baseball,5,1
cmou74gbw00dcqtbol3sfoqsv,New Mexico State University,new-mexico-state-university,Las Cruces,NM,,cmou74gcl00deqtboo14o1rx4,NCAA_D1,Conference USA,,https://nmstatesports.com/sports/baseball,4,1
cmou7g55900f6qtkwnbzbwha4,Niagara University,niagara-university,Niagara University,NY,,cmou7g55y00f8qtkwgjqz1y2q,NCAA_D1,MAAC,,https://purpleeagles.com/sports/baseball,2,1
cmou87sao00m3qt8o9ltpx7xj,Nicholls State University,nicholls-state-university,Thibodaux,LA,,cmou87sbe00m5qt8o3c4bkqxp,NCAA_D1,Southland,,https://geauxcolonels.com/sports/baseball,6,1
cmou7v16500guqtfgg29wl5pq,Norfolk State University,norfolk-state-university,Norfolk,VA,,cmou7v16v00gwqtfgg233rx6f,NCAA_D1,MEAC,,https://nsuspartans.com/sports/baseball,4,1
cmou72rgb00c9qtt82x6a8jc6,North Carolina A&T State University,north-carolina-at-state-university,Greensboro,NC,,cmou72rh100cbqtt8n0exf72o,NCAA_D1,,,https://ncataggies.com/sports/baseball,4,1
cmoriruwm000iqtm02t4sd889,North Carolina State University,north-carolina-state-university,Raleigh,NC,,cmoriruxc000kqtm0j7aburmj,NCAA_D1,,,https://gopack.com/sports/baseball,6,1
cmrxrdwqb001kqtx0uc6w3nfo,North Dakota State University,north-dakota-state-university,Fargo,ND,NCAA_D1,cmrxrdwqb001lqtx0a6eckvlu,NCAA_D1,,https://gobison.com/sports/baseball,https://gobison.com/sports/baseball,2,1
cmou72rhq00ccqtt8mnchz644,Northeastern University,northeastern-university,Boston,MA,,cmou72rih00ceqtt8pvkwzi7n,NCAA_D1,CAA,,https://nuhuskies.com/sports/baseball,7,1
cmou7skp000gcqtag9gme0a5g,Northern Illinois University,northern-illinois-university,DeKalb,IL,,cmou7skpt00geqtagbn7zudpp,NCAA_D1,MAC,,https://niuhuskies.com/sports/baseball,3,1
cmou7aqmx00duqt44ki7648cp,Northern Kentucky University,northern-kentucky-university,Highland Heights,KY,,cmou7aqnp00dwqt447trpic9t,NCAA_D1,Horizon League,,https://nkunorse.com/sports/baseball,6,1
cmou87sc400m6qt8og6qwpy7g,Northwestern State University,northwestern-state-university,Natchitoches,LA,,cmou87sd800m8qt8omluc99f6,NCAA_D1,Southland,,https://nsudemons.com/sports/baseball,6,1
cmoss3un1003cqtao6c08qtft,Northwestern University,northwestern-university,Evanston,IL,,cmoss3uno003eqtaonzgvlr9p,NCAA_D1,,,https://nusports.com/sports/baseball,5,1
cmou7aqq300e0qt44815c4i48,Oakland University,oakland-university,Rochester,MI,,cmou7aqqy00e2qt44hyodugts,NCAA_D1,Horizon League,,https://goldengrizzlies.com/sports/baseball,5,1
cmoss3uob003fqtaoxl8favwc,Ohio State University,ohio-state-university,Columbus,OH,,cmoss3upc003hqtaoe5fltxdq,NCAA_D1,,,https://ohiostatebuckeyes.com/sports/baseball,6,1
cmou7skqk00gfqtagxrcr2y5r,Ohio University,ohio-university,Athens,OH,,cmou7skr800ghqtagxadkl54c,NCAA_D1,MAC,,https://ohiobobcats.com/sports/baseball,5,1
cmosun07l004xqtlgmfv1xuiu,Oklahoma State University,oklahoma-state-university,Stillwater,OK,,cmosun087004zqtlg8mhr1z8t,NCAA_D1,,,https://okstate.com/sports/baseball,5,1
cmou3bzi30069qtvo7egz1i63,Old Dominion University,old-dominion-university,Norfolk,VA,,cmou3bzis006bqtvox87it60e,NCAA_D1,Sun Belt,,https://odusports.com/sports/baseball,8,1
cmrxrdvp7000qqtx02ny5g8sp,Oral Roberts University,oral-roberts-university,Tulsa,OK,NCAA_D1,cmrxrdvp7000rqtx0daczfc3a,NCAA_D1,,https://oruathletics.com/sports/baseball,https://oruathletics.com/sports/baseball,7,1
cmou3xril0070qt5slpmm4icd,Oregon State University,oregon-state-university,Corvallis,OR,,cmou3xrj70072qt5s2jjtrt9o,NCAA_D1,Pac-12,,https://osubeavers.com/sports/baseball,7,1
cmoss3upz003iqtao5i62w3ay,Penn State University,penn-state-university,University Park,PA,,cmoss3uqn003kqtaoaqh1o3af,NCAA_D1,,,https://gopsusports.com/sports/baseball,5,1
cmou8ea9700oiqt6sl6kxo6py,Pepperdine University,pepperdine-university,Malibu,CA,,cmou8ea9w00okqt6sxqte3yga,NCAA_D1,West Coast Conference,,https://pepperdinewaves.com/sports/baseball,5,1
cmou8bkh800n6qtuwr2b80tng,Prairie View A&M University,prairie-view-am-university,Prairie View,TX,,cmou8bki500n8qtuw63u8u7tr,NCAA_D1,SWAC,,https://pvpanthers.com/sports/baseball,6,1
cmou6tv5p00biqti096g6a7i8,Presbyterian College,presbyterian-college,Clinton,SC,,cmou6tv6d00bkqti0fqrjrjwf,NCAA_D1,,,https://gobluehose.com/sports/baseball,5,1
cmou7ekvb00elqtx8wqvell5p,Princeton University,princeton-university,Princeton,NJ,,cmou7ekw100enqtx8836iwma7,NCAA_D1,Ivy League,,https://goprincetontigers.com/sports/baseball,5,1
cmoss3ura003lqtaodex5xyz9,Purdue University,purdue-university,West Lafayette,IN,,cmoss3urx003nqtaoxvvgb7e1,NCAA_D1,,,https://purduesports.com/sports/baseball,6,1
cmorj0gtv002lqtio6lhkp2sn,Queens University of Charlotte,queens-university-of-charlotte,Charlotte,NC,,cmorj0gul002nqtioftxuxef1,NCAA_D1,,,https://queensathletics.com/sports/baseball,3,1
cmou7g56n00f9qtkw20et5as4,Quinnipiac University,quinnipiac-university,Hamden,CT,,cmou7g57d00fbqtkw03owk44b,NCAA_D1,MAAC,,https://gobobcats.com/sports/baseball,5,1
cmou6tv7100blqti0ro2wk1tg,Radford University,radford-university,Radford,VA,,cmou6tv7r00bnqti0zdyxeksd,NCAA_D1,Big South,,https://radfordathletics.com/sports/baseball,3,1
cmou57edu007xqtdwf0oux6v3,Rice University,rice-university,Houston,TX,,cmou57eem007zqtdwx7f8coft,NCAA_D1,,,https://riceowls.com/sports/baseball,6,1
cmou7g58200fcqtkwlr36bze7,Rider University,rider-university,Lawrenceville,NJ,,cmou7g58r00feqtkwnpsgaznj,NCAA_D1,MAAC,,https://gobroncs.com/sports/baseball,4,2
cmoss3usl003oqtaorrzcvm28,Rutgers University,rutgers-university,New Brunswick,NJ,,cmoss3ut9003qqtaoy83jq2k5,NCAA_D1,,,https://scarletknights.com/sports/baseball,7,1
cmou7g59h00ffqtkwxjhhqadq,Sacred Heart University,sacred-heart-university,Fairfield,CT,,cmou7g5a600fhqtkw92g207lr,NCAA_D1,MAAC,,https://sacredheartpioneers.com/sports/baseball,5,1
cmou65qh80093qt1oh6psc6h9,Saint Joseph's University,saint-josephs-university,Philadelphia,PA,,cmou65qhy0095qt1ownoailh2,NCAA_D1,,,https://sjuhawks.com/sports/baseball,4,1
cmou65qio0096qt1o4osfjy36,Saint Louis University,saint-louis-university,St. Louis,MO,,cmou65qje0098qt1ozah8sdhb,NCAA_D1,,,https://slubillikens.com/sports/baseball,4,1
cmou8eabz00ooqt6s0y8qips5,Saint Mary's College of California,saint-marys-college-of-california,Moraga,CA,,cmou8eaco00oqqt6skzpaxh8w,NCAA_D1,West Coast Conference,,https://smcgaels.com/sports/baseball,6,1
cmou7g5av00fiqtkwd5p6smd8,Saint Peter's University,saint-peters-university,Jersey City,NJ,,cmou7g5bk00fkqtkwucf6witm,NCAA_D1,MAAC,,https://saintpeterspeacocks.com/sports/baseball,4,1
cmou74gda00dfqtbowljcz5qy,Sam Houston State University,sam-houston-state-university,Huntsville,TX,,cmou74gdy00dhqtboupmdj4ka,NCAA_D1,Conference USA,,https://gobearkats.com/sports/baseball,6,1
cmou869xz00l9qtjkp3n01t3v,Samford University,samford-university,Birmingham,AL,,cmou869yo00lbqtjkmkyipunp,NCAA_D1,SoCon,,https://samfordsports.com/sports/baseball,6,1
cmou3xrju0073qt5sqs3jf1rt,San Diego State University,san-diego-state-university,San Diego,CA,,cmou3xrkg0075qt5suzvu19l1,NCAA_D1,Mountain West,,https://goaztecs.com/sports/baseball,7,1
cmou7y6qy00icqtocgehc57zb,San Jose State University,san-jose-state-university,San Jose,CA,,cmou7y6rn00ieqtoc6pij5vm6,NCAA_D1,Mountain West,,https://sjsuspartans.com/sports/baseball,5,1
cmou8eagb00oxqt6s7ah1xrvm,Santa Clara University,santa-clara-university,Santa Clara,CA,,cmou8eagz00ozqt6s772pv6hs,NCAA_D1,West Coast Conference,,https://santaclarabroncos.com/sports/baseball,5,1
cmou8cts300o6qtlo0noyht46,Seattle University,seattle-university,Seattle,WA,,cmou8ctsr00o8qtlot3odh0cd,NCAA_D1,WAC,,https://goseattleu.com/sports/baseball,5,1
cmou6baap00axqtic1q6c8vze,Seton Hall University,seton-hall-university,South Orange,NJ,,cmou6babe00azqtic7ata0fs3,NCAA_D1,,,https://shupirates.com/sports/baseball,4,1
cmou7g5c700flqtkwnuf1bsxy,Siena College,siena-college,Loudonville,NY,,cmou7g5cy00fnqtkwcn5qqhb9,NCAA_D1,MAAC,,https://sienasaints.com/sports/baseball,3,1
cmrxrdw6m0014qtx0nu4lr6th,South Dakota State University,south-dakota-state-university,Brookings,SD,NCAA_D1,cmrxrdw6m0015qtx0zyuxvglp,NCAA_D1,,https://gojacks.com/sports/baseball,https://gojacks.com/sports/baseball,4,1
cmou8257y00k3qtfo1yehrrpj,Southeast Missouri State University,southeast-missouri-state-university,Cape Girardeau,MO,,cmou8258p00k5qtfobw57z4wq,NCAA_D1,Ohio Valley,,https://semoredhawks.com/sports/baseball,4,1
cmou87sdy00m9qt8ov075op6f,Southeastern Louisiana University,southeastern-louisiana-university,Hammond,LA,,cmou87sen00mbqt8odmp5ltru,NCAA_D1,Southland,,https://lionsports.net/sports/baseball,7,1
cmou7wkli00hrqt5sdf793czs,Southern Illinois University,southern-illinois-university,Carbondale,IL,,cmou7wkmb00htqt5sqdbxm6mn,NCAA_D1,Missouri Valley,,https://siusalukis.com/sports/baseball,5,1
cmrxrdv340008qtx0y4umykfi,Southern Illinois University Edwardsville,southern-illinois-university-edwardsville,Edwardsville,IL,NCAA_D1,cmrxrdv340009qtx0x5dk7ink,NCAA_D1,,https://siuecougars.com/sports/baseball/,https://siuecougars.com/sports/baseball/,5,1
cmou8bkiv00n9qtuw67iv0p5k,Southern University and A&M College,southern-university-and-am-college,Baton Rouge,LA,,cmou8bkjn00nbqtuwq3i8eulz,NCAA_D1,SWAC,,https://gojagsports.com/sports/baseball,8,1
cmrxrdwsw001mqtx01t1dechs,St. Bonaventure University,st-bonaventure-university,St. Bonaventure,NY,NCAA_D1,cmrxrdwsw001nqtx08hnau9es,NCAA_D1,,https://gobonnies.com/sports/baseball,https://gobonnies.com/sports/baseball,4,1
cmou6ba9d00auqtichfm9m8f7,St. John's University,st-johns-university,Queens,NY,,cmou6baa000awqticynlwrngm,NCAA_D1,,,https://redstormsports.com/sports/baseball,4,1
cmosowo0s0010qtuovb31mcy3,Stanford University,stanford-university,Stanford,CA,,cmosowo1h0012qtuoqpb2b897,NCAA_D1,,,https://gostanford.com/sports/baseball,5,1
cmou87sfe00mcqt8omjooodxl,Stephen F. Austin State University,stephen-f-austin-state-university,Nacogdoches,TX,,cmou87sg500meqt8o07o9mbvb,NCAA_D1,Southland,,https://sfajacks.com/sports/baseball,4,1
cmou692i900a3qt1ge0op0qbf,Stetson University,stetson-university,DeLand,FL,,cmou692j100a5qt1gjzdz1gj8,NCAA_D1,,,https://gohatters.com/sports/baseball,6,1
cmou7zwgq00jfqt18075d1yrp,Stonehill College,stonehill-college,Easton,MA,,cmou7zwhg00jhqt18u4dg2q1l,NCAA_D1,Northeast Conference,,https://stonehillskyhawks.com/sports/baseball,6,1
cmou72rj700cfqtt8j1fo71oa,Stony Brook University,stony-brook-university,Stony Brook,NY,,cmou72rjw00chqtt8k4ykpna3,NCAA_D1,,,https://stonybrookathletics.com/sports/baseball,4,1
cmosun08u0050qtlg3k28eb5j,TCU,tcu,Fort Worth,TX,,cmosun09h0052qtlg5joyoy43,NCAA_D1,,,https://gofrogs.com/sports/baseball,6,1
cmou8ctnz00nxqtlo1naql28v,Tarleton State University,tarleton-state-university,Stephenville,TX,,cmou8ctoo00nzqtlov4b045g8,NCAA_D1,WAC,,https://tarletonsports.com/sports/baseball,6,1
cmou825av00k9qtfo6o2sfjmf,Tennessee Technological University,tennessee-technological-university,Cookeville,TN,,cmou825bk00kbqtfopplc3k9d,NCAA_D1,Ohio Valley,,https://www.ttusports.com/sports/bsb,3,1
cmosp9qux002iqtygai7kj7ix,Texas A&M University,texas-am-university,College Station,TX,,cmosp9qvm002kqtygv15p8g51,NCAA_D1,SEC,,https://12thman.com/sports/baseball,6,1
cmou87sgu00mfqt8otiseblwa,Texas A&M University Corpus Christi,texas-am-university-corpus-christi,Corpus Christi,TX,,cmou87shj00mhqt8on876f8eo,NCAA_D1,Southland,,https://goislanders.com/sports/baseball,8,1
cmou8bkkf00ncqtuwvmtkd81f,Texas Southern University,texas-southern-university,Houston,TX,,cmou8bkl600neqtuw09os8sjj,NCAA_D1,SWAC,,https://tsusports.com/sports/baseball,2,1
cmou3bzmd006iqtvo520iedb5,Texas State University,texas-state-university,San Marcos,TX,,cmou3bzn4006kqtvov57tocaz,NCAA_D1,Pac-12,,https://txst.com/sports/baseball,7,1
cmosun0a30053qtlgwqx8pc03,Texas Tech University,texas-tech-university,Lubbock,TX,,cmosun0ar0055qtlg6xlvphkd,NCAA_D1,,,https://texastech.com/sports/baseball,7,1
cmou869si00kxqtjk4hq2v3uw,The Citadel,the-citadel,Charleston,SC,,cmou869t600kzqtjkn5cr70vq,NCAA_D1,SoCon,,https://citadelsports.com/sports/baseball,5,1
cmou72rkm00ciqtt8z62e367q,Towson University,towson-university,Towson,MD,,cmou72rlc00ckqtt8h1zgkmzj,NCAA_D1,,,https://towsontigers.com/sports/baseball,7,1
cmou3bznt006lqtvom504k4vr,Troy University,troy-university,Troy,AL,,cmou3bzoj006nqtvow6hywsy4,NCAA_D1,Sun Belt,,https://troytrojans.com/sports/baseball,9,1
cmou57ejn0086qtdwaxqor803,Tulane University,tulane-university,New Orleans,LA,,cmou57ekc0088qtdwzjnvgm0x,NCAA_D1,,,https://tulanegreenwave.com/sports/baseball,7,1
cmosun0bd0056qtlg87u13vxx,UCF,ucf,Orlando,FL,,cmosun0c10058qtlgn2wdysws,NCAA_D1,,,https://ucfknights.com/sports/baseball,7,1
cmossumq5003xqtpgz2376dpb,UCLA,ucla,Los Angeles,CA,,cmossumqt003zqtpgyjdtn02c,NCAA_D1,,,https://uclabruins.com/sports/baseball,5,1
cmou6tv8i00boqti0vjvm8aer,UNC Asheville,unc-asheville,Asheville,NC,,cmou6tv9900bqqti0wabo0574,NCAA_D1,,,https://uncabulldogs.com/sports/baseball,2,1
cmou72rm100clqtt8q8b00o3c,UNC Wilmington,unc-wilmington,Wilmington,NC,,cmou72rmr00cnqtt8dj51725x,NCAA_D1,CAA,,https://uncwsports.com/sports/baseball,6,1
cmou6tv9y00brqti0h1og2mt7,USC Upstate,usc-upstate,Spartanburg,SC,,cmou6tvap00btqti0249q1z1i,NCAA_D1,,,https://upstatespartans.com/sports/baseball,5,1
cmrxrdwnt001iqtx0cgzv8q00,"University at Albany, SUNY",university-at-albany-suny,Albany,NY,NCAA_D1,cmrxrdwnt001jqtx0jpkx0ldj,NCAA_D1,,https://ualbanysports.com/sports/baseball,https://ualbanysports.com/sports/baseball,4,1
cmou7skcx00foqtagxk69btib,University of Akron,university-of-akron,Akron,OH,,cmou7skdr00fqqtagocs6xuw4,NCAA_D1,MAC,,https://gozips.com/sports/baseball,3,1
cmosp9qb0001cqtyg3bj9jezt,University of Alabama,university-of-alabama,Tuscaloosa,AL,,cmosp9qbp001eqtygsx3wqo39,NCAA_D1,SEC,,https://rolltide.com/sports/baseball,8,1
cmou57e5s007iqtdwb3g795nq,University of Alabama at Birmingham,university-of-alabama-at-birmingham,Birmingham,AL,,cmou57e6p007kqtdwt7q4s4pg,NCAA_D1,,,https://uabsports.com/sports/baseball,6,1
cmosp9qcd001fqtygqtxktpzw,University of Arkansas,university-of-arkansas,Fayetteville,AR,,cmosp9qd4001hqtyggghrj9on,NCAA_D1,SEC,,https://arkansasrazorbacks.com/sport/m-basebl,6,1
cmou8253h00juqtfoheeskxep,University of Arkansas at Little Rock,university-of-arkansas-at-little-rock,Little Rock,AR,,cmou8254800jwqtfo93hx3i10,NCAA_D1,Ohio Valley,,https://lrtrojans.com/sports/baseball,7,1
cmou8bklv00nfqtuwyjlpx889,University of Arkansas at Pine Bluff,university-of-arkansas-at-pine-bluff,Pine Bluff,AR,,cmou8bkmo00nhqtuwbp7p9ixn,NCAA_D1,SWAC,,https://uapblionsroar.com/sports/baseball,6,1
cmosownko0003qtuom8wxpo9s,University of California Berkeley,university-of-california-berkeley,Berkeley,CA,,cmosownle0005qtuo0gwfge3i,NCAA_D1,,,https://calbears.com/sports/baseball,7,1
cmrxrdvk9000mqtx0itzsdx5v,"University of California, Davis",university-of-california-davis,Davis,CA,NCAA_D1,cmrxrdvk9000nqtx0lx6defy3,NCAA_D1,,https://ucdavisaggies.com/sports/baseball,https://ucdavisaggies.com/sports/baseball,5,1
cmrxrdvai000eqtx0kzqf0czs,"University of California, Irvine",university-of-california-irvine,Irvine,CA,NCAA_D1,cmrxrdvai000fqtx0tjvyddkn,NCAA_D1,,https://ucirvinesports.com/sports/baseball,https://ucirvinesports.com/sports/baseball,6,1
cmrxrdwle001gqtx0bpmkw79z,"University of California, Riverside",university-of-california-riverside,Riverside,CA,NCAA_D1,cmrxrdwle001hqtx0ihflj3q4,NCAA_D1,,https://gohighlanders.com/sports/baseball,https://gohighlanders.com/sports/baseball,4,1
cmrxrduyd0004qtx0vghj2x0t,"University of California, San Diego",university-of-california-san-diego,La Jolla,CA,NCAA_D1,cmrxrduyd0005qtx0u3n2kvu5,NCAA_D1,,https://ucsdtritons.com/sports/baseball,https://ucsdtritons.com/sports/baseball,5,1
cmrxrduq20000qtx012s2s5yk,"University of California, Santa Barbara",university-of-california-santa-barbara,Santa Barbara,CA,NCAA_D1,cmrxrduq30001qtx0txnjqhcr,NCAA_D1,,https://ucsbgauchos.com/sports/baseball,https://ucsbgauchos.com/sports/baseball,7,1
cmou69282009iqt1gxj2iub11,University of Central Arkansas,university-of-central-arkansas,Conway,AR,,cmou6928r009kqt1gue4f9xf1,NCAA_D1,,,https://ucasports.com/sports/baseball,4,1
cmosun02f004lqtlg6en5evwj,University of Cincinnati,university-of-cincinnati,Cincinnati,OH,,cmosun032004nqtlg3uum11pe,NCAA_D1,,,https://gobearcats.com/sports/baseball,7,1
cmou6ba1700acqtict3598yzg,University of Connecticut,university-of-connecticut,Storrs,CT,,cmou6ba1v00aeqticcud1v7g6,NCAA_D1,,,https://uconnhuskies.com/sports/baseball,5,1
cmou65q73008iqt1o6zbgwgae,University of Dayton,university-of-dayton,Dayton,OH,,cmou65q7u008kqt1ooxam21og,NCAA_D1,,,https://daytonflyers.com/sports/baseball,4,1
cmrxrdw900016qtx0r0fuipbh,University of Delaware,university-of-delaware,Newark,DE,NCAA_D1,cmrxrdw900017qtx0ewpnxj0f,NCAA_D1,,https://bluehens.com/sports/baseball,https://bluehens.com/sports/baseball,4,1
cmou7wkb700h6qt5s0alseljc,University of Evansville,university-of-evansville,Evansville,IN,,cmou7wkbx00h8qt5sokuzgsz0,NCAA_D1,Missouri Valley,,https://gopurpleaces.com/sports/baseball,5,1
cmosp9qf2001lqtyghnsfqgxe,University of Florida,university-of-florida,Gainesville,FL,,cmosp9qfq001nqtygmt8vlvxj,NCAA_D1,SEC,,https://floridagators.com/sports/baseball,8,1
cmorirv7r0016qtm0u7tt6h9b,University of Georgia,university-of-georgia,Athens,GA,,cmorirv8g0018qtm0yypjywu7,NCAA_D1,SEC,,https://georgiadogs.com/sports/baseball,6,1
cmrxrdvd1000gqtx02c298jt4,University of Hawaii at Manoa,university-of-hawaii-at-manoa,Honolulu,HI,NCAA_D1,cmrxrdvd1000hqtx0ujdpix6y,NCAA_D1,,https://hawaiiathletics.com/sports/baseball,https://hawaiiathletics.com/sports/baseball,7,1
cmosun03o004oqtlgjeqvedtg,University of Houston,university-of-houston,Houston,TX,,cmosun04b004qqtlg5tbn4tad,NCAA_D1,,,https://uhcougars.com/sports/baseball,7,1
cmoss3uby002oqtao54kmml5m,University of Illinois,university-of-illinois,Champaign,IL,,cmoss3ucp002qqtaoodp62vry,NCAA_D1,,,https://fightingillini.com/sports/baseball,7,1
cmou7wkcm00h9qt5s8asylqbg,University of Illinois Chicago,university-of-illinois-chicago,Chicago,IL,,cmou7wkdb00hbqt5sq7ok85hd,NCAA_D1,Missouri Valley,,https://uicflames.com/sports/baseball,4,1
cmoss3uew002uqtao33d0b37y,University of Iowa,university-of-iowa,Iowa City,IA,,cmoss3ufl002wqtaoqkam7j3s,NCAA_D1,,,https://hawkeyesports.com/sports/baseball,7,1
cmosun04x004rqtlgmuopyesz,University of Kansas,university-of-kansas,Lawrence,KS,,cmosun05l004tqtlgtp5puhg6,NCAA_D1,,,https://kuathletics.com/sports/baseball,7,1
cmosp9qho001rqtyg0963f2ul,University of Kentucky,university-of-kentucky,Lexington,KY,,cmosp9qib001tqtygp6ddtgbs,NCAA_D1,SEC,,https://ukathletics.com/sports/baseball,5,1
cmou3bzp7006oqtvos9t9rqg2,University of Louisiana Monroe,university-of-louisiana-monroe,Monroe,LA,,cmou3bzpy006qqtvoaa8o1moc,NCAA_D1,Sun Belt,,https://ulmwarhawks.com/sports/baseball,5,1
cmou3bzf30063qtvo9lhvxev8,University of Louisiana at Lafayette,university-of-louisiana-at-lafayette,Lafayette,LA,,cmou3bzfu0065qtvodm01sdij,NCAA_D1,Sun Belt,,https://ragincajuns.com/sports/baseball,5,1
cmosownru000iqtuo4o7sl6mq,University of Louisville,university-of-louisville,Louisville,KY,,cmosownsl000kqtuo6bkrgo88,NCAA_D1,,,https://gocards.com/sports/baseball,7,1
cmrxrdvhu000kqtx0gujfqrs7,University of Maine,university-of-maine,Orono,ME,NCAA_D1,cmrxrdvhu000lqtx0973fnlz5,NCAA_D1,,https://goblackbears.com/sports/baseball,https://goblackbears.com/sports/baseball,6,1
cmoss3uga002xqtaoeu7linqc,University of Maryland,university-of-maryland,College Park,MD,,cmoss3ugz002zqtao0glr6o9h,NCAA_D1,,,https://umterps.com/sports/baseball,6,1
cmou7v14r00grqtfgqko66ld4,University of Maryland Eastern Shore,university-of-maryland-eastern-shore,Princess Anne,MD,,cmou7v15f00gtqtfghnimbfbt,NCAA_D1,MEAC,,https://umeshawksports.com/sports/baseball,3,1
cmrxrdvz1000yqtx0u8if793l,"University of Maryland, Baltimore County",university-of-maryland-baltimore-county,Baltimore,MD,NCAA_D1,cmrxrdvz1000zqtx0yzrzqat7,NCAA_D1,,https://umbcretrievers.com/sports/baseball,https://umbcretrievers.com/sports/baseball,5,1
cmou65qcx008uqt1ofivi6ige,University of Massachusetts Amherst,university-of-massachusetts-amherst,Amherst,MA,,cmou65qdo008wqt1opj95aftn,NCAA_D1,MAC,,https://umassathletics.com/sports/baseball,4,2
cmrxrdw1m0010qtx0bwgx0h84,University of Massachusetts Lowell,university-of-massachusetts-lowell,Lowell,MA,NCAA_D1,cmrxrdw1m0011qtx0h775gxd1,NCAA_D1,,https://goriverhawks.com/sports/baseball,https://goriverhawks.com/sports/baseball,3,1
cmou57ece007uqtdws2374kvt,University of Memphis,university-of-memphis,Memphis,TN,,cmou57ed3007wqtdwo9u0rnod,NCAA_D1,,,https://gotigersgo.com/sports/baseball,5,1
cmosowntd000lqtuoyvr4xd0q,University of Miami,university-of-miami,Coral Gables,FL,,cmosownu4000nqtuowsumxl0o,NCAA_D1,,,https://miamihurricanes.com/sports/baseball,6,1
cmoss3uhm0030qtaobbllk1g1,University of Michigan,university-of-michigan,Ann Arbor,MI,,cmoss3uib0032qtaobpuy0tpv,NCAA_D1,,,https://mgoblue.com/sports/2017/6/28/baseball-coaches,6,1
cmoss3ukd0036qtao5inxhdyw,University of Minnesota,university-of-minnesota,Minneapolis,MN,,cmoss3ul10038qtao9tzgk83e,NCAA_D1,,,https://gophersports.com/sports/baseball,6,1
cmosp9qk8001xqtygdf9x52ry,University of Mississippi,university-of-mississippi,Oxford,MS,,cmosp9qkw001zqtygt4z58ipw,NCAA_D1,SEC,,https://olemisssports.com/sports/baseball,7,1
cmosp9qmw0023qtygkzxzqlg0,University of Missouri,university-of-missouri,Columbia,MO,,cmosp9qo10025qtyg45ywi4vo,NCAA_D1,SEC,,https://mutigers.com/sports/baseball,8,1
cmoss3ulp0039qtaosklsgdir,University of Nebraska,university-of-nebraska,Lincoln,NE,,cmoss3ume003bqtaosl7ef19d,NCAA_D1,,,https://huskers.com/sports/baseball,6,1
cmrxrdwe2001aqtx05nvcgm7m,University of Nebraska Omaha,university-of-nebraska-omaha,Omaha,NE,NCAA_D1,cmrxrdwe3001bqtx0wvam2rmc,NCAA_D1,,https://omavs.com/sports/baseball,https://omavs.com/sports/baseball,4,1
cmou7y6mp00i3qtoc5mm3t20o,University of Nevada Las Vegas,university-of-nevada-las-vegas,Las Vegas,NV,,cmou7y6nf00i5qtoctswm2lrk,NCAA_D1,Mountain West,,https://unlvrebels.com/sports/baseball,5,1
cmou7y6o400i6qtocedeswv8d,University of Nevada Reno,university-of-nevada-reno,Reno,NV,,cmou7y6ov00i8qtoc0x1u0gup,NCAA_D1,Mountain West,,https://nevadawolfpack.com/sports/baseball,6,1
cmrxrdx57001wqtx0mcgkvth1,University of New Haven,university-of-new-haven,West Haven,CT,NCAA_D1,cmrxrdx57001xqtx0ghdsnofv,NCAA_D1,,https://newhavenchargers.com/sports/baseball,https://newhavenchargers.com/sports/baseball,3,1
cmou7y6pk00i9qtoc6no7wm9t,University of New Mexico,university-of-new-mexico,Albuquerque,NM,,cmou7y6q900ibqtocgzh3fww5,NCAA_D1,Mountain West,,https://golobos.com/sports/baseball,6,1
cmou87s9700m0qt8obe825qvw,University of New Orleans,university-of-new-orleans,New Orleans,LA,,cmou87s9y00m2qt8o4rzp43p6,NCAA_D1,Southland,,https://unoprivateers.com/sports/baseball,6,1
cmou692dm009uqt1gk17ovy4y,University of North Alabama,university-of-north-alabama,Florence,AL,,cmou692eh009wqt1gg1l67qtd,NCAA_D1,,,https://roarlions.com/sports/baseball,4,1
cmorihv4u000fqth8xhav3tg9,University of North Carolina at Chapel Hill,university-of-north-carolina-at-chapel-hill,Chapel Hill,NC,,cmorihv5i000hqth8642hp9ga,NCAA_D1,,,https://goheels.com/sports/baseball,11,1
cmou57e7n007lqtdw6grlj0yo,University of North Carolina at Charlotte,university-of-north-carolina-at-charlotte,Charlotte,NC,,cmou57e8c007nqtdwb5t9ewz1,NCAA_D1,,,https://charlotte49ers.com/sports/baseball,5,1
cmou869wi00l6qtjk6ypp1qk6,University of North Carolina at Greensboro,university-of-north-carolina-at-greensboro,Greensboro,NC,,cmou869xa00l8qtjkn3v1meqz,NCAA_D1,SoCon,,https://uncgspartans.com/sports/baseball,4,1
cmou692f9009xqt1gxdgwjsm8,University of North Florida,university-of-north-florida,Jacksonville,FL,,cmou692fz009zqt1goeu3cfla,NCAA_D1,,,https://unfospreys.com/sports/baseball,5,1
cmrxrdx0d001sqtx0fsejcz96,University of Northern Colorado,university-of-northern-colorado,Greeley,CO,NCAA_D1,cmrxrdx0d001tqtx0klndcy97,NCAA_D1,,https://uncbears.com/sports/baseball,https://uncbears.com/sports/baseball,5,1
cmosownxt000uqtuozt3yykq9,University of Notre Dame,university-of-notre-dame,Notre Dame,IN,,cmosownyi000wqtuo71ef7lg9,NCAA_D1,,,https://fightingirish.com/sports/baseball,5,1
cmosp9qpg0026qtygji5bwcu3,University of Oklahoma,university-of-oklahoma,Norman,OK,,cmosp9qq40028qtygnw3o8bf6,NCAA_D1,SEC,,https://soonersports.com/sports/baseball,6,1
cmossumsw0043qtpgqq3re2qg,University of Oregon,university-of-oregon,Eugene,OR,,cmossumtm0045qtpg75518v32,NCAA_D1,,,https://goducks.com/sports/baseball,8,1
cmou7ektw00eiqtx8aqk8pgdt,University of Pennsylvania,university-of-pennsylvania,Philadelphia,PA,,cmou7ekum00ekqtx8zgid0z1w,NCAA_D1,Ivy League,,https://pennathletics.com/sports/baseball,5,1
cmosownzc000xqtuoxng8rral,University of Pittsburgh,university-of-pittsburgh,Pittsburgh,PA,,cmosowo02000zqtuorrxcus33,NCAA_D1,,,https://pittsburghpanthers.com/sports/baseball,6,1
cmou8eaal00olqt6ssp9uycb0,University of Portland,university-of-portland,Portland,OR,,cmou8eab900onqt6sr81s9tjj,NCAA_D1,West Coast Conference,,https://portlandpilots.com/sports/baseball,7,1
cmou65qee008xqt1o7ljwn00l,University of Rhode Island,university-of-rhode-island,Kingston,RI,,cmou65qf4008zqt1oaxiecdfx,NCAA_D1,,,https://gorhody.com/sports/baseball,5,1
cmou65qft0090qt1oyy3qt0xa,University of Richmond,university-of-richmond,Richmond,VA,,cmou65qgi0092qt1ovyrn305w,NCAA_D1,,,https://richmondspiders.com/sports/baseball,6,1
cmou8eade00orqt6s9lh8sk91,University of San Diego,university-of-san-diego,San Diego,CA,,cmou8eae900otqt6skjewu9yf,NCAA_D1,West Coast Conference,,https://usdtoreros.com/sports/baseball,6,1
cmou8eaey00ouqt6s4q4bojoc,University of San Francisco,university-of-san-francisco,San Francisco,CA,,cmou8eafm00owqt6sg2fvjz1g,NCAA_D1,West Coast Conference,,https://usfdons.com/sports/baseball,7,1
cmou3bzjh006cqtvo0kcr1a9o,University of South Alabama,university-of-south-alabama,Mobile,AL,,cmou3bzk7006eqtvoq0vt640m,NCAA_D1,Sun Belt,,https://usajaguars.com/sports/baseball,5,1
cmoeilurm0000qtiga2s54ybq,University of South Carolina,university-of-south-carolina,Columbia,SC,,cmoeiluu40002qtig2x8132f9,NCAA_D1,SEC,,https://gamecocksonline.com/sports/baseball/,9,1
cmou57eff0080qtdwllt5e1ya,University of South Florida,university-of-south-florida,Tampa,FL,,cmou57eg60082qtdwkr4v7bz1,NCAA_D1,,,https://gousfbulls.com/sports/baseball,8,1
cmossumrj0040qtpg5nfsfxij,University of Southern California,university-of-southern-california,Los Angeles,CA,,cmossums80042qtpg69u7kaqh,NCAA_D1,,,https://usctrojans.com/sports/baseball,8,1
cmou8252500jrqtfovp5vseq1,University of Southern Indiana,university-of-southern-indiana,Evansville,IN,,cmou8252s00jtqtfo33pxo0o8,NCAA_D1,Ohio Valley,,https://usiscreamingeagles.com/sports/baseball,5,1
cmou3bzky006fqtvotlln2j4q,University of Southern Mississippi,university-of-southern-mississippi,Hattiesburg,MS,,cmou3bzln006hqtvobpo9krgl,NCAA_D1,Sun Belt,,https://southernmiss.com/sports/baseball,6,1
cmrxrdwxt001qqtx0a2ko0tgd,University of St. Thomas,university-of-st-thomas-minnesota,St. Paul,MN,NCAA_D1,cmrxrdwxt001rqtx0d6a23mph,NCAA_D1,,https://tommiesports.com/sports/baseball,https://tommiesports.com/sports/baseball,6,1
cmorirveq001iqtm00tv78mb7,University of Tennessee,university-of-tennessee,Knoxville,TN,,cmorirvfj001kqtm0id88nle9,NCAA_D1,SEC,,https://utsports.com/sports/baseball,7,1
cmou8259h00k6qtfouj8clleo,University of Tennessee at Martin,university-of-tennessee-at-martin,Martin,TN,,cmou825a600k8qtfoffoh32u6,NCAA_D1,Ohio Valley,,https://utmsports.com/sports/baseball,5,1
cmosp9qth002fqtyg9zds0e99,University of Texas,university-of-texas,Austin,TX,,cmosp9qu7002hqtygj0un0afw,NCAA_D1,SEC,,https://texaslonghorns.com/sports/baseball,7,1
cmou8ctml00nuqtloo0hli517,University of Texas Arlington,university-of-texas-arlington,Arlington,TX,,cmou8ctnb00nwqtlox4zfn4op,NCAA_D1,WAC,,https://utamavs.com/sports/baseball,3,1
cmou8ctl700nrqtlo4ao723bv,University of Texas Rio Grande Valley,university-of-texas-rio-grande-valley,Edinburg,TX,,cmou8ctlw00ntqtlo9w0luybv,NCAA_D1,WAC,,https://goutrgv.com/sports/baseball,5,1
cmou57el20089qtdwofatlmue,University of Texas at San Antonio,university-of-texas-at-san-antonio,San Antonio,TX,,cmou57elp008bqtdw5g9tglmv,NCAA_D1,,,https://goutsa.com/sports/baseball,5,1
cmou7skrx00giqtag4g0n7mer,University of Toledo,university-of-toledo,Toledo,OH,,cmou7sksm00gkqtag0c0v789p,NCAA_D1,MAC,,https://utrockets.com/sports/baseball,6,1
cmosun0cp0059qtlgmyvx6gz3,University of Utah,university-of-utah,Salt Lake City,UT,,cmosun0dd005bqtlgtpmduubv,NCAA_D1,,,https://utahutes.com/sports/baseball,5,1
cmorirvj4001rqtm0u610tmnb,University of Virginia,university-of-virginia,Charlottesville,VA,,cmorirvju001tqtm0jenypf9l,NCAA_D1,,,https://virginiasports.com/sports/baseball,9,1
cmossumua0046qtpg7kokmi2a,University of Washington,university-of-washington,Seattle,WA,,cmossumuy0048qtpgu11ho5mb,NCAA_D1,,,https://gohuskies.com/sports/baseball,7,1
cmou692js00a6qt1g8npxqitj,University of West Georgia,university-of-west-georgia,Carrollton,GA,,cmou692kj00a8qt1gh5k57wkp,NCAA_D1,,,https://uwgathletics.com/sports/baseball,3,1
cmou7aqlg00drqt444d9q0hb5,University of Wisconsin Milwaukee,university-of-wisconsin-milwaukee,Milwaukee,WI,,cmou7aqm700dtqt44ajyx2t5y,NCAA_D1,Horizon League,,https://mkepanthers.com/sports/baseball,5,1
cmou87s3r00lrqt8ol2e0mlz0,University of the Incarnate Word,university-of-the-incarnate-word,San Antonio,TX,,cmou87s4q00ltqt8ol7kpdfod,NCAA_D1,Southland,,https://uiwcardinals.com/sports/baseball,5,1
cmou8eaho00p0qt6sjg4451ea,University of the Pacific,university-of-the-pacific,Stockton,CA,,cmou8eaid00p2qt6s4lh0kz0w,NCAA_D1,West Coast Conference,,https://pacifictigers.com/sports/baseball,5,1
cmou8cttf00o9qtlojvw16fv0,Utah Tech University,utah-tech-university,St. George,UT,,cmou8ctup00obqtlocox98axm,NCAA_D1,WAC,,https://utahtechtrailblazers.com/sports/baseball,5,1
cmou8ctqr00o3qtlo8m1mrgsb,Utah Valley University,utah-valley-university,Orem,UT,,cmou8ctrg00o5qtlotwjluukr,NCAA_D1,WAC,,https://gouvu.com/sports/baseball,8,1
cmou7wkn100huqt5sh5w0xwo6,Valparaiso University,valparaiso-university,Valparaiso,IN,,cmou7wknu00hwqt5s4p8s9zzz,NCAA_D1,Missouri Valley,,https://valpoathletics.com/sports/baseball,4,1
cmorirvg7001lqtm0c5s97k3m,Vanderbilt University,vanderbilt-university,Nashville,TN,,cmorirvgy001nqtm003uf21dj,NCAA_D1,SEC,,https://vucommodores.com/sports/baseball,9,1
cmou6bacb00b0qtickdtwuqln,Villanova University,villanova-university,Villanova,PA,,cmou6bacz00b2qtic8lqoxe2q,NCAA_D1,,,https://villanova.com/sports/baseball,4,1
cmou65qk50099qt1olu75tu27,Virginia Commonwealth University,virginia-commonwealth-university,Richmond,VA,,cmou65qkx009bqt1o72evz4o4,NCAA_D1,,,https://vcuathletics.com/sports/baseball,8,1
cmou869zc00lcqtjkf80ewntk,Virginia Military Institute,virginia-military-institute,Lexington,VA,,cmou86a0000leqtjkppsxjgb6,NCAA_D1,SoCon,,https://vmikeydets.com/sports/baseball,5,1
cmorirvkj001uqtm0xddfcy1n,Virginia Tech,virginia-tech,Blacksburg,VA,,cmorirvl8001wqtm0fnifyxse,NCAA_D1,,,https://hokiesports.com/sports/baseball,7,1
cmou7zwjn00jlqt18mlkrxann,Wagner College,wagner-college,Staten Island,NY,,cmou7zwke00jnqt184bufb4dq,NCAA_D1,Northeast Conference,,https://wagnerathletics.com/sports/baseball,6,1
cmorirv2b000uqtm0d0xcn8m3,Wake Forest University,wake-forest-university,Winston-Salem,NC,,cmorirv2z000wqtm0syj9sq1f,NCAA_D1,,,https://godeacs.com/sports/baseball,6,1
cmou3xrnk007cqt5s6uwa48hy,Washington State University,washington-state-university,Pullman,WA,,cmou3xro6007eqt5s92zz2kml,NCAA_D1,Pac-12,,https://wsucougars.com/sports/baseball,6,1
cmosun0e0005cqtlgaq1vqq45,West Virginia University,west-virginia-university,Morgantown,WV,,cmosun0eo005eqtlg60tq9pxa,NCAA_D1,,,https://wvusports.com/sports/baseball,9,1
cmou86a0n00lfqtjkf6uhpkzy,Western Carolina University,western-carolina-university,Cullowhee,NC,,cmou86a1d00lhqtjk2lctf0xy,NCAA_D1,SoCon,,https://catamountsports.com/sports/baseball,6,1
cmou825c800kcqtfoov9rimot,Western Illinois University,western-illinois-university,Macomb,IL,,cmou825cy00keqtfoh1a7v0yi,NCAA_D1,Ohio Valley,,https://goleathernecks.com/sports/baseball,4,1
cmou74gg300dlqtboxjrli6hd,Western Kentucky University,western-kentucky-university,Bowling Green,KY,,cmou74ggv00dnqtbo8qnjt772,NCAA_D1,Conference USA,,https://wkusports.com/sports/baseball,5,1
cmou7sktc00glqtag4fw8487m,Western Michigan University,western-michigan-university,Kalamazoo,MI,,cmou7sku100gnqtagdyo59rxn,NCAA_D1,MAC,,https://wmubroncos.com/sports/baseball,5,1
cmou57emf008cqtdwbx84cqra,Wichita State University,wichita-state-university,Wichita,KS,,cmou57en3008eqtdwv2nmtif8,NCAA_D1,,,https://goshockers.com/sports/baseball,8,1
cmou72rni00coqtt8wk6kqq0s,William & Mary,william-and-mary,Williamsburg,VA,,cmou72ro800cqqtt8a63rkwmi,NCAA_D1,CAA,,https://tribeathletics.com/sports/baseball,5,1
cmorihv3g000cqth80t0ywnkz,Winthrop University,winthrop-university,Rock Hill,SC,,cmorihv44000eqth8uy202g1u,NCAA_D1,,,https://winthropeagles.com/sports/baseball,5,1
cmorihv200009qth8tpbw4u9n,Wofford College,wofford-college,Spartanburg,SC,,cmorihv2r000bqth8jevenygj,NCAA_D1,SoCon,,https://woffordterriers.com/sports/baseball,5,1
cmou7aqjy00doqt44d0xwv16o,Wright State University,wright-state-university,Dayton,OH,,cmou7aqkp00dqqt444juv136m,NCAA_D1,Horizon League,,https://wsuraiders.com/sports/baseball,5,1
cmou6bado00b3qticrimagx0v,Xavier University,xavier-university,Cincinnati,OH,,cmou6baee00b5qtic8uzfufb4,NCAA_D1,,,https://goxavier.com/sports/baseball,6,1
cmou7ekwq00eoqtx8hjslnjkg,Yale University,yale-university,New Haven,CT,,cmou7ekxf00eqqtx8xz654fgj,NCAA_D1,Ivy League,,https://yalebulldogs.com/sports/baseball,4,1
cmou7aqoh00dxqt44fbtxgn7d,Youngstown State University,youngstown-state-university,Youngstown,OH,,cmou7aqp900dzqt44qrllpw9b,NCAA_D1,Horizon League,,https://ysusports.com/sports/baseball,4,1
