name,slug,city,state,zipCode,region,latitude,longitude,control,schoolType,websiteUrl,admissionsUrl,academicsUrl,majorsUrl,applicationUrl,financialAidUrl,tuitionInState,tuitionOutOfState,tuitionInternational,tuitionYear,enrollmentTotal,enrollmentUndergrad,acceptanceRate,graduationRate,dataSourceUrl,verificationStatus,baseballNickname,baseballWebsiteUrl,rosterUrl,scheduleUrl,campsUrl,questionnaireUrl,generalContactUrl,generalContactEmail,division,conference,logoUrl,programXUrl,programInstagramUrl,programYoutubeUrl,currentRosterSize,averageGpa,scholarshipNotes,scholarshipInfoUrl,transferHeavy,jucoFriendly,baseballDataSourceUrl,baseballVerificationStatus
Binghamton University,binghamton-university,Vestal,NY,13850-6000,NORTHEAST,42.087868,-75.966889,PUBLIC,FOUR_YEAR,https://www.binghamton.edu/,,,,,,,,,,,,,,,NEEDS_REVIEW,,,,,,,,,NCAA_D1,,,,,,,,,,false,false,,UNVERIFIED
Bryant University,bryant-university,Smithfield,RI,02917-1291,NORTHEAST,41.920092,-71.539547,PRIVATE,FOUR_YEAR,https://www.bryant.edu/,,,,,,,,,,,,,,,NEEDS_REVIEW,,,,,,,,,NCAA_D1,,,,,,,,,,false,false,,UNVERIFIED
California Polytechnic State University,california-polytechnic-state-university,San Luis Obispo,CA,93407,PACIFIC,35.299513,-120.657311,PUBLIC,FOUR_YEAR,https://calpoly.edu/,,,,,,,,,,,,,,,NEEDS_REVIEW,,,,,,,,,NCAA_D1,,,,,,,,,,false,false,,UNVERIFIED
"California State University, Bakersfield",california-state-university-bakersfield,Bakersfield,CA,93311-1099,PACIFIC,35.350005,-119.104711,PUBLIC,FOUR_YEAR,https://www.csub.edu/,,,,,,,,,,,,,,,NEEDS_REVIEW,,,,,,,,,NCAA_D1,,,,,,,,,,false,false,,UNVERIFIED
"California State University, Fullerton",california-state-university-fullerton,Fullerton,CA,92832-3599,PACIFIC,33.881506,-117.885446,PUBLIC,FOUR_YEAR,https://www.fullerton.edu/,,,,,,,,,,,,,,,NEEDS_REVIEW,,,,,,,,,NCAA_D1,,,,,,,,,,false,false,,UNVERIFIED
"California State University, Long Beach",california-state-university-long-beach,Long Beach,CA,90840-0115,PACIFIC,33.782818,-118.11204,PUBLIC,FOUR_YEAR,https://www.csulb.edu/,,,,,,,,,,,,,,,NEEDS_REVIEW,,,,,,,,,NCAA_D1,,,,,,,,,,false,false,,UNVERIFIED
"California State University, Northridge",california-state-university-northridge,Northridge,CA,91330,PACIFIC,34.240126,-118.529319,PUBLIC,FOUR_YEAR,https://www.csun.edu/,,,,,,,,,,,,,,,NEEDS_REVIEW,,,,,,,,,NCAA_D1,,,,,,,,,,false,false,,UNVERIFIED
"California State University, Sacramento",california-state-university-sacramento,Sacramento,CA,95819-2694,PACIFIC,38.559415,-121.423549,PUBLIC,FOUR_YEAR,https://www.csus.edu/,,,,,,,,,,,,,,,NEEDS_REVIEW,,,,,,,,,NCAA_D1,,,,,,,,,,false,false,,UNVERIFIED
Coppin State University,coppin-state-university,Baltimore,MD,21216-3698,MID_ATLANTIC,39.311258,-76.658687,PUBLIC,FOUR_YEAR,https://www.coppin.edu/,,,,,,,,,,,,,,,NEEDS_REVIEW,,,,,,,,,NCAA_D1,,,,,,,,,,false,false,,UNVERIFIED
Hofstra University,hofstra-university,Hempstead,NY,11549,NORTHEAST,40.715959,-73.60078,PRIVATE,FOUR_YEAR,https://www.hofstra.edu/,,,,,,,,,,,,,,,NEEDS_REVIEW,,,,,,,,,NCAA_D1,,,,,,,,,,false,false,,UNVERIFIED
Iona University,iona-university,New Rochelle,NY,10801-1890,NORTHEAST,40.925725,-73.788046,PRIVATE,FOUR_YEAR,https://www.iona.edu/,,,,,,,,,,,,,,,NEEDS_REVIEW,,,,,,,,,NCAA_D1,,,,,,,,,,false,false,,UNVERIFIED
La Salle University,la-salle-university,Philadelphia,PA,19141-1199,MID_ATLANTIC,40.037979,-75.153061,PRIVATE,FOUR_YEAR,https://www.lasalle.edu/,,,,,,,,,,,,,,,NEEDS_REVIEW,,,,,,,,,NCAA_D1,,,,,,,,,,false,false,,UNVERIFIED
Lindenwood University,lindenwood-university,St. Charles,MO,63301-1695,MIDWEST,38.785425,-90.501286,PRIVATE,FOUR_YEAR,https://www.lindenwood.edu/,,,,,,,,,,,,,,,NEEDS_REVIEW,,,,,,,,,NCAA_D1,,,,,,,,,,false,false,,UNVERIFIED
Lipscomb University,lipscomb-university,Nashville,TN,37204-3951,SOUTHEAST,36.106253,-86.799791,PRIVATE,FOUR_YEAR,https://www.lipscomb.edu/,,,,,,,,,,,,,,,NEEDS_REVIEW,,,,,,,,,NCAA_D1,,,,,,,,,,false,false,,UNVERIFIED
Mercyhurst University,mercyhurst-university,Erie,PA,16546,MID_ATLANTIC,42.10578,-80.053412,PRIVATE,FOUR_YEAR,https://www.mercyhurst.edu/,,,,,,,,,,,,,,,NEEDS_REVIEW,,,,,,,,,NCAA_D1,,,,,,,,,,false,false,,UNVERIFIED
New Jersey Institute of Technology,new-jersey-institute-of-technology,Newark,NJ,07102,MID_ATLANTIC,40.741997,-74.177113,PUBLIC,FOUR_YEAR,https://www.njit.edu/,,,,,,,,,,,,,,,NEEDS_REVIEW,,,,,,,,,NCAA_D1,,,,,,,,,,false,false,,UNVERIFIED
North Dakota State University,north-dakota-state-university,Fargo,ND,58108-6050,MIDWEST,46.893127,-96.800838,PUBLIC,FOUR_YEAR,https://www.ndsu.edu/,,,,,,,,,,,,,,,NEEDS_REVIEW,,,,,,,,,NCAA_D1,,,,,,,,,,false,false,,UNVERIFIED
Oral Roberts University,oral-roberts-university,Tulsa,OK,74171,SOUTHWEST,36.049129,-95.952547,PRIVATE,FOUR_YEAR,https://oru.edu/,,,,,,,,,,,,,,,NEEDS_REVIEW,,,,,,,,,NCAA_D1,,,,,,,,,,false,false,,UNVERIFIED
South Dakota State University,south-dakota-state-university,Brookings,SD,57007-1898,MIDWEST,44.317485,-96.782139,PUBLIC,FOUR_YEAR,https://www.sdstate.edu/,,,,,,,,,,,,,,,NEEDS_REVIEW,,,,,,,,,NCAA_D1,,,,,,,,,,false,false,,UNVERIFIED
Southern Illinois University Edwardsville,southern-illinois-university-edwardsville,Edwardsville,IL,62026-1259,MIDWEST,38.793949,-89.997779,PUBLIC,FOUR_YEAR,https://www.siue.edu/,,,,,,,,,,,,,,,NEEDS_REVIEW,,,,,,,,,NCAA_D1,,,,,,,,,,false,false,,UNVERIFIED
St. Bonaventure University,st-bonaventure-university,St. Bonaventure,NY,14778-9800,NORTHEAST,42.080191,-78.481107,PRIVATE,FOUR_YEAR,https://www.sbu.edu/,,,,,,,,,,,,,,,NEEDS_REVIEW,,,,,,,,,NCAA_D1,,,,,,,,,,false,false,,UNVERIFIED
"University at Albany, SUNY",university-at-albany-suny,Albany,NY,12222,NORTHEAST,42.685489,-73.824662,PUBLIC,FOUR_YEAR,https://www.albany.edu/,,,,,,,,,,,,,,,NEEDS_REVIEW,,,,,,,,,NCAA_D1,,,,,,,,,,false,false,,UNVERIFIED
"University of California, Davis",university-of-california-davis,Davis,CA,95616-8678,PACIFIC,38.539667,-121.749567,PUBLIC,FOUR_YEAR,https://ucdavis.edu/,,,,,,,,,,,,,,,NEEDS_REVIEW,,,,,,,,,NCAA_D1,,,,,,,,,,false,false,,UNVERIFIED
"University of California, Irvine",university-of-california-irvine,Irvine,CA,92697,PACIFIC,33.648434,-117.841248,PUBLIC,FOUR_YEAR,https://www.uci.edu/,,,,,,,,,,,,,,,NEEDS_REVIEW,,,,,,,,,NCAA_D1,,,,,,,,,,false,false,,UNVERIFIED
"University of California, Riverside",university-of-california-riverside,Riverside,CA,92521,PACIFIC,33.97246,-117.32741,PUBLIC,FOUR_YEAR,https://www.ucr.edu/,,,,,,,,,,,,,,,NEEDS_REVIEW,,,,,,,,,NCAA_D1,,,,,,,,,,false,false,,UNVERIFIED
"University of California, San Diego",university-of-california-san-diego,La Jolla,CA,92093,PACIFIC,32.877749,-117.235866,PUBLIC,FOUR_YEAR,https://www.ucsd.edu/,,,,,,,,,,,,,,,NEEDS_REVIEW,,,,,,,,,NCAA_D1,,,,,,,,,,false,false,,UNVERIFIED
"University of California, Santa Barbara",university-of-california-santa-barbara,Santa Barbara,CA,93106,PACIFIC,34.416297,-119.846426,PUBLIC,FOUR_YEAR,https://www.ucsb.edu/,,,,,,,,,,,,,,,NEEDS_REVIEW,,,,,,,,,NCAA_D1,,,,,,,,,,false,false,,UNVERIFIED
University of Delaware,university-of-delaware,Newark,DE,19716,MID_ATLANTIC,39.679577,-75.752822,PUBLIC,FOUR_YEAR,https://www.udel.edu/,,,,,,,,,,,,,,,NEEDS_REVIEW,,,,,,,,,NCAA_D1,,,,,,,,,,false,false,,UNVERIFIED
University of Hawaii at Manoa,university-of-hawaii-at-manoa,Honolulu,HI,96822-2217,PACIFIC,21.298598,-157.818979,PUBLIC,FOUR_YEAR,https://manoa.hawaii.edu/,,,,,,,,,,,,,,,NEEDS_REVIEW,,,,,,,,,NCAA_D1,,,,,,,,,,false,false,,UNVERIFIED
University of Maine,university-of-maine,Orono,ME,04469,NORTHEAST,44.899257,-68.669332,PUBLIC,FOUR_YEAR,https://www.umaine.edu/,,,,,,,,,,,,,,,NEEDS_REVIEW,,,,,,,,,NCAA_D1,,,,,,,,,,false,false,,UNVERIFIED
"University of Maryland, Baltimore County",university-of-maryland-baltimore-county,Baltimore,MD,21250,MID_ATLANTIC,39.256686,-76.711607,PUBLIC,FOUR_YEAR,https://umbc.edu/,,,,,,,,,,,,,,,NEEDS_REVIEW,,,,,,,,,NCAA_D1,,,,,,,,,,false,false,,UNVERIFIED
University of Massachusetts Lowell,university-of-massachusetts-lowell,Lowell,MA,01854,NORTHEAST,42.652864,-71.326809,PUBLIC,FOUR_YEAR,https://www.uml.edu/,,,,,,,,,,,,,,,NEEDS_REVIEW,,,,,,,,,NCAA_D1,,,,,,,,,,false,false,,UNVERIFIED
University of Nebraska Omaha,university-of-nebraska-omaha,Omaha,NE,68182-0225,MIDWEST,41.258769,-96.008516,PUBLIC,FOUR_YEAR,https://www.unomaha.edu/,,,,,,,,,,,,,,,NEEDS_REVIEW,,,,,,,,,NCAA_D1,,,,,,,,,,false,false,,UNVERIFIED
University of New Haven,university-of-new-haven,West Haven,CT,06516-1916,NORTHEAST,41.291314,-72.961472,PRIVATE,FOUR_YEAR,https://www.newhaven.edu/,,,,,,,,,,,,,,,NEEDS_REVIEW,,,,,,,,,NCAA_D1,,,,,,,,,,false,false,,UNVERIFIED
University of Northern Colorado,university-of-northern-colorado,Greeley,CO,80639,WEST,40.410855,-104.692777,PUBLIC,FOUR_YEAR,https://www.unco.edu/,,,,,,,,,,,,,,,NEEDS_REVIEW,,,,,,,,,NCAA_D1,,,,,,,,,,false,false,,UNVERIFIED
University of St. Thomas,university-of-st-thomas-minnesota,St. Paul,MN,55105-1078,MIDWEST,44.943439,-93.188986,PRIVATE,FOUR_YEAR,https://www.stthomas.edu/,,,,,,,,,,,,,,,NEEDS_REVIEW,,,,,,,,,NCAA_D1,,,,,,,,,,false,false,,UNVERIFIED