collegeId,programId,name,slug,city,state,missingCollegeFields,missingProgramFields,missingFieldCount
cmrxrdwxt001qqtx0a2ko0tgd,cmrxrdwxt001rqtx0d6a23mph,University of St. Thomas,university-of-st-thomas-minnesota,St. Paul,MN,college.admissionsUrl | college.academicsUrl | college.majorsUrl | college.applicationUrl | college.financialAidUrl | college.conference | college.logoUrl | college.programInstagramUrl | college.programXUrl,program.nickname | program.generalContactEmail | program.programXUrl | program.programInstagramUrl | program.programYoutubeUrl | program.conference | program.lastVerifiedAt,16
cmrxrdx0d001sqtx0fsejcz96,cmrxrdx0d001tqtx0klndcy97,University of Northern Colorado,university-of-northern-colorado,Greeley,CO,college.admissionsUrl | college.academicsUrl | college.majorsUrl | college.applicationUrl | college.financialAidUrl | college.conference | college.logoUrl | college.programInstagramUrl | college.programXUrl,program.nickname | program.generalContactEmail | program.programXUrl | program.programInstagramUrl | program.conference | program.lastVerifiedAt,15
cmrxrdw900016qtx0r0fuipbh,cmrxrdw900017qtx0ewpnxj0f,University of Delaware,university-of-delaware,Newark,DE,college.admissionsUrl | college.academicsUrl | college.majorsUrl | college.applicationUrl | college.financialAidUrl | college.conference | college.logoUrl | college.programInstagramUrl,program.nickname | program.generalContactEmail | program.programInstagramUrl | program.programYoutubeUrl | program.conference | program.lastVerifiedAt,14
cmrxrdwbg0018qtx009x0s1gp,cmrxrdwbg0019qtx065a7nbkc,"California State University, Long Beach",california-state-university-long-beach,Long Beach,CA,college.admissionsUrl | college.academicsUrl | college.majorsUrl | college.applicationUrl | college.financialAidUrl | college.conference | college.logoUrl | college.programXUrl,program.nickname | program.generalContactEmail | program.programXUrl | program.conference | program.lastVerifiedAt,13
cmrxrdvrp000sqtx0hjg388or,cmrxrdvrp000tqtx04pi8umsn,Lindenwood University,lindenwood-university,St. Charles,MO,college.admissionsUrl | college.academicsUrl | college.majorsUrl | college.applicationUrl | college.financialAidUrl | college.conference | college.logoUrl | college.programInstagramUrl,program.nickname | program.generalContactEmail | program.programInstagramUrl | program.conference | program.lastVerifiedAt,13
cmrxrdv5k000aqtx0n7yvm4qz,cmrxrdv5k000bqtx0jc47e0av,"California State University, Fullerton",california-state-university-fullerton,Fullerton,CA,college.admissionsUrl | college.academicsUrl | college.majorsUrl | college.applicationUrl | college.financialAidUrl | college.conference | college.logoUrl,program.nickname | program.generalContactEmail | program.programYoutubeUrl | program.conference | program.lastVerifiedAt,12
cmrxrdv0r0006qtx0pefhaecs,cmrxrdv0r0007qtx0b7ij6uib,"California State University, Sacramento",california-state-university-sacramento,Sacramento,CA,college.admissionsUrl | college.academicsUrl | college.majorsUrl | college.applicationUrl | college.financialAidUrl | college.conference | college.logoUrl,program.nickname | program.generalContactEmail | program.programYoutubeUrl | program.conference | program.lastVerifiedAt,12
cmrxrdx7p001yqtx06df9k00j,cmrxrdx7p001zqtx0379bykwu,Coppin State University,coppin-state-university,Baltimore,MD,college.admissionsUrl | college.academicsUrl | college.majorsUrl | college.applicationUrl | college.financialAidUrl | college.conference | college.logoUrl,program.nickname | program.generalContactEmail | program.programYoutubeUrl | program.conference | program.lastVerifiedAt,12
cmrxrdvfe000iqtx0ig0l8op3,cmrxrdvfe000jqtx0aajwcz1y,Hofstra University,hofstra-university,Hempstead,NY,college.admissionsUrl | college.academicsUrl | college.majorsUrl | college.applicationUrl | college.financialAidUrl | college.conference | college.logoUrl,program.nickname | program.generalContactEmail | program.programYoutubeUrl | program.conference | program.lastVerifiedAt,12
cmrxrdwgj001cqtx02229j520,cmrxrdwgj001dqtx07c74syg6,Iona University,iona-university,New Rochelle,NY,college.admissionsUrl | college.academicsUrl | college.majorsUrl | college.applicationUrl | college.financialAidUrl | college.conference | college.logoUrl,program.nickname | program.generalContactEmail | program.programYoutubeUrl | program.conference | program.lastVerifiedAt,12
cmrxrdwix001eqtx00kpcsp7u,cmrxrdwix001fqtx0yvg19whw,La Salle University,la-salle-university,Philadelphia,PA,college.admissionsUrl | college.academicsUrl | college.majorsUrl | college.applicationUrl | college.financialAidUrl | college.conference | college.logoUrl,program.nickname | program.generalContactEmail | program.programYoutubeUrl | program.conference | program.lastVerifiedAt,12
cmrxrdv340008qtx0y4umykfi,cmrxrdv340009qtx0x5dk7ink,Southern Illinois University Edwardsville,southern-illinois-university-edwardsville,Edwardsville,IL,college.admissionsUrl | college.academicsUrl | college.majorsUrl | college.applicationUrl | college.financialAidUrl | college.conference | college.logoUrl,program.nickname | program.generalContactEmail | program.programYoutubeUrl | program.conference | program.lastVerifiedAt,12
cmrxrdwnt001iqtx0cgzv8q00,cmrxrdwnt001jqtx0jpkx0ldj,"University at Albany, SUNY",university-at-albany-suny,Albany,NY,college.admissionsUrl | college.academicsUrl | college.majorsUrl | college.applicationUrl | college.financialAidUrl | college.conference | college.logoUrl,program.nickname | program.generalContactEmail | program.programYoutubeUrl | program.conference | program.lastVerifiedAt,12
cmrxrdvk9000mqtx0itzsdx5v,cmrxrdvk9000nqtx0lx6defy3,"University of California, Davis",university-of-california-davis,Davis,CA,college.admissionsUrl | college.academicsUrl | college.majorsUrl | college.applicationUrl | college.financialAidUrl | college.conference | college.logoUrl,program.nickname | program.generalContactEmail | program.programYoutubeUrl | program.conference | program.lastVerifiedAt,12
cmrxrduyd0004qtx0vghj2x0t,cmrxrduyd0005qtx0u3n2kvu5,"University of California, San Diego",university-of-california-san-diego,La Jolla,CA,college.admissionsUrl | college.academicsUrl | college.majorsUrl | college.applicationUrl | college.financialAidUrl | college.conference | college.logoUrl,program.nickname | program.generalContactEmail | program.programYoutubeUrl | program.conference | program.lastVerifiedAt,12
cmrxrdvhu000kqtx0gujfqrs7,cmrxrdvhu000lqtx0973fnlz5,University of Maine,university-of-maine,Orono,ME,college.admissionsUrl | college.academicsUrl | college.majorsUrl | college.applicationUrl | college.financialAidUrl | college.conference | college.logoUrl | college.programXUrl,program.nickname | program.programXUrl | program.conference | program.lastVerifiedAt,12
cmrxrdx57001wqtx0mcgkvth1,cmrxrdx57001xqtx0ghdsnofv,University of New Haven,university-of-new-haven,West Haven,CT,college.admissionsUrl | college.academicsUrl | college.majorsUrl | college.applicationUrl | college.financialAidUrl | college.conference | college.logoUrl,program.nickname | program.generalContactEmail | program.programYoutubeUrl | program.conference | program.lastVerifiedAt,12
cmrxrdvu2000uqtx0lcz2z076,cmrxrdvu2000vqtx0llh19pjp,Bryant University,bryant-university,Smithfield,RI,college.admissionsUrl | college.academicsUrl | college.majorsUrl | college.applicationUrl | college.financialAidUrl | college.conference | college.logoUrl,program.nickname | program.programYoutubeUrl | program.conference | program.lastVerifiedAt,11
cmrxrduvx0002qtx0p0ylsk1i,cmrxrduvx0003qtx0soqp80bp,California Polytechnic State University,california-polytechnic-state-university,San Luis Obispo,CA,college.admissionsUrl | college.academicsUrl | college.majorsUrl | college.applicationUrl | college.financialAidUrl | college.conference | college.logoUrl,program.nickname | program.generalContactEmail | program.conference | program.lastVerifiedAt,11
cmrxrdw420012qtx020ehnbvb,cmrxrdw430013qtx0u2zt3hnb,"California State University, Bakersfield",california-state-university-bakersfield,Bakersfield,CA,college.admissionsUrl | college.academicsUrl | college.majorsUrl | college.applicationUrl | college.financialAidUrl | college.conference | college.logoUrl,program.nickname | program.generalContactEmail | program.conference | program.lastVerifiedAt,11
cmrxrdvwg000wqtx0yuzrgxoa,cmrxrdvwg000xqtx06ncrelya,"California State University, Northridge",california-state-university-northridge,Northridge,CA,college.admissionsUrl | college.academicsUrl | college.majorsUrl | college.applicationUrl | college.financialAidUrl | college.conference | college.logoUrl,program.nickname | program.generalContactEmail | program.conference | program.lastVerifiedAt,11
cmrxrdvmr000oqtx0l0cy9bc4,cmrxrdvmr000pqtx039avvtsm,Lipscomb University,lipscomb-university,Nashville,TN,college.admissionsUrl | college.academicsUrl | college.majorsUrl | college.applicationUrl | college.financialAidUrl | college.conference | college.logoUrl,program.nickname | program.generalContactEmail | program.conference | program.lastVerifiedAt,11
cmrxrdx2r001uqtx08t9pdpzs,cmrxrdx2r001vqtx0g26ttkv4,Mercyhurst University,mercyhurst-university,Erie,PA,college.admissionsUrl | college.academicsUrl | college.majorsUrl | college.applicationUrl | college.financialAidUrl | college.conference | college.logoUrl,program.nickname | program.generalContactEmail | program.conference | program.lastVerifiedAt,11
cmrxrdwvd001oqtx01us0hgnh,cmrxrdwvd001pqtx0ya8nunsf,New Jersey Institute of Technology,new-jersey-institute-of-technology,Newark,NJ,college.admissionsUrl | college.academicsUrl | college.majorsUrl | college.applicationUrl | college.financialAidUrl | college.conference | college.logoUrl,program.nickname | program.generalContactEmail | program.conference | program.lastVerifiedAt,11
cmrxrdwqb001kqtx0uc6w3nfo,cmrxrdwqb001lqtx0a6eckvlu,North Dakota State University,north-dakota-state-university,Fargo,ND,college.admissionsUrl | college.academicsUrl | college.majorsUrl | college.applicationUrl | college.financialAidUrl | college.conference | college.logoUrl,program.nickname | program.generalContactEmail | program.conference | program.lastVerifiedAt,11
cmrxrdvp7000qqtx02ny5g8sp,cmrxrdvp7000rqtx0daczfc3a,Oral Roberts University,oral-roberts-university,Tulsa,OK,college.admissionsUrl | college.academicsUrl | college.majorsUrl | college.applicationUrl | college.financialAidUrl | college.conference | college.logoUrl,program.nickname | program.generalContactEmail | program.conference | program.lastVerifiedAt,11
cmrxrdw6m0014qtx0nu4lr6th,cmrxrdw6m0015qtx0zyuxvglp,South Dakota State University,south-dakota-state-university,Brookings,SD,college.admissionsUrl | college.academicsUrl | college.majorsUrl | college.applicationUrl | college.financialAidUrl | college.conference | college.logoUrl,program.nickname | program.generalContactEmail | program.conference | program.lastVerifiedAt,11
cmrxrdvai000eqtx0kzqf0czs,cmrxrdvai000fqtx0tjvyddkn,"University of California, Irvine",university-of-california-irvine,Irvine,CA,college.admissionsUrl | college.academicsUrl | college.majorsUrl | college.applicationUrl | college.financialAidUrl | college.conference | college.logoUrl,program.nickname | program.generalContactEmail | program.conference | program.lastVerifiedAt,11
cmrxrdwle001gqtx0bpmkw79z,cmrxrdwle001hqtx0ihflj3q4,"University of California, Riverside",university-of-california-riverside,Riverside,CA,college.admissionsUrl | college.academicsUrl | college.majorsUrl | college.applicationUrl | college.financialAidUrl | college.conference | college.logoUrl,program.nickname | program.generalContactEmail | program.conference | program.lastVerifiedAt,11
cmrxrduq20000qtx012s2s5yk,cmrxrduq30001qtx0txnjqhcr,"University of California, Santa Barbara",university-of-california-santa-barbara,Santa Barbara,CA,college.admissionsUrl | college.academicsUrl | college.majorsUrl | college.applicationUrl | college.financialAidUrl | college.conference | college.logoUrl,program.nickname | program.generalContactEmail | program.conference | program.lastVerifiedAt,11
cmrxrdvd1000gqtx02c298jt4,cmrxrdvd1000hqtx0ujdpix6y,University of Hawaii at Manoa,university-of-hawaii-at-manoa,Honolulu,HI,college.admissionsUrl | college.academicsUrl | college.majorsUrl | college.applicationUrl | college.financialAidUrl | college.conference | college.logoUrl,program.nickname | program.generalContactEmail | program.conference | program.lastVerifiedAt,11
cmrxrdvz1000yqtx0u8if793l,cmrxrdvz1000zqtx0yzrzqat7,"University of Maryland, Baltimore County",university-of-maryland-baltimore-county,Baltimore,MD,college.admissionsUrl | college.academicsUrl | college.majorsUrl | college.applicationUrl | college.financialAidUrl | college.conference | college.logoUrl,program.nickname | program.generalContactEmail | program.conference | program.lastVerifiedAt,11
cmrxrdw1m0010qtx0bwgx0h84,cmrxrdw1m0011qtx0h775gxd1,University of Massachusetts Lowell,university-of-massachusetts-lowell,Lowell,MA,college.admissionsUrl | college.academicsUrl | college.majorsUrl | college.applicationUrl | college.financialAidUrl | college.conference | college.logoUrl,program.nickname | program.generalContactEmail | program.conference | program.lastVerifiedAt,11
cmrxrdwe2001aqtx05nvcgm7m,cmrxrdwe3001bqtx0wvam2rmc,University of Nebraska Omaha,university-of-nebraska-omaha,Omaha,NE,college.admissionsUrl | college.academicsUrl | college.majorsUrl | college.applicationUrl | college.financialAidUrl | college.conference | college.logoUrl,program.nickname | program.programYoutubeUrl | program.conference | program.lastVerifiedAt,11
cmrxrdv7z000cqtx0unmjtce6,cmrxrdv7z000dqtx0u4plzkbu,Binghamton University,binghamton-university,Vestal,NY,college.admissionsUrl | college.academicsUrl | college.majorsUrl | college.applicationUrl | college.financialAidUrl | college.conference | college.logoUrl,program.nickname | program.conference | program.lastVerifiedAt,10
cmrxrdwsw001mqtx01t1dechs,cmrxrdwsw001nqtx08hnau9es,St. Bonaventure University,st-bonaventure-university,St. Bonaventure,NY,college.admissionsUrl | college.academicsUrl | college.majorsUrl | college.applicationUrl | college.financialAidUrl | college.conference | college.logoUrl,program.nickname | program.conference | program.lastVerifiedAt,10