label,entityType,sourceSchema,sourceTable,sourceColumn,duplicateId,duplicateName,duplicateReferenceCount,canonicalId,canonicalName,canonicalReferenceCount,duplicateSlug,duplicateDivision,duplicateConference,duplicateWebsite,duplicateCoachCount,canonicalSlug,canonicalDivision,canonicalConference,canonicalWebsite,canonicalCoachCount
Anderson,College,public,CollegeAcademicArea,collegeId,cmovlhrdv000fqt20fc4cz94u,Anderson,0,cmorjaspu0043qt4w1kqv72qo,Anderson University,13,,,,,,,,,,
Anderson,College,public,CollegeBaseballProgram,collegeId,cmovlhrdv000fqt20fc4cz94u,Anderson,1,cmorjaspu0043qt4w1kqv72qo,Anderson University,1,,,,,,,,,,
Anderson,College,public,CollegeSavedSchool,collegeId,cmovlhrdv000fqt20fc4cz94u,Anderson,0,cmorjaspu0043qt4w1kqv72qo,Anderson University,1,,,,,,,,,,
Anderson,SUMMARY,,,,cmovlhrdv000fqt20fc4cz94u,Anderson,1,cmorjaspu0043qt4w1kqv72qo,Anderson University,15,anderson,NCAA_D2,SAC,,0,anderson-university-sc,NCAA_D2,South Atlantic Conference,https://autrojans.com/sports/baseball,0
Barton,College,public,CollegeAcademicArea,collegeId,cmovlhrv3001fqt20zotlkdgo,Barton,0,cmorjasv6004fqt4wjb7nrzah,Barton College,3,,,,,,,,,,
Barton,College,public,CollegeBaseballProgram,collegeId,cmovlhrv3001fqt20zotlkdgo,Barton,1,cmorjasv6004fqt4wjb7nrzah,Barton College,1,,,,,,,,,,
Barton,SUMMARY,,,,cmovlhrv3001fqt20zotlkdgo,Barton,1,cmorjasv6004fqt4wjb7nrzah,Barton College,4,barton,NCAA_D2,Carolinas,,0,barton-college,NCAA_D2,Conference Carolinas,https://bartonbulldogs.com/sports/baseball,0
Belmont Abbey,College,public,CollegeAcademicArea,collegeId,cmovlhrwi001iqt205ckj8ztr,Belmont Abbey,0,cmorj0gse002iqtiog740vnk9,Belmont Abbey College,27,,,,,,,,,,
Belmont Abbey,College,public,CollegeBaseballProgram,collegeId,cmovlhrwi001iqt205ckj8ztr,Belmont Abbey,1,cmorj0gse002iqtiog740vnk9,Belmont Abbey College,1,,,,,,,,,,
Belmont Abbey,College,public,CollegeSavedSchool,collegeId,cmovlhrwi001iqt205ckj8ztr,Belmont Abbey,0,cmorj0gse002iqtiog740vnk9,Belmont Abbey College,1,,,,,,,,,,
Belmont Abbey,SUMMARY,,,,cmovlhrwi001iqt205ckj8ztr,Belmont Abbey,1,cmorj0gse002iqtiog740vnk9,Belmont Abbey College,29,belmont-abbey,NCAA_D2,Carolinas,,0,belmont-abbey-college,NCAA_D2,Conference Carolinas,https://abbeyathletics.com/sports/baseball,0
Bryan,College,public,CollegeAcademicArea,collegeId,cmowzrz8k0010qt4wjdckub80,Bryan,0,cmorj0ha0003iqtion1ocego7,Bryan College,12,,,,,,,,,,
Bryan,College,public,CollegeBaseballProgram,collegeId,cmowzrz8k0010qt4wjdckub80,Bryan,1,cmorj0ha0003iqtion1ocego7,Bryan College,1,,,,,,,,,,
Bryan,SUMMARY,,,,cmowzrz8k0010qt4wjdckub80,Bryan,1,cmorj0ha0003iqtion1ocego7,Bryan College,13,bryan,NAIA,Appalachian Athletic Conference,https://naiastats.prestosports.com/sports/bsb/2024-25/teams/bryantn,0,bryan-college,NAIA,Appalachian Athletic Conference,https://bryanlions.com/sports/baseball,0
Carson-Newman,College,public,CollegeAcademicArea,collegeId,cmovlhsn50033qt2045onupu0,Carson–Newman,0,cmorjat1z004uqt4wcy4dc9a9,Carson-Newman University,5,,,,,,,,,,
Carson-Newman,College,public,CollegeBaseballProgram,collegeId,cmovlhsn50033qt2045onupu0,Carson–Newman,1,cmorjat1z004uqt4wcy4dc9a9,Carson-Newman University,1,,,,,,,,,,
Carson-Newman,SUMMARY,,,,cmovlhsn50033qt2045onupu0,Carson–Newman,1,cmorjat1z004uqt4wcy4dc9a9,Carson-Newman University,6,carson-newman,NCAA_D2,SAC,,0,carson-newman-university,NCAA_D2,South Atlantic Conference,https://cneagles.com/sports/baseball,0
Catawba,College,public,CollegeAcademicArea,collegeId,cmovlhsoi0036qt20a0hkubod,Catawba,0,cmorj0gws002rqtiorgfzda9h,Catawba College,3,,,,,,,,,,
Catawba,College,public,CollegeBaseballProgram,collegeId,cmovlhsoi0036qt20a0hkubod,Catawba,1,cmorj0gws002rqtiorgfzda9h,Catawba College,1,,,,,,,,,,
Catawba,College,public,CollegeSavedSchool,collegeId,cmovlhsoi0036qt20a0hkubod,Catawba,0,cmorj0gws002rqtiorgfzda9h,Catawba College,1,,,,,,,,,,
Catawba,SUMMARY,,,,cmovlhsoi0036qt20a0hkubod,Catawba,1,cmorj0gws002rqtiorgfzda9h,Catawba College,5,catawba,NCAA_D2,SAC,,0,catawba-college,NCAA_D2,South Atlantic Conference,https://gocatawbaindians.com/sports/baseball,0
Coker,College,public,CollegeAcademicArea,collegeId,cmovlhtk1004xqt20njtti1j5,Coker,0,cmorj0go50029qtiomu7nhxok,Coker University,30,,,,,,,,,,
Coker,College,public,CollegeBaseballProgram,collegeId,cmovlhtk1004xqt20njtti1j5,Coker,1,cmorj0go50029qtiomu7nhxok,Coker University,1,,,,,,,,,,
Coker,College,public,CollegeSavedSchool,collegeId,cmovlhtk1004xqt20njtti1j5,Coker,0,cmorj0go50029qtiomu7nhxok,Coker University,1,,,,,,,,,,
Coker,SUMMARY,,,,cmovlhtk1004xqt20njtti1j5,Coker,1,cmorj0go50029qtiomu7nhxok,Coker University,32,coker,NCAA_D2,SAC,,0,coker-university,NCAA_D2,South Atlantic Conference,https://cokercobras.com/sports/baseball,0
Emory & Henry,College,public,CollegeAcademicArea,collegeId,cmovlhu5k0066qt20yvdrbs5z,Emory & Henry,0,cmorj0hct003oqtioizpyiqxx,Emory & Henry University,16,,,,,,,,,,
Emory & Henry,College,public,CollegeBaseballProgram,collegeId,cmovlhu5k0066qt20yvdrbs5z,Emory & Henry,1,cmorj0hct003oqtioizpyiqxx,Emory & Henry University,1,,,,,,,,,,
Emory & Henry,SUMMARY,,,,cmovlhu5k0066qt20yvdrbs5z,Emory & Henry,1,cmorj0hct003oqtioizpyiqxx,Emory & Henry University,17,emory-and-henry,NCAA_D2,SAC,,0,emory-and-henry-university,NCAA_D2,South Atlantic Conference,https://gowasps.com/sports/baseball,0
Erskine,College,public,CollegeAcademicArea,collegeId,cmovlhu8d006cqt20t8ma9i8s,Erskine,0,cmorj0gr0002fqtioji2wprxy,Erskine College,5,,,,,,,,,,
Erskine,College,public,CollegeBaseballProgram,collegeId,cmovlhu8d006cqt20t8ma9i8s,Erskine,1,cmorj0gr0002fqtioji2wprxy,Erskine College,1,,,,,,,,,,
Erskine,SUMMARY,,,,cmovlhu8d006cqt20t8ma9i8s,Erskine,1,cmorj0gr0002fqtioji2wprxy,Erskine College,6,erskine,NCAA_D2,Carolinas,,0,erskine-college,NCAA_D2,Conference Carolinas,https://erskinesports.com/sports/baseball,0
Francis Marion,College,public,CollegeAcademicArea,collegeId,cmovlhul10073qt20e1oaptq8,Francis Marion,0,cmorj0gpl002cqtiopcsyaeuv,Francis Marion University,29,,,,,,,,,,
Francis Marion,College,public,CollegeBaseballProgram,collegeId,cmovlhul10073qt20e1oaptq8,Francis Marion,1,cmorj0gpl002cqtiopcsyaeuv,Francis Marion University,1,,,,,,,,,,
Francis Marion,College,public,CollegeSavedSchool,collegeId,cmovlhul10073qt20e1oaptq8,Francis Marion,0,cmorj0gpl002cqtiopcsyaeuv,Francis Marion University,1,,,,,,,,,,
Francis Marion,SUMMARY,,,,cmovlhul10073qt20e1oaptq8,Francis Marion,1,cmorj0gpl002cqtiopcsyaeuv,Francis Marion University,31,francis-marion,NCAA_D2,Carolinas,,0,francis-marion-university,NCAA_D2,Conference Carolinas,https://fmupatriots.com/sports/baseball,0
Georgia Gwinnett,College,public,CollegeAcademicArea,collegeId,cmox0660w004oqtgccsrumrzc,Georgia Gwinnett,0,cmorj0h8n003fqtio2cfy431r,Georgia Gwinnett College,4,,,,,,,,,,
Georgia Gwinnett,College,public,CollegeBaseballProgram,collegeId,cmox0660w004oqtgccsrumrzc,Georgia Gwinnett,1,cmorj0h8n003fqtio2cfy431r,Georgia Gwinnett College,1,,,,,,,,,,
Georgia Gwinnett,SUMMARY,,,,cmox0660w004oqtgccsrumrzc,Georgia Gwinnett,1,cmorj0h8n003fqtio2cfy431r,Georgia Gwinnett College,5,georgia-gwinnett,NAIA,Continental Athletic Conference,https://naiastats.prestosports.com/sports/bsb/2024-25/teams/georgiagwinnett,0,georgia-gwinnett-college,NAIA,Continental Athletic Conference,https://ggcathletics.com/sports/baseball,0
Lander,College,public,CollegeAcademicArea,collegeId,cmovlhvk60096qt20jf3rktz0,Lander,0,cmorj0gmq0026qtiozjrz5w2n,Lander University,10,,,,,,,,,,
Lander,College,public,CollegeBaseballProgram,collegeId,cmovlhvk60096qt20jf3rktz0,Lander,1,cmorj0gmq0026qtiozjrz5w2n,Lander University,1,,,,,,,,,,
Lander,SUMMARY,,,,cmovlhvk60096qt20jf3rktz0,Lander,1,cmorj0gmq0026qtiozjrz5w2n,Lander University,11,lander,NCAA_D2,Peach Belt,,0,lander-university,NCAA_D2,Peach Belt Conference,https://landerbearcats.com/sports/baseball,0
Lenoir-Rhyne,College,public,CollegeAcademicArea,collegeId,cmovlhvrc009lqt20xsm15etg,Lenoir–Rhyne,0,cmorjasxz004lqt4w7epq8iye,Lenoir-Rhyne University,24,,,,,,,,,,
Lenoir-Rhyne,College,public,CollegeBaseballProgram,collegeId,cmovlhvrc009lqt20xsm15etg,Lenoir–Rhyne,1,cmorjasxz004lqt4w7epq8iye,Lenoir-Rhyne University,1,,,,,,,,,,
Lenoir-Rhyne,College,public,CollegeSavedSchool,collegeId,cmovlhvrc009lqt20xsm15etg,Lenoir–Rhyne,0,cmorjasxz004lqt4w7epq8iye,Lenoir-Rhyne University,1,,,,,,,,,,
Lenoir-Rhyne,SUMMARY,,,,cmovlhvrc009lqt20xsm15etg,Lenoir–Rhyne,1,cmorjasxz004lqt4w7epq8iye,Lenoir-Rhyne University,26,lenoir-rhyne,NCAA_D2,SAC,,0,lenoir-rhyne-university,NCAA_D2,South Atlantic Conference,https://lrbears.com/sports/baseball,0
Lincoln Memorial,College,public,CollegeAcademicArea,collegeId,cmovlhvx5009xqt20xmn7sbfi,Lincoln Memorial,0,cmorjat3a004xqt4wle1hjyyv,Lincoln Memorial University,3,,,,,,,,,,
Lincoln Memorial,College,public,CollegeBaseballProgram,collegeId,cmovlhvx5009xqt20xmn7sbfi,Lincoln Memorial,1,cmorjat3a004xqt4wle1hjyyv,Lincoln Memorial University,1,,,,,,,,,,
Lincoln Memorial,SUMMARY,,,,cmovlhvx5009xqt20xmn7sbfi,Lincoln Memorial,1,cmorjat3a004xqt4wle1hjyyv,Lincoln Memorial University,4,lincoln-memorial,NCAA_D2,SAC,,0,lincoln-memorial-university,NCAA_D2,South Atlantic Conference,https://lmurailsplitters.com/sports/baseball,0
Mars Hill,College,public,CollegeAcademicArea,collegeId,cmovlhw6900afqt208i77fkyq,Mars Hill,0,cmorjaszb004oqt4wby4beihf,Mars Hill University,26,,,,,,,,,,
Mars Hill,College,public,CollegeBaseballProgram,collegeId,cmovlhw6900afqt208i77fkyq,Mars Hill,1,cmorjaszb004oqt4wby4beihf,Mars Hill University,1,,,,,,,,,,
Mars Hill,SUMMARY,,,,cmovlhw6900afqt208i77fkyq,Mars Hill,1,cmorjaszb004oqt4wby4beihf,Mars Hill University,27,mars-hill,NCAA_D2,SAC,,0,mars-hill-university,NCAA_D2,South Atlantic Conference,https://marshilllions.com/sports/baseball,0
Mount Olive,College,public,CollegeAcademicArea,collegeId,cmovlhx4100c9qt20kqipia3l,Mount Olive,0,cmorj0gyc002uqtiog9sy3cgd,Mount Olive University,3,,,,,,,,,,
Mount Olive,College,public,CollegeBaseballProgram,collegeId,cmovlhx4100c9qt20kqipia3l,Mount Olive,1,cmorj0gyc002uqtiog9sy3cgd,Mount Olive University,1,,,,,,,,,,
Mount Olive,College,public,CollegeSavedSchool,collegeId,cmovlhx4100c9qt20kqipia3l,Mount Olive,0,cmorj0gyc002uqtiog9sy3cgd,Mount Olive University,1,,,,,,,,,,
Mount Olive,SUMMARY,,,,cmovlhx4100c9qt20kqipia3l,Mount Olive,1,cmorj0gyc002uqtiog9sy3cgd,Mount Olive University,5,mount-olive,NCAA_D2,Carolinas,,0,mount-olive-university,NCAA_D2,Conference Carolinas,https://umotrojans.com/sports/baseball,0
Newberry,College,public,CollegeAcademicArea,collegeId,cmovlhx6z00cfqt20ae1fwoz2,Newberry,0,cmorjasr50046qt4wpnm8sum8,Newberry College,8,,,,,,,,,,
Newberry,College,public,CollegeBaseballProgram,collegeId,cmovlhx6z00cfqt20ae1fwoz2,Newberry,1,cmorjasr50046qt4wpnm8sum8,Newberry College,1,,,,,,,,,,
Newberry,SUMMARY,,,,cmovlhx6z00cfqt20ae1fwoz2,Newberry,1,cmorjasr50046qt4wpnm8sum8,Newberry College,9,newberry,NCAA_D2,SAC,,0,newberry-college,NCAA_D2,South Atlantic Conference,https://newberrywolves.com/sports/baseball,0
North Greenville,College,public,CollegeAcademicArea,collegeId,cmovlhxb700coqt20ixz4ht1r,North Greenville,0,cmorj0gl80023qtiowcp5onup,North Greenville University,5,,,,,,,,,,
North Greenville,College,public,CollegeBaseballProgram,collegeId,cmovlhxb700coqt20ixz4ht1r,North Greenville,1,cmorj0gl80023qtiowcp5onup,North Greenville University,1,,,,,,,,,,
North Greenville,College,public,CollegeSavedSchool,collegeId,cmovlhxb700coqt20ixz4ht1r,North Greenville,0,cmorj0gl80023qtiowcp5onup,North Greenville University,1,,,,,,,,,,
North Greenville,SUMMARY,,,,cmovlhxb700coqt20ixz4ht1r,North Greenville,1,cmorj0gl80023qtiowcp5onup,North Greenville University,7,north-greenville,NCAA_D2,Carolinas,,0,north-greenville-university,NCAA_D2,Conference Carolinas,https://nguathletics.com/sports/baseball,0
Reinhardt,College,public,CollegeBaseballProgram,collegeId,cmowzs1o3005uqt4wpekfzkhk,Reinhardt,1,cmorj0h79003cqtioydx0o97u,Reinhardt University,1,,,,,,,,,,
Reinhardt,SUMMARY,,,,cmowzs1o3005uqt4wpekfzkhk,Reinhardt,1,cmorj0h79003cqtioydx0o97u,Reinhardt University,1,reinhardt,NAIA,Appalachian Athletic Conference,https://naiastats.prestosports.com/sports/bsb/2024-25/teams/reinhardtga,0,reinhardt-university,NAIA,Appalachian Athletic Conference,https://reinhardteagles.com/sports/baseball,0
Southern Wesleyan,College,public,CollegeAcademicArea,collegeId,cmovlhz5u00glqt20q1q4sk69,Southern Wesleyan,0,cmorjasts004cqt4w6w7jai0o,Southern Wesleyan University,21,,,,,,,,,,
Southern Wesleyan,College,public,CollegeBaseballProgram,collegeId,cmovlhz5u00glqt20q1q4sk69,Southern Wesleyan,1,cmorjasts004cqt4w6w7jai0o,Southern Wesleyan University,1,,,,,,,,,,
Southern Wesleyan,SUMMARY,,,,cmovlhz5u00glqt20q1q4sk69,Southern Wesleyan,1,cmorjasts004cqt4w6w7jai0o,Southern Wesleyan University,22,southern-wesleyan,NCAA_D2,Carolinas,,0,southern-wesleyan-university,NCAA_D2,Conference Carolinas,https://swuathletics.com/sports/baseball,0
Tennessee Wesleyan,College,public,CollegeAcademicArea,collegeId,cmox069px00cuqtgcav6r1c9b,Tennessee Wesleyan,0,cmorj0hbg003lqtio2flk2ko3,Tennessee Wesleyan University,7,,,,,,,,,,
Tennessee Wesleyan,College,public,CollegeBaseballProgram,collegeId,cmox069px00cuqtgcav6r1c9b,Tennessee Wesleyan,1,cmorj0hbg003lqtio2flk2ko3,Tennessee Wesleyan University,1,,,,,,,,,,
Tennessee Wesleyan,SUMMARY,,,,cmox069px00cuqtgcav6r1c9b,Tennessee Wesleyan,1,cmorj0hbg003lqtio2flk2ko3,Tennessee Wesleyan University,8,tennessee-wesleyan,NAIA,Appalachian Athletic Conference,https://naiastats.prestosports.com/sports/bsb/2024-25/teams/tennesseewesleyan,0,tennessee-wesleyan-university,NAIA,Appalachian Athletic Conference,https://twbulldogs.com/sports/baseball,0
Tusculum,College,public,CollegeAcademicArea,collegeId,cmovlhznz00hoqt20smgedllb,Tusculum,0,cmorjat4k0050qt4wuinkw7vf,Tusculum University,25,,,,,,,,,,
Tusculum,College,public,CollegeBaseballProgram,collegeId,cmovlhznz00hoqt20smgedllb,Tusculum,1,cmorjat4k0050qt4wuinkw7vf,Tusculum University,1,,,,,,,,,,
Tusculum,SUMMARY,,,,cmovlhznz00hoqt20smgedllb,Tusculum,1,cmorjat4k0050qt4wuinkw7vf,Tusculum University,26,tusculum,NCAA_D2,SAC,,0,tusculum-university,NCAA_D2,South Atlantic Conference,https://tusculumpioneers.com/sports/baseball,0
Wingate,College,public,CollegeAcademicArea,collegeId,cmovli0wd00kcqt20cgeygf4d,Wingate,0,cmorj0gva002oqtiogdc4aysl,Wingate University,28,,,,,,,,,,
Wingate,College,public,CollegeBaseballProgram,collegeId,cmovli0wd00kcqt20cgeygf4d,Wingate,1,cmorj0gva002oqtiogdc4aysl,Wingate University,1,,,,,,,,,,
Wingate,College,public,CollegeSavedSchool,collegeId,cmovli0wd00kcqt20cgeygf4d,Wingate,0,cmorj0gva002oqtiogdc4aysl,Wingate University,1,,,,,,,,,,
Wingate,SUMMARY,,,,cmovli0wd00kcqt20cgeygf4d,Wingate,1,cmorj0gva002oqtiogdc4aysl,Wingate University,30,wingate,NCAA_D2,SAC,,0,wingate-university,NCAA_D2,South Atlantic Conference,https://wingatebulldogs.com/sports/baseball,0
