programId,collegeSlug,collegeName,conference,status,season,sourceType,seasonConflict,selectedRosterUrl,playersParsed,rosterReadyPlayers,rosterReadyPct,completePlayers,completionPct,freshmen,sophomores,juniors,seniors,graduates,unknownClasses,error
cmou6ba0j00abqtic3zfv6xc8,butler-university,Butler University,Big East,SUCCESS,2026,BASE,,https://butlersports.com/sports/baseball/roster,38,38,100.0,38,100.0,5,8,14,9,2,0,
cmou6tv7r00bnqti0zdyxeksd,radford-university,Radford University,Big South,SUCCESS,2026,PROBED_YEAR,,https://radfordathletics.com/sports/baseball/roster/2026,33,33,100.0,33,100.0,9,9,11,2,2,0,
cmou72rih00ceqtt8pvkwzi7n,northeastern-university,Northeastern University,CAA,SUCCESS,2026,BASE,,https://nuhuskies.com/sports/baseball/roster,39,39,100.0,39,100.0,12,12,5,8,2,0,
cmou72rmr00cnqtt8dj51725x,unc-wilmington,UNC Wilmington,CAA,SUCCESS,2027,BASE,,https://uncwsports.com/sports/baseball/roster,37,37,100.0,37,100.0,7,15,6,8,1,0,
cmou72ro800cqqtt8a63rkwmi,william-and-mary,William & Mary,CAA,SUCCESS,2027,BASE,,https://tribeathletics.com/sports/baseball/roster,21,21,100.0,21,100.0,2,12,5,2,0,0,
cmou3xrph007hqt5sgsdjmkeg,dallas-baptist-university,Dallas Baptist University,Conference USA,SUCCESS,2026,BASE,,https://dbupatriots.com/sports/baseball/roster,38,38,100.0,38,100.0,7,6,11,13,1,0,
cmou74g4a00cwqtbow41onypu,florida-international-university,Florida International University,Conference USA,SUCCESS,2027,BASE,,https://fiusports.com/sports/baseball/roster,23,23,100.0,23,100.0,0,2,12,7,2,0,
cmou74g5m00czqtbo27ri2tut,jacksonville-state-university,Jacksonville State University,Conference USA,SUCCESS,2026,PROBED_YEAR,,https://jaxstatesports.com/sports/baseball/roster/2026,39,39,100.0,39,100.0,3,6,14,16,0,0,
cmorirvc4001eqtm05q6w6boq,kennesaw-state-university,Kennesaw State University,Conference USA,SUCCESS,2026,BASE,,https://ksuowls.com/sports/baseball/roster,28,28,100.0,28,100.0,7,9,5,6,1,0,
cmorirvmo001zqtm0q8nwguf6,liberty-university,Liberty University,Conference USA,SUCCESS,2026,BASE,,https://libertyflames.com/sports/baseball/roster,36,36,100.0,35,97.2,6,6,11,10,3,0,
cmou74g9u00d8qtbof7zmonqa,louisiana-tech-university,Louisiana Tech University,Conference USA,SUCCESS,2026,BASE,,https://latechsports.com/sports/baseball/roster,42,42,100.0,42,100.0,11,6,14,6,5,0,
cmou74gb600dbqtboufydjjon,middle-tennessee-state-university,Middle Tennessee State University,Conference USA,SUCCESS,2026,PROBED_YEAR,,https://goblueraiders.com/sports/baseball/roster/2026,39,39,100.0,39,100.0,6,4,15,13,1,0,
cmou74gcl00deqtboo14o1rx4,new-mexico-state-university,New Mexico State University,Conference USA,SUCCESS,2026,PROBED_YEAR,,https://nmstatesports.com/sports/baseball/roster/2026,32,32,100.0,32,100.0,4,11,7,9,1,0,
cmou74gdy00dhqtboupmdj4ka,sam-houston-state-university,Sam Houston State University,Conference USA,SUCCESS,2027,PROBED_YEAR,,https://gobearkats.com/sports/baseball/roster/2027,36,36,100.0,36,100.0,7,8,14,7,0,0,
cmou74ggv00dnqtbo8qnjt772,western-kentucky-university,Western Kentucky University,Conference USA,SUCCESS,2026,BASE,,https://wkusports.com/sports/baseball/roster/2026,41,41,100.0,41,100.0,5,4,19,6,7,0,
cmou7aqnp00dwqt447trpic9t,northern-kentucky-university,Northern Kentucky University,Horizon League,SUCCESS,2026,BASE,,https://nkunorse.com/sports/baseball/roster,36,36,100.0,36,100.0,2,5,15,9,5,0,
cmou7aqqy00e2qt44hyodugts,oakland-university,Oakland University,Horizon League,SUCCESS,2026,BASE,,https://goldengrizzlies.com/sports/baseball/roster,37,37,100.0,37,100.0,8,10,11,5,3,0,
cmou7aqm700dtqt44ajyx2t5y,university-of-wisconsin-milwaukee,University of Wisconsin Milwaukee,Horizon League,SUCCESS,2026,BASE,,https://mkepanthers.com/sports/baseball/roster,34,34,100.0,34,100.0,8,7,11,7,1,0,
cmou7aqkp00dqqt444juv136m,wright-state-university,Wright State University,Horizon League,SUCCESS,2026,BASE,,https://wsuraiders.com/sports/baseball/roster,39,39,100.0,39,100.0,11,14,8,6,0,0,
cmou7aqp900dzqt44qrllpw9b,youngstown-state-university,Youngstown State University,Horizon League,SUCCESS,2026,PROBED_YEAR,,https://ysusports.com/sports/baseball/roster/2026,38,38,100.0,38,100.0,8,5,11,14,0,0,
cmou7eknp00e5qtx84ipuuxjh,brown-university,Brown University,Ivy League,SUCCESS,2027,PROBED_YEAR,,https://brownbears.com/sports/baseball/roster/2027,35,35,100.0,35,100.0,10,7,11,7,0,0,
cmou7ekp200e8qtx8qlpcfsh3,columbia-university,Columbia University,Ivy League,SUCCESS,2026,BASE,,https://gocolumbialions.com/sports/baseball/roster,37,37,100.0,37,100.0,10,10,10,7,0,0,
cmou7ekqf00ebqtx86ws3y8rp,cornell-university,Cornell University,Ivy League,SUCCESS,2026,BASE,,https://cornellbigred.com/sports/baseball/roster,40,40,100.0,40,100.0,9,11,9,11,0,0,
cmou7ekrs00eeqtx85mv4aiw4,dartmouth-college,Dartmouth College,Ivy League,SUCCESS,2026,BASE,,https://dartmouthsports.com/sports/baseball/roster,33,33,100.0,33,100.0,11,8,7,7,0,0,
cmou7ekt600ehqtx8psyqlq39,harvard-university,Harvard University,Ivy League,SUCCESS,2026,BASE,,https://gocrimson.com/sports/baseball/roster,28,28,100.0,28,100.0,8,7,7,6,0,0,
cmou7ekw100enqtx8836iwma7,princeton-university,Princeton University,Ivy League,SUCCESS,2027,BASE,,https://goprincetontigers.com/sports/baseball/roster,28,28,100.0,28,100.0,8,7,9,4,0,0,
cmou7ekum00ekqtx8zgid0z1w,university-of-pennsylvania,University of Pennsylvania,Ivy League,SUCCESS,2027,BASE,,https://pennathletics.com/sports/baseball/roster,36,36,100.0,27,75.0,8,11,8,9,0,0,
cmou7ekxf00eqqtx8xz654fgj,yale-university,Yale University,Ivy League,SUCCESS,2026,BASE,,https://yalebulldogs.com/sports/baseball/roster,28,28,100.0,28,100.0,6,8,10,4,0,0,
cmou7g4z200etqtkw6aq7y21m,canisius-university,Canisius University,MAAC,SUCCESS,2026,BASE,,https://gogriffs.com/sports/baseball/roster,38,38,100.0,38,100.0,13,8,7,7,3,0,
cmou7g50f00ewqtkwsbzcsid6,fairfield-university,Fairfield University,MAAC,SUCCESS,2026,BASE,,https://fairfieldstags.com/sports/baseball/roster,36,36,100.0,36,100.0,6,9,7,10,4,0,
cmou7g51s00ezqtkwxetc5qqx,manhattan-university,Manhattan University,MAAC,SUCCESS,2026,BASE,,https://gojaspers.com/sports/baseball/roster,51,51,100.0,51,100.0,14,10,10,12,5,0,
cmou7g53400f2qtkwqmbg3tkd,marist-university,Marist University,MAAC,SUCCESS,2026,BASE,,https://goredfoxes.com/sports/baseball/roster,38,38,100.0,0,0.0,12,7,9,6,4,0,
cmou7g54k00f5qtkwzdidrcxk,mount-st-marys-university,Mount St. Mary's University,MAAC,SUCCESS,2026,BASE,,https://mountathletics.com/sports/baseball/roster,46,46,100.0,46,100.0,15,9,9,8,5,0,
cmou7g55y00f8qtkwgjqz1y2q,niagara-university,Niagara University,MAAC,SUCCESS,2026,BASE,,https://purpleeagles.com/sports/baseball/roster,34,34,100.0,34,100.0,5,10,11,8,0,0,
cmou7g57d00fbqtkw03owk44b,quinnipiac-university,Quinnipiac University,MAAC,SUCCESS,2026,BASE,,https://gobobcats.com/sports/baseball/roster,35,35,100.0,31,88.6,12,7,4,9,3,0,
cmou7g58r00feqtkwnpsgaznj,rider-university,Rider University,MAAC,SUCCESS,2026,BASE,,https://gobroncs.com/sports/baseball/roster,34,34,100.0,34,100.0,5,7,9,13,0,0,
cmou7g5a600fhqtkw92g207lr,sacred-heart-university,Sacred Heart University,MAAC,SUCCESS,2027,BASE,,https://sacredheartpioneers.com/sports/baseball/roster,39,39,100.0,39,100.0,8,11,7,11,2,0,
cmou7g5bk00fkqtkwucf6witm,saint-peters-university,Saint Peter's University,MAAC,SUCCESS,2026,BASE,,https://saintpeterspeacocks.com/sports/baseball/roster,37,37,100.0,37,100.0,15,9,7,6,0,0,
cmou7g5cy00fnqtkwcn5qqhb9,siena-college,Siena College,MAAC,SUCCESS,2026,BASE,,https://sienasaints.com/sports/baseball/roster,34,34,100.0,34,100.0,7,7,8,10,2,0,
cmou7skfe00ftqtagnd5b58qi,ball-state-university,Ball State University,MAC,SUCCESS,2026,BASE,,https://ballstatesports.com/sports/baseball/roster,38,38,100.0,38,100.0,5,5,19,6,3,0,
cmou7skgu00fwqtagkdktv3y4,bowling-green-state-university,Bowling Green State University,MAC,SUCCESS,2026,BASE,,https://bgsufalcons.com/sports/baseball/roster,36,36,100.0,36,100.0,9,10,7,10,0,0,
cmou7skic00fzqtagzifm29yu,central-michigan-university,Central Michigan University,MAC,SUCCESS,2026,PROBED_YEAR,,https://cmuchippewas.com/sports/baseball/roster/2026,38,38,100.0,38,100.0,9,6,8,13,2,0,
cmou7skju00g2qtagvnch2szo,eastern-michigan-university,Eastern Michigan University,MAC,SUCCESS,2027,BASE,,https://emueagles.com/sports/baseball/roster,15,15,100.0,15,100.0,2,4,2,6,1,0,
cmou7skla00g5qtagy804ec2z,kent-state-university,Kent State University,MAC,SUCCESS,2026,BASE,,https://kentstatesports.com/sports/baseball/roster,37,37,100.0,37,100.0,11,7,8,9,2,0,
cmou7skoa00gbqtagdohm68a4,miami-university,Miami University,MAC,SUCCESS,2026,BASE,,https://miamiredhawks.com/sports/baseball/roster,38,38,100.0,38,100.0,5,8,10,12,3,0,
cmou7skpt00geqtagbn7zudpp,northern-illinois-university,Northern Illinois University,MAC,SUCCESS,2026,BASE,,https://niuhuskies.com/sports/baseball/roster,34,34,100.0,34,100.0,4,3,13,12,2,0,
cmou7skr800ghqtagxadkl54c,ohio-university,Ohio University,MAC,SUCCESS,2026,PROBED_YEAR,,https://ohiobobcats.com/sports/baseball/roster/2026,40,39,97.5,39,97.5,12,9,7,10,1,1,
cmou7skdr00fqqtagocs6xuw4,university-of-akron,University of Akron,MAC,SUCCESS,2027,BASE,,https://gozips.com/sports/baseball/roster,35,35,100.0,35,100.0,8,9,10,6,2,0,
cmou65qdo008wqt1opj95aftn,university-of-massachusetts-amherst,University of Massachusetts Amherst,MAC,SUCCESS,2027,PROBED_YEAR,,https://umassathletics.com/sports/baseball/roster/2027,19,19,100.0,19,100.0,0,6,4,6,3,0,
cmou7sksm00gkqtag0c0v789p,university-of-toledo,University of Toledo,MAC,SUCCESS,2026,BASE,,https://utrockets.com/sports/baseball/roster,34,32,94.1,32,94.1,10,5,12,2,3,2,
cmou7sku100gnqtagdyo59rxn,western-michigan-university,Western Michigan University,MAC,SUCCESS,2026,BASE,,https://wmubroncos.com/sports/baseball/roster,30,30,100.0,30,100.0,4,4,7,12,3,0,
cmou7v14000gqqtfg74wzxd9d,delaware-state-university,Delaware State University,MEAC,SUCCESS,2026,BASE,,https://dsuhornets.com/sports/baseball/roster,35,35,100.0,0,0.0,14,11,6,3,1,0,
cmou7v16v00gwqtfgg233rx6f,norfolk-state-university,Norfolk State University,MEAC,SUCCESS,2026,BASE,,https://nsuspartans.com/sports/baseball/roster,35,35,100.0,35,100.0,4,6,12,11,2,0,
cmou7v15f00gtqtfghnimbfbt,university-of-maryland-eastern-shore,University of Maryland Eastern Shore,MEAC,SUCCESS,2026,BASE,,https://umeshawksports.com/sports/baseball/roster,31,31,100.0,31,100.0,10,9,5,5,2,0,
cmou7wkpe00hzqt5sc29zbzub,belmont-university,Belmont University,Missouri Valley,SUCCESS,2026,BASE,,https://belmontbruins.com/sports/baseball/roster,35,35,100.0,35,100.0,10,12,4,5,4,0,
cmou7wkah00h5qt5sn6z34r0h,bradley-university,Bradley University,Missouri Valley,SUCCESS,2026,BASE,,https://bradleybraves.com/sports/baseball/roster,35,35,100.0,35,100.0,4,3,15,9,4,0,
cmou7wkeo00heqt5sc53q9gdn,illinois-state-university,Illinois State University,Missouri Valley,SUCCESS,2026,BASE,,https://goredbirds.com/sports/baseball/roster,37,37,100.0,0,0.0,5,9,14,6,3,0,
cmou7wkg500hhqt5skxa5byu1,indiana-state-university,Indiana State University,Missouri Valley,SUCCESS,2026,PROBED_YEAR,,https://gosycamores.com/sports/baseball/roster/2026,41,41,100.0,41,100.0,9,5,13,14,0,0,
cmou7wkhn00hkqt5sbhclevc1,missouri-state-university,Missouri State University,Missouri Valley,SUCCESS,2026,BASE,,https://missouristatebears.com/sports/baseball/roster,33,33,100.0,33,100.0,6,8,9,10,0,0,
cmou7wkmb00htqt5sqdbxm6mn,southern-illinois-university,Southern Illinois University,Missouri Valley,SUCCESS,2026,BASE,,https://siusalukis.com/sports/baseball/roster,35,35,100.0,35,100.0,2,3,13,13,4,0,
cmou7wkbx00h8qt5sokuzgsz0,university-of-evansville,University of Evansville,Missouri Valley,SUCCESS,2026,BASE,,https://gopurpleaces.com/sports/baseball/roster,37,37,100.0,37,100.0,16,8,7,2,4,0,
cmou7wkdb00hbqt5sq7ok85hd,university-of-illinois-chicago,University of Illinois Chicago,Missouri Valley,SUCCESS,2026,BASE,,https://uicflames.com/sports/baseball/roster,33,33,100.0,33,100.0,5,2,10,10,6,0,
cmou7wknu00hwqt5s4p8s9zzz,valparaiso-university,Valparaiso University,Missouri Valley,SUCCESS,2026,BASE,,https://valpoathletics.com/sports/baseball/roster,33,33,100.0,33,100.0,11,5,5,12,0,0,
cmou7y6m100i2qtocacagvlzg,air-force-academy,Air Force Academy,Mountain West,SUCCESS,2027,PROBED_YEAR,,https://goairforcefalcons.com/sports/baseball/roster/2027,43,42,97.7,41,95.3,11,8,12,11,0,1,
cmou3xrkg0075qt5suzvu19l1,san-diego-state-university,San Diego State University,Mountain West,SUCCESS,2027,BASE,,https://goaztecs.com/sports/baseball/roster,20,20,100.0,20,100.0,2,3,5,9,1,0,
cmou7y6rn00ieqtoc6pij5vm6,san-jose-state-university,San Jose State University,Mountain West,SUCCESS,2026,BASE,,https://sjsuspartans.com/sports/baseball/roster,40,40,100.0,40,100.0,4,7,9,18,2,0,
cmou7y6nf00i5qtoctswm2lrk,university-of-nevada-las-vegas,University of Nevada Las Vegas,Mountain West,SUCCESS,2027,BASE,,https://unlvrebels.com/sports/baseball/roster,34,34,100.0,34,100.0,4,9,11,10,0,0,
cmou7y6ov00i8qtoc0x1u0gup,university-of-nevada-reno,University of Nevada Reno,Mountain West,SUCCESS,2026,BASE,,https://nevadawolfpack.com/sports/baseball/roster,36,36,100.0,36,100.0,5,4,12,15,0,0,
cmou7y6q900ibqtocgzh3fww5,university-of-new-mexico,University of New Mexico,Mountain West,SUCCESS,2026,PROBED_SEASON,,https://golobos.com/sports/baseball/roster/season/2025-26,36,36,100.0,36,100.0,3,3,12,12,6,0,
cmou7zwa000j2qt18c7a5hwss,central-connecticut-state-university,Central Connecticut State University,Northeast Conference,SUCCESS,2026,BASE,,https://ccsubluedevils.com/sports/bsb/2025-26/roster,37,37,100.0,37,100.0,15,7,8,7,0,0,
cmou7zwbj00j5qt18iz4v4hge,fairleigh-dickinson-university,Fairleigh Dickinson University,Northeast Conference,SUCCESS,2027,BASE,,https://fduknights.com/sports/baseball/roster,17,17,100.0,16,94.1,0,9,5,3,0,0,
cmou7zwek00jbqt1882s0u4lt,liu,LIU,Northeast Conference,SUCCESS,2026,BASE,,https://www.liuathletics.com/sports/baseball/roster,35,35,100.0,0,0.0,6,7,12,9,1,0,
cmou7zwd100j8qt186gxo44jm,le-moyne-college,Le Moyne College,Northeast Conference,SUCCESS,2026,BASE,,https://lemoynedolphins.com/sports/baseball/roster,33,33,100.0,33,100.0,9,10,8,6,0,0,
cmou7zwfz00jeqt18k733ahlx,merrimack-college,Merrimack College,Northeast Conference,SUCCESS,2026,BASE,,https://merrimackathletics.com/sports/baseball/roster,39,39,100.0,0,0.0,10,8,9,11,1,0,
cmou7zwhg00jhqt18u4dg2q1l,stonehill-college,Stonehill College,Northeast Conference,SUCCESS,2026,BASE,,https://stonehillskyhawks.com/sports/baseball/roster,39,39,100.0,39,100.0,10,9,13,5,2,0,
cmou7zwke00jnqt184bufb4dq,wagner-college,Wagner College,Northeast Conference,SUCCESS,2026,PROBED_YEAR,,https://wagnerathletics.com/sports/baseball/roster/2026,45,45,100.0,45,100.0,13,6,18,6,2,0,
cmou8251i00jqqtforluc833g,eastern-illinois-university,Eastern Illinois University,Ohio Valley,SUCCESS,2027,BASE,,https://eiupanthers.com/sports/baseball/roster,40,40,100.0,40,100.0,8,7,11,14,0,0,
cmou8255p00jzqtfoxtl707lf,morehead-state-university,Morehead State University,Ohio Valley,SUCCESS,2026,BASE,,https://msueagles.com/sports/baseball/roster,37,37,100.0,37,100.0,12,8,11,4,2,0,
cmou7wkj800hnqt5sekexg9mi,murray-state-university,Murray State University,Ohio Valley,SUCCESS,2026,BASE,,https://goracers.com/sports/baseball/roster,39,39,100.0,38,97.4,2,6,12,11,8,0,
cmou8258p00k5qtfobw57z4wq,southeast-missouri-state-university,Southeast Missouri State University,Ohio Valley,SUCCESS,2026,PROBED_YEAR,,https://semoredhawks.com/sports/baseball/roster/2026,37,37,100.0,37,100.0,6,5,12,14,0,0,
cmou825bk00kbqtfopplc3k9d,tennessee-technological-university,Tennessee Technological University,Ohio Valley,SUCCESS,2026,BASE,,https://www.ttusports.com/sports/bsb/2025-26/roster,35,35,100.0,35,100.0,5,14,7,9,0,0,
cmou8254800jwqtfo93hx3i10,university-of-arkansas-at-little-rock,University of Arkansas at Little Rock,Ohio Valley,SUCCESS,2027,BASE,,https://lrtrojans.com/sports/baseball/roster,16,16,100.0,16,100.0,0,2,2,12,0,0,
cmou8252s00jtqtfo33pxo0o8,university-of-southern-indiana,University of Southern Indiana,Ohio Valley,SUCCESS,2026,BASE,,https://usiscreamingeagles.com/sports/baseball/roster,44,44,100.0,44,100.0,2,4,24,9,5,0,
cmou825a600k8qtfoffoh32u6,university-of-tennessee-at-martin,University of Tennessee at Martin,Ohio Valley,SUCCESS,2027,PROBED_YEAR,,https://utmsports.com/sports/baseball/roster/2027,35,35,100.0,34,97.1,1,5,12,17,0,0,
cmou825cy00keqtfoh1a7v0yi,western-illinois-university,Western Illinois University,Ohio Valley,SUCCESS,2026,BASE,,https://goleathernecks.com/sports/baseball/roster,34,34,100.0,0,0.0,1,5,9,18,1,0,
cmou3xrgo006wqt5sawcj9olu,fresno-state,Fresno State,Pac-12,SUCCESS,2026,PROBED_YEAR,,https://gobulldogs.com/sports/baseball/roster/2026,37,37,100.0,37,100.0,15,5,9,4,4,0,
cmou3xrj70072qt5s2jjtrt9o,oregon-state-university,Oregon State University,Pac-12,SUCCESS,2026,BASE,,https://osubeavers.com/sports/baseball/roster,36,36,100.0,36,100.0,9,8,8,11,0,0,
cmou3bzn4006kqtvov57tocaz,texas-state-university,Texas State University,Pac-12,SUCCESS,2026,BASE,,https://txst.com/sports/baseball/roster,40,40,100.0,40,100.0,12,6,10,10,2,0,
cmou3xro6007eqt5s92zz2kml,washington-state-university,Washington State University,Pac-12,SUCCESS,2027,BASE,,https://wsucougars.com/sports/baseball/roster,21,21,100.0,21,100.0,2,5,8,6,0,0,
cmou853tx00khqtiwxhk7iuh6,army-west-point,Army West Point,Patriot League,SUCCESS,2027,BASE,,https://goarmywestpoint.com/sports/baseball/roster,38,38,100.0,38,100.0,11,12,8,7,0,0,
cmou853v900kkqtiwu3parh8r,bucknell-university,Bucknell University,Patriot League,SUCCESS,2026,PROBED_YEAR,,https://bucknellbison.com/sports/baseball/roster/2026,37,37,100.0,37,100.0,8,10,11,8,0,0,
cmou853wn00knqtiw8etjougs,college-of-the-holy-cross,College of the Holy Cross,Patriot League,SUCCESS,2026,BASE,,https://goholycross.com/sports/baseball/roster,40,40,100.0,40,100.0,13,11,13,3,0,0,
cmou853xz00kqqtiw0169j0ad,lafayette-college,Lafayette College,Patriot League,SUCCESS,2026,BASE,,https://goleopards.com/sports/baseball/roster,42,42,100.0,42,100.0,12,11,11,8,0,0,
cmou853zf00ktqtiwls9maf65,lehigh-university,Lehigh University,Patriot League,SUCCESS,2027,PROBED_YEAR,,https://lehighsports.com/sports/baseball/roster/2027,29,28,96.6,6,20.7,0,10,9,9,1,0,
cmou8540s00kwqtiwqdx2wzj0,naval-academy,Naval Academy,Patriot League,SUCCESS,2027,BASE,,https://navysports.com/sports/baseball/roster,30,30,100.0,30,100.0,0,9,10,11,0,0,
cmosp9qeg001kqtyg0f97o2ln,auburn-university,Auburn University,SEC,SUCCESS,2027,PROBED_SEASON,,https://auburntigers.com/sports/baseball/roster/season/2027,20,20,100.0,20,100.0,0,6,10,3,1,0,
cmosp9qjl001wqtygay3k1f31,louisiana-state-university,Louisiana State University,SEC,SUCCESS,2026,BASE,,https://lsusports.net/sports/bsb/roster,38,38,100.0,38,100.0,9,10,10,9,0,0,
cmosp9qm90022qtygo9hvl54a,mississippi-state-university,Mississippi State University,SEC,SUCCESS,2026,PROBED_YEAR,,https://hailstate.com/sports/baseball/roster/2026,41,41,100.0,41,100.0,11,10,9,5,6,0,
cmosp9qvm002kqtygv15p8g51,texas-am-university,Texas A&M University,SEC,SUCCESS,2026,BASE,,https://12thman.com/sports/baseball/roster/season/2026,35,35,100.0,35,100.0,8,8,10,7,2,0,
cmosp9qbp001eqtygsx3wqo39,university-of-alabama,University of Alabama,SEC,SUCCESS,2026,PROBED_YEAR,,https://rolltide.com/sports/baseball/roster/2026,43,43,100.0,43,100.0,11,8,11,10,3,0,
cmosp9qd4001hqtyggghrj9on,university-of-arkansas,University of Arkansas,SEC,SUCCESS,2026,BASE,,https://arkansasrazorbacks.com/sport/m-basebl/roster/,39,39,100.0,39,100.0,16,7,12,3,1,0,
cmosp9qfq001nqtygmt8vlvxj,university-of-florida,University of Florida,SEC,SUCCESS,2026,BASE,,https://floridagators.com/sports/baseball/roster,41,41,100.0,41,100.0,12,10,10,7,2,0,
cmorirv8g0018qtm0yypjywu7,university-of-georgia,University of Georgia,SEC,SUCCESS,2026,PROBED_YEAR,,https://georgiadogs.com/sports/baseball/roster/2026,33,33,100.0,33,100.0,4,4,11,6,8,0,
cmosp9qib001tqtygp6ddtgbs,university-of-kentucky,University of Kentucky,SEC,SUCCESS,2026,PROBED_SEASON,,https://ukathletics.com/sports/baseball/roster/season/2026/,40,40,100.0,40,100.0,11,11,8,10,0,0,
cmosp9qkw001zqtygt4z58ipw,university-of-mississippi,University of Mississippi,SEC,SUCCESS,2026,PROBED_YEAR,,https://olemisssports.com/sports/baseball/roster/2026,38,38,100.0,38,100.0,12,11,8,7,0,0,
cmosp9qo10025qtyg45ywi4vo,university-of-missouri,University of Missouri,SEC,SUCCESS,2026,PROBED_SEASON,,https://mutigers.com/sports/baseball/roster/season/2026,46,46,100.0,46,100.0,16,7,11,7,5,0,
cmosp9qq40028qtygnw3o8bf6,university-of-oklahoma,University of Oklahoma,SEC,SUCCESS,2026,PROBED_YEAR,,https://soonersports.com/sports/baseball/roster/2026,37,37,100.0,37,100.0,7,8,17,4,1,0,
cmoeiluu40002qtig2x8132f9,university-of-south-carolina,University of South Carolina,SEC,SUCCESS,2026,PROBED_SEASON,,https://gamecocksonline.com/sports/baseball/roster/season/2026/,37,37,100.0,37,100.0,4,10,17,6,0,0,
cmorirvfj001kqtm0id88nle9,university-of-tennessee,University of Tennessee,SEC,SUCCESS,2026,PROBED_YEAR,,https://utsports.com/sports/baseball/roster/2026,39,39,100.0,39,100.0,16,12,8,2,1,0,
cmosp9qu7002hqtygj0un0afw,university-of-texas,University of Texas,SEC,SUCCESS,2026,PROBED_YEAR,,https://texaslonghorns.com/sports/baseball/roster/2026,41,41,100.0,41,100.0,14,6,11,7,3,0,
cmorirvgy001nqtm003uf21dj,vanderbilt-university,Vanderbilt University,SEC,SUCCESS,2026,BASE,,https://vucommodores.com/sports/baseball/roster,39,39,100.0,39,100.0,9,14,11,2,3,0,
cmou8bk5g00mkqtuwooxa4ld7,alabama-am-university,Alabama A&M University,SWAC,SUCCESS,2026,BASE,,https://aamusports.com/sports/baseball/roster,44,44,100.0,44,100.0,8,6,16,10,4,0,
cmou8bk7000mnqtuws5zp12wv,alabama-state-university,Alabama State University,SWAC,SUCCESS,2026,BASE,,https://bamastatesports.com/sports/baseball/roster/2026,38,38,100.0,38,100.0,8,7,14,5,4,0,
cmou8bk8g00mqqtuwslfooi6r,alcorn-state-university,Alcorn State University,SWAC,SUCCESS,2026,BASE,,https://alcornsports.com/sports/baseball/roster,34,34,100.0,34,100.0,8,6,11,7,2,0,
cmou8bkam00mtqtuw05l80dri,bethune-cookman-university,Bethune-Cookman University,SWAC,SUCCESS,2026,BASE,,https://bcuathletics.com/sports/baseball/roster,35,35,100.0,35,100.0,3,2,12,13,5,0,
cmou8bkc500mwqtuwn4v6624q,florida-am-university,Florida A&M University,SWAC,SUCCESS,2026,BASE,,https://famuathletics.com/sports/baseball/roster,33,32,97.0,30,90.9,2,10,10,6,5,0,
cmou8bkdk00mzqtuw3pctg8sc,grambling-state-university,Grambling State University,SWAC,SUCCESS,2026,BASE,,https://gsutigers.com/sports/baseball/roster,35,35,100.0,35,100.0,8,3,12,10,2,0,
cmou8bkf300n2qtuwklvjxrw9,jackson-state-university,Jackson State University,SWAC,SUCCESS,2026,BASE,,https://gojsutigers.com/sports/baseball/roster,36,36,100.0,36,100.0,7,7,13,8,1,0,
cmou8bkgi00n5qtuwywlmdln3,mississippi-valley-state-university,Mississippi Valley State University,SWAC,SUCCESS,2026,BASE,,https://mvsusports.com/sports/baseball/roster/,39,39,100.0,0,0.0,8,11,10,10,0,0,
cmou8bki500n8qtuw63u8u7tr,prairie-view-am-university,Prairie View A&M University,SWAC,SUCCESS,2026,BASE,,https://pvpanthers.com/sports/baseball/roster,20,20,100.0,20,100.0,7,4,9,0,0,0,
cmou8bkjn00nbqtuwq3i8eulz,southern-university-and-am-college,Southern University and A&M College,SWAC,PARTIAL,2026,BASE,,https://gojagsports.com/sports/baseball/roster,40,30,75.0,23,57.5,14,9,6,11,0,0,
cmou8bkl600neqtuw09os8sjj,texas-southern-university,Texas Southern University,SWAC,SUCCESS,2026,BASE,,https://tsusports.com/sports/baseball/roster,35,35,100.0,35,100.0,2,7,13,10,3,0,
cmou8bkmo00nhqtuwbp7p9ixn,university-of-arkansas-at-pine-bluff,University of Arkansas at Pine Bluff,SWAC,SUCCESS,2026,BASE,,https://uapblionsroar.com/sports/baseball/roster,41,41,100.0,0,0.0,6,4,19,7,5,0,
cmorirvid001qqtm07p0bazmo,east-tennessee-state-university,East Tennessee State University,SoCon,SUCCESS,2026,BASE,,https://etsubucs.com/sports/baseball/roster,37,37,100.0,37,100.0,10,7,12,8,0,0,
cmorirve1001hqtm0mjm0p8oa,mercer-university,Mercer University,SoCon,SUCCESS,2027,BASE,,https://mercerbears.com/sports/baseball/roster,38,38,100.0,38,100.0,9,6,12,11,0,0,
cmou869yo00lbqtjkmkyipunp,samford-university,Samford University,SoCon,SUCCESS,2026,BASE,,https://samfordsports.com/sports/baseball/roster,38,38,100.0,38,100.0,11,8,9,9,1,0,
cmou869t600kzqtjkn5cr70vq,the-citadel,The Citadel,SoCon,SUCCESS,2026,BASE,,https://citadelsports.com/sports/baseball/roster,45,45,100.0,45,100.0,15,5,12,7,6,0,
cmou869xa00l8qtjkn3v1meqz,university-of-north-carolina-at-greensboro,University of North Carolina at Greensboro,SoCon,SUCCESS,2026,BASE,,https://uncgspartans.com/sports/baseball/roster,37,37,100.0,0,0.0,13,4,9,10,1,0,
cmou86a0000leqtjkppsxjgb6,virginia-military-institute,Virginia Military Institute,SoCon,SUCCESS,2026,BASE,,https://vmikeydets.com/sports/baseball/roster,37,37,100.0,37,100.0,17,8,5,7,0,0,
cmou86a1d00lhqtjk2lctf0xy,western-carolina-university,Western Carolina University,SoCon,SUCCESS,2026,BASE,,https://catamountsports.com/sports/baseball/roster,45,45,100.0,45,100.0,13,16,8,7,1,0,
cmorihv2r000bqth8jevenygj,wofford-college,Wofford College,SoCon,SUCCESS,2027,BASE,,https://woffordterriers.com/sports/baseball/roster,28,28,100.0,28,100.0,0,11,9,8,0,0,
cmou87s2z00lqqt8oy3ac0hd5,houston-christian-university,Houston Christian University,Southland,SUCCESS,2026,BASE,,https://hcuhuskies.com/sports/baseball/roster,41,41,100.0,41,100.0,1,0,16,24,0,0,
cmou87s6900lwqt8ovwn8avii,lamar-university,Lamar University,Southland,SUCCESS,2026,PROBED_YEAR,,https://lamarcardinals.com/sports/baseball/roster/2026,42,42,100.0,42,100.0,4,1,9,28,0,0,
cmou87s8g00lzqt8ofnxh0lqd,mcneese-state-university,McNeese State University,Southland,SUCCESS,2026,BASE,,https://mcneesesports.com/sports/baseball/roster,41,41,100.0,41,100.0,3,3,18,16,1,0,
cmou87sbe00m5qt8o3c4bkqxp,nicholls-state-university,Nicholls State University,Southland,SUCCESS,2027,BASE,,https://geauxcolonels.com/sports/baseball/roster,16,16,100.0,16,100.0,1,3,3,8,1,0,
cmou87sd800m8qt8omluc99f6,northwestern-state-university,Northwestern State University,Southland,SUCCESS,2026,BASE,,https://nsudemons.com/sports/baseball/roster,41,41,100.0,41,100.0,8,8,14,8,3,0,
cmou87sen00mbqt8odmp5ltru,southeastern-louisiana-university,Southeastern Louisiana University,Southland,SUCCESS,2027,BASE,,https://lionsports.net/sports/baseball/roster,24,24,100.0,24,100.0,0,6,6,12,0,0,
cmou87sg500meqt8o07o9mbvb,stephen-f-austin-state-university,Stephen F. Austin State University,Southland,SUCCESS,2026,BASE,,https://sfajacks.com/sports/baseball/roster,41,41,100.0,40,97.6,1,5,16,19,0,0,
cmou87shj00mhqt8on876f8eo,texas-am-university-corpus-christi,Texas A&M University Corpus Christi,Southland,SUCCESS,2026,PROBED_YEAR,,https://goislanders.com/sports/baseball/roster/2026,40,40,100.0,40,100.0,3,5,26,3,3,0,
cmou87s9y00m2qt8o4rzp43p6,university-of-new-orleans,University of New Orleans,Southland,SUCCESS,2027,BASE,,https://privateersports.com/sports/baseball/roster,46,46,100.0,10,21.7,8,1,29,8,0,0,
cmou87s4q00ltqt8ol7kpdfod,university-of-the-incarnate-word,University of the Incarnate Word,Southland,SUCCESS,2026,BASE,,https://uiwcardinals.com/sports/baseball/roster,39,39,100.0,39,100.0,6,3,11,19,0,0,
cmorirv710015qtm0ovu568ty,appalachian-state-university,Appalachian State University,Sun Belt,SUCCESS,2027,BASE,,https://appstatesports.com/sports/baseball/roster,36,36,100.0,33,91.7,8,7,12,7,2,0,
cmou3bz7n005qqtvo0uxy0otj,arkansas-state-university,Arkansas State University,Sun Belt,SUCCESS,2026,BASE,,https://astateredwolves.com/sports/baseball/roster,46,46,100.0,46,100.0,9,8,10,13,6,0,
cmou3bz9z005tqtvogqtsk7dh,coastal-carolina-university,Coastal Carolina University,Sun Belt,SUCCESS,2026,PROBED_YEAR,,https://goccusports.com/sports/baseball/roster/2026,34,34,100.0,34,100.0,8,8,9,7,2,0,
cmou3bzbf005wqtvoa5yx0t5p,georgia-southern-university,Georgia Southern University,Sun Belt,PARTIAL,2027,PROBED_YEAR,,https://gseagles.com/sports/baseball/roster/2027,35,22,62.9,22,62.9,7,8,5,2,0,13,
cmou3bzcy005zqtvo3urwyp5m,georgia-state-university,Georgia State University,Sun Belt,SUCCESS,2026,BASE,,https://georgiastatesports.com/sports/baseball/roster,42,42,100.0,0,0.0,12,13,7,5,5,0,
cmorirvo80022qtm0v8nc60z1,james-madison-university,James Madison University,Sun Belt,SUCCESS,2026,BASE,,https://jmusports.com/sports/baseball/roster,37,37,100.0,37,100.0,11,8,6,11,1,0,
cmou3bzhc0068qtvojrm3rzyk,marshall-university,Marshall University,Sun Belt,SUCCESS,2027,PROBED_YEAR,,https://herdzone.com/sports/baseball/roster/2027,20,20,100.0,20,100.0,0,5,7,6,2,0,
cmou3bzis006bqtvox87it60e,old-dominion-university,Old Dominion University,Sun Belt,SUCCESS,2026,BASE,,https://odusports.com/sports/baseball/roster,42,42,100.0,42,100.0,10,9,9,8,6,0,
cmou3bzoj006nqtvow6hywsy4,troy-university,Troy University,Sun Belt,PARTIAL,2027,BASE,,https://troytrojans.com/sports/baseball/roster,36,3,8.3,3,8.3,0,0,0,3,0,33,
cmou3bzpy006qqtvoaa8o1moc,university-of-louisiana-monroe,University of Louisiana Monroe,Sun Belt,SUCCESS,2026,BASE,,https://ulmwarhawks.com/sports/baseball/roster,42,42,100.0,42,100.0,10,8,8,15,1,0,
cmou3bzfu0065qtvodm01sdij,university-of-louisiana-at-lafayette,University of Louisiana at Lafayette,Sun Belt,SUCCESS,2026,BASE,,https://ragincajuns.com/sports/baseball/roster,34,34,100.0,34,100.0,11,7,11,3,2,0,
cmou3bzk7006eqtvoq0vt640m,university-of-south-alabama,University of South Alabama,Sun Belt,SUCCESS,2027,BASE,,https://usajaguars.com/sports/baseball/roster,41,41,100.0,41,100.0,6,6,12,17,0,0,
cmou3bzln006hqtvobpo9krgl,university-of-southern-mississippi,University of Southern Mississippi,Sun Belt,SUCCESS,2026,BASE,,https://southernmiss.com/sports/baseball/roster,42,42,100.0,42,100.0,14,13,7,8,0,0,
cmou8ctht00nkqtlo5igdod18,abilene-christian-university,Abilene Christian University,WAC,SUCCESS,2026,PROBED_YEAR,,https://acusports.com/sports/baseball/roster/2026,36,36,100.0,36,100.0,9,5,6,12,4,0,
cmou8ctj700nnqtlon1veo5hd,california-baptist-university,California Baptist University,WAC,SUCCESS,2026,PROBED_YEAR,,https://cbulancers.com/sports/baseball/roster/2026,37,37,100.0,37,100.0,12,6,9,7,3,0,
cmou8ctkk00nqqtlo7h4rploa,grand-canyon-university,Grand Canyon University,WAC,SUCCESS,2027,BASE,,https://gculopes.com/sports/baseball/roster,41,41,100.0,41,100.0,7,10,12,12,0,0,
cmou8ctsr00o8qtlot3odh0cd,seattle-university,Seattle University,WAC,SUCCESS,2026,BASE,,https://goseattleu.com/sports/baseball/roster,33,33,100.0,33,100.0,6,7,11,9,0,0,
cmou8ctoo00nzqtlov4b045g8,tarleton-state-university,Tarleton State University,WAC,SUCCESS,2026,BASE,,https://tarletonsports.com/sports/baseball/roster,36,36,100.0,36,100.0,4,9,5,18,0,0,
cmou8ctnb00nwqtlox4zfn4op,university-of-texas-arlington,University of Texas Arlington,WAC,SUCCESS,2026,BASE,,https://utamavs.com/sports/baseball/roster,32,32,100.0,0,0.0,4,4,14,8,2,0,
cmou8ctlw00ntqtlo9w0luybv,university-of-texas-rio-grande-valley,University of Texas Rio Grande Valley,WAC,SUCCESS,2026,BASE,,https://goutrgv.com/sports/baseball/roster,41,41,100.0,41,100.0,4,5,12,13,7,0,
cmou8ctup00obqtlocox98axm,utah-tech-university,Utah Tech University,WAC,SUCCESS,2027,BASE,,https://utahtechtrailblazers.com/sports/baseball/roster,39,39,100.0,0,0.0,5,5,20,9,0,0,
cmou8ctrg00o5qtlotwjluukr,utah-valley-university,Utah Valley University,WAC,SUCCESS,2026,BASE,,https://gouvu.com/sports/baseball/roster,40,40,100.0,40,100.0,5,6,8,21,0,0,
cmou3xrhz006zqt5svvnwi1wg,gonzaga-university,Gonzaga University,West Coast Conference,SUCCESS,2026,BASE,,https://gozags.com/sports/baseball/roster,36,36,100.0,35,97.2,7,5,11,9,4,0,
cmou8ea8i00ohqt6se9ges7t9,loyola-marymount-university,Loyola Marymount University,West Coast Conference,SUCCESS,2026,BASE,,https://lmulions.com/sports/baseball/roster,43,43,100.0,43,100.0,12,8,10,6,7,0,
cmou8ea9w00okqt6sxqte3yga,pepperdine-university,Pepperdine University,West Coast Conference,SUCCESS,2027,PROBED_YEAR,,https://pepperdinewaves.com/sports/baseball/roster/2027,29,29,100.0,23,79.3,9,7,8,4,1,0,
cmou8eaco00oqqt6skzpaxh8w,saint-marys-college-of-california,Saint Mary's College of California,West Coast Conference,SUCCESS,2026,PROBED_YEAR,,https://smcgaels.com/sports/baseball/roster/2026,39,39,100.0,0,0.0,16,12,6,4,1,0,
cmou8eagz00ozqt6s772pv6hs,santa-clara-university,Santa Clara University,West Coast Conference,SUCCESS,2026,BASE,,https://santaclarabroncos.com/sports/baseball/roster,43,43,100.0,43,100.0,12,9,12,9,1,0,
cmou8eab900onqt6sr81s9tjj,university-of-portland,University of Portland,West Coast Conference,SUCCESS,2026,BASE,,https://portlandpilots.com/sports/baseball/roster,41,41,100.0,41,100.0,20,11,5,5,0,0,
cmou8eae900otqt6skjewu9yf,university-of-san-diego,University of San Diego,West Coast Conference,SUCCESS,2027,BASE,,https://usdtoreros.com/sports/baseball/roster,37,37,100.0,11,29.7,13,7,12,1,4,0,
cmou8eafm00owqt6sg2fvjz1g,university-of-san-francisco,University of San Francisco,West Coast Conference,SUCCESS,2027,PROBED_YEAR,,https://usfdons.com/sports/baseball/roster/2027,20,20,100.0,3,15.0,0,8,3,9,0,0,
cmou8eaid00p2qt6s4lh0kz0w,university-of-the-pacific,University of the Pacific,West Coast Conference,SUCCESS,2026,BASE,,https://pacifictigers.com/sports/baseball/roster,37,37,100.0,37,100.0,5,5,18,6,3,0,
cmosumzxq004bqtlgcux50apa,arizona,Arizona,,SUCCESS,2026,PROBED_YEAR,,https://arizonawildcats.com/sports/baseball/roster/2026,40,40,100.0,40,100.0,10,9,8,13,0,0,
cmosumzz4004eqtlggz9328ng,arizona-state-university,Arizona State University,,PARTIAL,2027,BASE,,https://thesundevils.com/sports/baseball/roster,14,10,71.4,10,71.4,0,5,4,5,0,0,
cmou6925z009eqt1gaqjdu3za,austin-peay-state-university,Austin Peay State University,,SUCCESS,2026,BASE,,https://letsgopeay.com/sports/baseball/roster,34,34,100.0,34,100.0,3,6,12,11,2,0,
cmosun01s004kqtlg2b6mlqcd,byu,BYU,,SUCCESS,2026,BASE,,https://byucougars.com/sports/baseball/roster,16,16,100.0,0,0.0,4,4,3,5,0,0,
cmosun00i004hqtlgy3534tz1,baylor-university,Baylor University,,SUCCESS,2026,BASE,,https://baylorbears.com/sports/baseball/roster/2026,37,37,100.0,37,100.0,13,6,9,9,0,0,
cmou6927d009hqt1g6ojn2uy0,bellarmine-university,Bellarmine University,,SUCCESS,2027,BASE,,https://athletics.bellarmine.edu/sports/baseball/roster,17,17,100.0,17,100.0,1,7,1,8,0,0,
cmrxrdv7z000dqtx0u4plzkbu,binghamton-university,Binghamton University,,SUCCESS,2026,BASE,,https://binghamtonbearcats.com/sports/baseball/roster,34,34,100.0,34,100.0,7,16,7,4,0,0,
cmosownis0002qtuoado2ywvj,boston-college,Boston College,,SUCCESS,2026,PROBED_YEAR,,https://bceagles.com/sports/baseball/roster/2026,41,41,100.0,41,100.0,8,16,4,7,6,0,
cmrxrdvu2000vqtx0llh19pjp,bryant-university,Bryant University,,SUCCESS,2027,PROBED_YEAR,,https://bryantbulldogs.com/sports/baseball/roster/2027,34,34,100.0,34,100.0,9,8,11,4,2,0,
cmrxrduvx0003qtx0soqp80bp,california-polytechnic-state-university,California Polytechnic State University,,SUCCESS,2026,PROBED_YEAR,,https://gopoly.com/sports/baseball/roster/2026,36,36,100.0,36,100.0,13,7,10,3,3,0,
cmrxrdw430013qtx0u2zt3hnb,california-state-university-bakersfield,"California State University, Bakersfield",,SUCCESS,2026,BASE,,https://gorunners.com/sports/baseball/roster,41,41,100.0,0,0.0,9,4,14,10,4,0,
cmrxrdv5k000bqtx0jc47e0av,california-state-university-fullerton,"California State University, Fullerton",,SUCCESS,2026,BASE,,https://fullertontitans.com/sports/baseball/roster,38,38,100.0,38,100.0,7,9,9,13,0,0,
cmrxrdwbg0019qtx065a7nbkc,california-state-university-long-beach,"California State University, Long Beach",,SUCCESS,2026,BASE,,https://longbeachstate.com/sports/baseball/roster,41,40,97.6,40,97.6,10,12,8,7,3,1,
cmrxrdvwg000xqtx06ncrelya,california-state-university-northridge,"California State University, Northridge",,SUCCESS,2026,PROBED_YEAR,,https://gomatadors.com/sports/baseball/roster/2026,36,36,100.0,36,100.0,11,9,9,6,1,0,
cmrxrdv0r0007qtx0b7ij6uib,california-state-university-sacramento,"California State University, Sacramento",,SUCCESS,2026,BASE,,https://hornetsports.com/sports/baseball/roster,40,40,100.0,40,100.0,4,11,12,13,0,0,
cmorirv5q0012qtm028k9yq81,campbell-university,Campbell University,,SUCCESS,2026,BASE,,https://gocamels.com/sports/baseball/roster,42,42,100.0,42,100.0,3,8,19,12,0,0,
cmou6tv0p00b8qti0d062ek6f,charleston-southern-university,Charleston Southern University,,SUCCESS,2026,BASE,,https://csusports.com/sports/baseball/roster,41,41,100.0,41,100.0,10,6,13,7,5,0,
cmorihuzp0005qth8tz9l0qy6,clemson-university,Clemson University,,SUCCESS,2026,BASE,,https://clemsontigers.com/sports/baseball/roster,40,40,100.0,40,100.0,14,5,13,5,3,0,
cmorihv1b0008qth8h0fs6y1x,college-of-charleston,College of Charleston,,SUCCESS,2026,BASE,,https://cofcsports.com/sports/baseball/roster,38,38,100.0,38,100.0,11,9,9,3,6,0,
cmrxrdx7p001zqtx0379bykwu,coppin-state-university,Coppin State University,,SUCCESS,2026,BASE,,https://coppinstatesports.com/sports/baseball/roster,28,28,100.0,28,100.0,3,6,12,6,1,0,
cmou6ba3a00ahqtic1dy2e7bu,creighton-university,Creighton University,,SUCCESS,2026,PROBED_YEAR,,https://gocreighton.com/sports/baseball/roster/2026,37,37,100.0,37,100.0,9,7,10,4,7,0,
cmou65q68008hqt1on0mn17uq,davidson-college,Davidson College,,SUCCESS,2026,BASE,,https://davidsonwildcats.com/sports/baseball/roster,41,41,100.0,41,100.0,10,13,12,6,0,0,
cmoriruyp000nqtm0g4gkgqwd,duke-university,Duke University,,SUCCESS,2026,PROBED_YEAR,,https://goduke.com/sports/baseball/roster/2026,44,44,100.0,44,100.0,7,12,10,4,11,0,
cmorirv02000qqtm0792m94ry,east-carolina-university,East Carolina University,,SUCCESS,2026,BASE,,https://ecupirates.com/sports/baseball/roster,41,41,100.0,41,100.0,9,10,13,8,1,0,
cmou692a7009nqt1gx1fvng63,eastern-kentucky-university,Eastern Kentucky University,,SUCCESS,2027,BASE,,https://ekusports.com/sports/baseball/roster,37,37,100.0,37,100.0,5,12,12,8,0,0,
cmou72rea00c5qtt8bv7rh2o3,elon-university,Elon University,,SUCCESS,2027,BASE,,https://elonphoenix.com/sports/baseball/roster,24,24,100.0,24,100.0,3,6,9,6,0,0,
cmou57eba007tqtdwnzaxnsg8,florida-atlantic-university,Florida Atlantic University,,SUCCESS,2027,BASE,,https://fausports.com/sports/baseball/roster,38,38,100.0,38,100.0,6,12,8,7,5,0,
cmou692bn009qqt1g825aij0e,florida-gulf-coast-university,Florida Gulf Coast University,,SUCCESS,2027,BASE,,https://fgcuathletics.com/sports/baseball/roster,38,37,97.4,0,0.0,6,6,15,10,0,1,
cmosownpr000eqtuok3wn4xee,florida-state-university,Florida State University,,SUCCESS,2026,BASE,,https://seminoles.com/sports/baseball/roster/,38,38,100.0,38,100.0,9,8,14,7,0,0,
cmou65q9a008nqt1ohbgyxbpf,fordham-university,Fordham University,,SUCCESS,2026,BASE,,https://fordhamsports.com/sports/baseball/roster,37,37,100.0,37,100.0,9,13,7,3,5,0,
cmou6tv2500bbqti0uzylvved,gardner-webb-university,Gardner-Webb University,,SUCCESS,2026,BASE,,https://gwusports.com/sports/baseball/roster,51,51,100.0,51,100.0,7,8,18,17,1,0,
cmou65qaq008qqt1oh4skw4mn,george-mason-university,George Mason University,,SUCCESS,2027,BASE,,https://gomason.com/sports/baseball/roster,36,36,100.0,13,36.1,15,5,8,6,2,0,
cmou65qc7008tqt1otrt39c9e,george-washington-university,George Washington University,,SUCCESS,2027,BASE,,https://gwsports.com/sports/baseball/roster,36,36,100.0,36,100.0,7,9,9,9,2,0,
cmou6ba6000anqticmefr3evw,georgetown-university,Georgetown University,,SUCCESS,2026,BASE,,https://guhoyas.com/sports/baseball/roster,39,39,100.0,36,92.3,7,7,5,6,14,0,
cmorirv9s001bqtm0xz16xnel,georgia-tech,Georgia Tech,,SUCCESS,2026,BASE,,https://ramblinwreck.com/sports/m-basebl/roster/,36,36,100.0,36,100.0,9,10,12,4,1,0,
cmorirv4e000zqtm091dbu3g3,high-point-university,High Point University,,SUCCESS,2027,BASE,,https://highpointpanthers.com/sports/baseball/roster,22,22,100.0,22,100.0,0,4,6,12,0,0,
cmrxrdvfe000jqtx0aajwcz1y,hofstra-university,Hofstra University,,SUCCESS,2026,BASE,,https://gohofstra.com/sports/baseball/roster,35,35,100.0,35,100.0,9,14,5,5,2,0,
cmoss3ue6002tqtaoogo4t1i5,indiana-university,Indiana University,,SUCCESS,2026,PROBED_YEAR,,https://iuhoosiers.com/sports/baseball/roster/2026,44,44,100.0,44,100.0,17,11,5,5,6,0,
cmrxrdwgj001dqtx07c74syg6,iona-university,Iona University,,SUCCESS,2027,BASE,,https://ionagaels.com/sports/baseball/roster,24,24,100.0,24,100.0,0,10,7,6,1,0,
cmou692cy009tqt1gvkh1u2u0,jacksonville-university,Jacksonville University,,SUCCESS,2026,BASE,,https://judolphins.com/sports/baseball/roster,35,35,100.0,35,100.0,7,4,11,9,4,0,
cmosun06w004wqtlghra8useq,kansas-state-university,Kansas State University,,SUCCESS,2027,PROBED_YEAR,,https://www.kstatesports.com/sports/baseball/roster/2027,36,36,100.0,32,88.9,7,7,10,12,0,0,
cmrxrdwix001fqtx0yvg19whw,la-salle-university,La Salle University,,SUCCESS,2026,BASE,,https://goexplorers.com/sports/baseball/roster,48,48,100.0,47,97.9,20,8,12,4,4,0,
cmrxrdvrp000tqtx04pi8umsn,lindenwood-university,Lindenwood University,,SUCCESS,2024,BASE,,https://lindenwoodsl-sports.com/sports/baseball/roster,38,38,100.0,38,100.0,6,7,13,10,2,0,
cmrxrdvmr000pqtx039avvtsm,lipscomb-university,Lipscomb University,,PARTIAL,2027,BASE,,https://lipscombsports.com/sports/baseball/roster,33,21,63.6,21,63.6,0,5,6,9,1,12,
cmou6tv4y00bhqti0f4aa9zgu,longwood-university,Longwood University,,SUCCESS,2026,BASE,,https://longwoodlancers.com/sports/baseball/roster,40,40,100.0,40,100.0,11,9,9,5,6,0,
cmrxrdx2r001vqtx0g26ttkv4,mercyhurst-university,Mercyhurst University,,SUCCESS,2026,BASE,,https://hurstathletics.com/sports/baseball/roster,49,49,100.0,0,0.0,15,12,14,3,5,0,
cmoss3ujo0035qtaocvcas0pr,michigan-state-university,Michigan State University,,SUCCESS,2026,PROBED_YEAR,,https://msuspartans.com/sports/baseball/roster/2026,32,32,100.0,32,100.0,11,5,8,4,4,0,
cmou72rfn00c8qtt8hwktn20p,monmouth-university,Monmouth University,,SUCCESS,2026,BASE,,https://monmouthhawks.com/sports/baseball/roster,41,41,100.0,41,100.0,6,9,10,11,5,0,
cmrxrdwvd001pqtx0ya8nunsf,new-jersey-institute-of-technology,New Jersey Institute of Technology,,SUCCESS,2026,BASE,,https://njithighlanders.com/sports/baseball/roster,38,38,100.0,38,100.0,12,9,6,9,2,0,
cmou72rh100cbqtt8n0exf72o,north-carolina-at-state-university,North Carolina A&T State University,,SUCCESS,2026,BASE,,https://ncataggies.com/sports/baseball/roster,35,35,100.0,34,97.1,8,11,6,5,5,0,
cmoriruxc000kqtm0j7aburmj,north-carolina-state-university,North Carolina State University,,SUCCESS,2026,PROBED_YEAR,,https://gopack.com/sports/baseball/roster/2026,35,35,100.0,34,97.1,12,7,12,3,1,0,
cmrxrdwqb001lqtx0a6eckvlu,north-dakota-state-university,North Dakota State University,,SUCCESS,2026,PROBED_YEAR,,https://gobison.com/sports/baseball/roster/2026,39,39,100.0,39,100.0,8,10,12,9,0,0,
cmoss3uno003eqtaonzgvlr9p,northwestern-university,Northwestern University,,NO_ROSTER,2026,BASE,,https://nusports.com/sports/baseball/roster,7,2,28.6,0,0.0,0,3,2,0,2,0,
cmoss3upc003hqtaoe5fltxdq,ohio-state-university,Ohio State University,,SUCCESS,2026,BASE,,https://ohiostatebuckeyes.com/sports/baseball/roster,36,36,100.0,36,100.0,6,4,17,5,4,0,
cmosun087004zqtlg8mhr1z8t,oklahoma-state-university,Oklahoma State University,,SUCCESS,2026,PROBED_YEAR,,https://okstate.com/sports/baseball/roster/2026,42,42,100.0,42,100.0,16,11,10,5,0,0,
cmrxrdvp7000rqtx0daczfc3a,oral-roberts-university,Oral Roberts University,,SUCCESS,2026,BASE,,https://oruathletics.com/sports/baseball/roster,36,36,100.0,0,0.0,8,9,5,13,1,0,
cmoss3uqn003kqtaoaqh1o3af,penn-state-university,Penn State University,,SUCCESS,2027,BASE,,https://gopsusports.com/sports/baseball/roster,38,38,100.0,38,100.0,15,5,8,9,1,0,
cmou6tv6d00bkqti0fqrjrjwf,presbyterian-college,Presbyterian College,,SUCCESS,2026,BASE,,https://gobluehose.com/sports/baseball/roster,39,39,100.0,39,100.0,10,11,12,6,0,0,
cmoss3urx003nqtaoxvvgb7e1,purdue-university,Purdue University,,SUCCESS,2026,BASE,,https://purduesports.com/sports/baseball/roster,37,37,100.0,37,100.0,8,4,9,15,1,0,
cmorj0gul002nqtioftxuxef1,queens-university-of-charlotte,Queens University of Charlotte,,SUCCESS,2027,BASE,,https://queensathletics.com/sports/baseball/roster,18,18,100.0,18,100.0,0,6,5,6,1,0,
cmou57eem007zqtdwx7f8coft,rice-university,Rice University,,SUCCESS,2027,BASE,,https://riceowls.com/sports/baseball/roster,28,28,100.0,28,100.0,0,5,9,11,3,0,
cmoss3ut9003qqtaoy83jq2k5,rutgers-university,Rutgers University,,SUCCESS,2026,PROBED_YEAR,,https://scarletknights.com/sports/baseball/roster/2026,39,39,100.0,39,100.0,11,10,6,9,3,0,
cmou65qhy0095qt1ownoailh2,saint-josephs-university,Saint Joseph's University,,SUCCESS,2026,BASE,,https://sjuhawks.com/sports/baseball/roster,34,34,100.0,34,100.0,6,14,7,6,1,0,
cmou65qje0098qt1ozah8sdhb,saint-louis-university,Saint Louis University,,SUCCESS,2027,PROBED_YEAR,,https://slubillikens.com/sports/baseball/roster/2027,20,20,100.0,20,100.0,1,5,5,8,1,0,
cmou6babe00azqtic7ata0fs3,seton-hall-university,Seton Hall University,,SUCCESS,2026,BASE,,https://shupirates.com/sports/baseball/roster,37,37,100.0,37,100.0,8,8,11,3,7,0,
cmrxrdw6m0015qtx0zyuxvglp,south-dakota-state-university,South Dakota State University,,SUCCESS,2026,PROBED_YEAR,,https://gojacks.com/sports/baseball/roster/2026,34,34,100.0,34,100.0,11,10,9,3,1,0,
cmrxrdv340009qtx0x5dk7ink,southern-illinois-university-edwardsville,Southern Illinois University Edwardsville,,SUCCESS,2026,BASE,,https://siuecougars.com/sports/baseball/roster,35,35,100.0,35,100.0,7,5,12,6,5,0,
cmrxrdwsw001nqtx08hnau9es,st-bonaventure-university,St. Bonaventure University,,SUCCESS,2026,BASE,,https://gobonnies.com/sports/baseball/roster,34,34,100.0,34,100.0,7,2,14,11,0,0,
cmou6baa000awqticynlwrngm,st-johns-university,St. John's University,,SUCCESS,2026,LINKED_YEAR,,https://redstormsports.com/sports/baseball/roster/2026,38,38,100.0,38,100.0,8,11,14,3,2,0,
cmosowo1h0012qtuoqpb2b897,stanford-university,Stanford University,,SUCCESS,2027,BASE,,https://gostanford.com/sports/baseball/roster,25,25,100.0,25,100.0,0,10,8,7,0,0,
cmou692j100a5qt1gjzdz1gj8,stetson-university,Stetson University,,SUCCESS,2027,BASE,,https://gohatters.com/sports/baseball/roster,39,39,100.0,39,100.0,12,10,13,3,1,0,
cmou72rjw00chqtt8k4ykpna3,stony-brook-university,Stony Brook University,,SUCCESS,2027,BASE,,https://stonybrookathletics.com/sports/baseball/roster,31,31,100.0,14,45.2,10,7,7,6,1,0,
cmosun09h0052qtlg5joyoy43,tcu,TCU,,SUCCESS,2026,PROBED_YEAR,,https://gofrogs.com/sports/baseball/roster/2026,34,34,100.0,34,100.0,8,11,5,7,3,0,
cmosun0ar0055qtlg6xlvphkd,texas-tech-university,Texas Tech University,,SUCCESS,2026,BASE,,https://texastech.com/sports/baseball/roster,36,36,100.0,36,100.0,7,10,13,4,2,0,
cmou72rlc00ckqtt8h1zgkmzj,towson-university,Towson University,,SUCCESS,2026,PROBED_YEAR,,https://towsontigers.com/sports/baseball/roster/2026,35,35,100.0,35,100.0,4,6,15,10,0,0,
cmou57ekc0088qtdwzjnvgm0x,tulane-university,Tulane University,,SUCCESS,2027,BASE,,https://tulanegreenwave.com/sports/baseball/roster,14,14,100.0,14,100.0,0,3,6,4,1,0,
cmosun0c10058qtlgn2wdysws,ucf,UCF,,SUCCESS,2026,BASE,,https://ucfknights.com/sports/baseball/roster,40,40,100.0,40,100.0,16,2,7,15,0,0,
cmossumqt003zqtpgyjdtn02c,ucla,UCLA,,SUCCESS,2026,BASE,,https://uclabruins.com/sports/baseball/roster,40,40,100.0,40,100.0,13,5,15,5,2,0,
cmou6tv9900bqqti0wabo0574,unc-asheville,UNC Asheville,,SUCCESS,2026,BASE,,https://uncabulldogs.com/sports/baseball/roster,32,32,100.0,32,100.0,5,10,10,7,0,0,
cmou6tvap00btqti0249q1z1i,usc-upstate,USC Upstate,,SUCCESS,2026,PROBED_YEAR,,https://upstatespartans.com/sports/baseball/roster/2026,36,36,100.0,36,100.0,6,8,11,11,0,0,
cmrxrdwnt001jqtx0jpkx0ldj,university-at-albany-suny,"University at Albany, SUNY",,SUCCESS,2026,BASE,,https://ualbanysports.com/sports/baseball/roster,31,31,100.0,31,100.0,11,8,8,4,0,0,
cmou57e6p007kqtdwt7q4s4pg,university-of-alabama-at-birmingham,University of Alabama at Birmingham,,SUCCESS,2027,PROBED_YEAR,,https://uabsports.com/sports/baseball/roster/2027,39,39,100.0,39,100.0,9,6,16,5,3,0,
cmosownle0005qtuo0gwfge3i,university-of-california-berkeley,University of California Berkeley,,SUCCESS,2026,BASE,,https://calbears.com/sports/baseball/roster,43,43,100.0,43,100.0,19,9,7,5,3,0,
cmrxrdvk9000nqtx0lx6defy3,university-of-california-davis,"University of California, Davis",,SUCCESS,2026,BASE,,https://ucdavisaggies.com/sports/baseball/roster,36,36,100.0,36,100.0,10,10,7,8,1,0,
cmrxrdvai000fqtx0tjvyddkn,university-of-california-irvine,"University of California, Irvine",,SUCCESS,2026,BASE,,https://ucirvinesports.com/sports/baseball/roster,40,40,100.0,40,100.0,10,11,12,7,0,0,
cmrxrdwle001hqtx0ihflj3q4,university-of-california-riverside,"University of California, Riverside",,SUCCESS,2026,PROBED_YEAR,,https://gohighlanders.com/sports/baseball/roster/2026,33,33,100.0,0,0.0,5,8,10,9,1,0,
cmrxrduyd0005qtx0u3n2kvu5,university-of-california-san-diego,"University of California, San Diego",,SUCCESS,2026,BASE,,https://ucsdtritons.com/sports/baseball/roster,40,40,100.0,0,0.0,11,10,11,4,4,0,
cmrxrduq30001qtx0txnjqhcr,university-of-california-santa-barbara,"University of California, Santa Barbara",,SUCCESS,2026,BASE,,https://ucsbgauchos.com/sports/baseball/roster,43,43,100.0,43,100.0,15,9,10,7,2,0,
cmou6928r009kqt1gue4f9xf1,university-of-central-arkansas,University of Central Arkansas,,SUCCESS,2026,BASE,,https://ucasports.com/sports/baseball/roster,44,44,100.0,43,97.7,8,11,15,7,3,0,
cmosun032004nqtlg3uum11pe,university-of-cincinnati,University of Cincinnati,,SUCCESS,2026,BASE,,https://gobearcats.com/sports/baseball/roster,38,38,100.0,38,100.0,13,12,8,5,0,0,
cmou6ba1v00aeqticcud1v7g6,university-of-connecticut,University of Connecticut,,SUCCESS,2026,PROBED_YEAR,,https://uconnhuskies.com/sports/baseball/roster/2026,38,38,100.0,38,100.0,6,12,14,2,4,0,
cmou65q7u008kqt1ooxam21og,university-of-dayton,University of Dayton,,SUCCESS,2027,BASE,,https://daytonflyers.com/sports/baseball/roster,39,39,100.0,23,59.0,8,9,15,5,2,0,
cmrxrdw900017qtx0ewpnxj0f,university-of-delaware,University of Delaware,,SUCCESS,2027,PROBED_YEAR,,https://bluehens.com/sports/baseball/roster/2027,37,37,100.0,37,100.0,9,6,9,13,0,0,
cmrxrdvd1000hqtx0ujdpix6y,university-of-hawaii-at-manoa,University of Hawaii at Manoa,,SUCCESS,2026,BASE,,https://hawaiiathletics.com/sports/baseball/roster,38,38,100.0,38,100.0,5,3,14,10,6,0,
cmosun04b004qqtlg5tbn4tad,university-of-houston,University of Houston,,SUCCESS,2026,PROBED_YEAR,,https://uhcougars.com/sports/baseball/roster/2026,40,38,95.0,38,95.0,10,7,10,11,0,2,
cmoss3ucp002qqtaoodp62vry,university-of-illinois,University of Illinois,,SUCCESS,2026,BASE,,https://fightingillini.com/sports/baseball/roster,34,34,100.0,34,100.0,6,6,11,8,3,0,
cmoss3ufl002wqtaoqkam7j3s,university-of-iowa,University of Iowa,,SUCCESS,2027,BASE,,https://hawkeyesports.com/sports/baseball/roster,38,38,100.0,38,100.0,7,10,11,10,0,0,
cmosun05l004tqtlgtp5puhg6,university-of-kansas,University of Kansas,,SUCCESS,2026,PROBED_YEAR,,https://kuathletics.com/sports/baseball/roster/2026,35,35,100.0,35,100.0,7,8,13,5,2,0,
cmosownsl000kqtuo6bkrgo88,university-of-louisville,University of Louisville,,SUCCESS,2026,BASE,,https://gocards.com/sports/baseball/roster,43,43,100.0,43,100.0,9,5,25,4,0,0,
cmrxrdvhu000lqtx0973fnlz5,university-of-maine,University of Maine,,SUCCESS,2026,PROBED_YEAR,,https://goblackbears.com/sports/baseball/roster/2026,37,37,100.0,37,100.0,11,10,7,8,1,0,
cmoss3ugz002zqtao0glr6o9h,university-of-maryland,University of Maryland,,SUCCESS,2026,PROBED_YEAR,,https://umterps.com/sports/baseball/roster/2026,40,40,100.0,40,100.0,13,14,11,2,0,0,
cmrxrdvz1000zqtx0yzrzqat7,university-of-maryland-baltimore-county,"University of Maryland, Baltimore County",,SUCCESS,2026,BASE,,https://umbcretrievers.com/sports/baseball/roster,34,34,100.0,34,100.0,8,7,10,5,4,0,
cmrxrdw1m0011qtx0h775gxd1,university-of-massachusetts-lowell,University of Massachusetts Lowell,,SUCCESS,2026,BASE,,https://goriverhawks.com/sports/baseball/roster,35,33,94.3,33,94.3,12,5,7,7,4,0,
cmou57ed3007wqtdwo9u0rnod,university-of-memphis,University of Memphis,,SUCCESS,2026,PROBED_YEAR,,https://gotigersgo.com/sports/baseball/roster/2026,38,38,100.0,38,100.0,7,6,10,7,8,0,
cmosownu4000nqtuowsumxl0o,university-of-miami,University of Miami,,SUCCESS,2026,BASE,,https://miamihurricanes.com/sports/baseball/roster/,34,34,100.0,34,100.0,9,7,8,7,3,0,
cmoss3uib0032qtaobpuy0tpv,university-of-michigan,University of Michigan,,SUCCESS,2026,PROBED_YEAR,,https://mgoblue.com/sports/baseball/roster/2026,41,41,100.0,41,100.0,14,11,9,5,2,0,
cmoss3ul10038qtao9tzgk83e,university-of-minnesota,University of Minnesota,,SUCCESS,2026,BASE,,https://gophersports.com/sports/baseball/roster,35,34,97.1,34,97.1,7,4,8,14,1,1,
cmoss3ume003bqtaosl7ef19d,university-of-nebraska,University of Nebraska,,SUCCESS,2026,BASE,,https://huskers.com/sports/baseball/roster,41,41,100.0,41,100.0,10,9,12,10,0,0,
cmrxrdwe3001bqtx0wvam2rmc,university-of-nebraska-omaha,University of Nebraska Omaha,,SUCCESS,2027,BASE,,https://omavs.com/sports/baseball/roster,11,11,100.0,9,81.8,0,2,5,2,2,0,
cmrxrdx57001xqtx0ghdsnofv,university-of-new-haven,University of New Haven,,SUCCESS,2026,BASE,,https://newhavenchargers.com/sports/baseball/roster,35,35,100.0,0,0.0,12,4,9,9,1,0,
cmou692eh009wqt1gg1l67qtd,university-of-north-alabama,University of North Alabama,,SUCCESS,2026,BASE,,https://roarlions.com/sports/baseball/roster,39,39,100.0,0,0.0,5,5,13,11,5,0,
cmorihv5i000hqth8642hp9ga,university-of-north-carolina-at-chapel-hill,University of North Carolina at Chapel Hill,,SUCCESS,2026,BASE,,https://goheels.com/sports/baseball/roster,38,38,100.0,38,100.0,14,6,10,5,3,0,
cmou57e8c007nqtdwb5t9ewz1,university-of-north-carolina-at-charlotte,University of North Carolina at Charlotte,,SUCCESS,2026,BASE,,https://charlotte49ers.com/sports/baseball/roster,31,31,100.0,31,100.0,2,5,10,10,4,0,
cmou692fz009zqt1goeu3cfla,university-of-north-florida,University of North Florida,,SUCCESS,2026,PROBED_YEAR,,https://unfospreys.com/sports/baseball/roster/2026,39,39,100.0,39,100.0,8,7,13,10,1,0,
cmrxrdx0d001tqtx0klndcy97,university-of-northern-colorado,University of Northern Colorado,,SUCCESS,2026,BASE,,https://uncbears.com/sports/baseball/roster,36,36,100.0,36,100.0,11,6,9,7,3,0,
cmosownyi000wqtuo71ef7lg9,university-of-notre-dame,University of Notre Dame,,SUCCESS,2026,BASE,,https://fightingirish.com/sports/baseball/roster,35,35,100.0,35,100.0,12,10,6,1,6,0,
cmossumtm0045qtpg75518v32,university-of-oregon,University of Oregon,,SUCCESS,2026,PROBED_YEAR,,https://goducks.com/sports/baseball/roster/2026,40,40,100.0,40,100.0,13,12,8,7,0,0,
cmosowo02000zqtuorrxcus33,university-of-pittsburgh,University of Pittsburgh,,SUCCESS,2026,BASE,,https://pittsburghpanthers.com/sports/baseball/roster,38,38,100.0,38,100.0,5,4,9,13,7,0,
cmou65qf4008zqt1oaxiecdfx,university-of-rhode-island,University of Rhode Island,,SUCCESS,2026,BASE,,https://gorhody.com/sports/baseball/roster,42,42,100.0,42,100.0,10,11,17,3,1,0,
cmou65qgi0092qt1ovyrn305w,university-of-richmond,University of Richmond,,SUCCESS,2026,BASE,,https://richmondspiders.com/sports/baseball/roster,40,40,100.0,40,100.0,14,7,6,3,10,0,
cmou57eg60082qtdwkr4v7bz1,university-of-south-florida,University of South Florida,,SUCCESS,2026,LINKED_YEAR,,https://gousfbulls.com/sports/baseball/roster/2026,41,41,100.0,41,100.0,11,3,15,12,0,0,
cmossums80042qtpg69u7kaqh,university-of-southern-california,University of Southern California,,SUCCESS,2026,BASE,,https://usctrojans.com/sports/baseball/roster,40,40,100.0,40,100.0,14,10,12,1,3,0,
cmrxrdwxt001rqtx0d6a23mph,university-of-st-thomas-minnesota,University of St. Thomas,,SUCCESS,2026,PROBED_YEAR,,https://tommiesports.com/sports/baseball/roster/2026,35,35,100.0,33,94.3,11,13,5,4,2,0,
cmou57elp008bqtdw5g9tglmv,university-of-texas-at-san-antonio,University of Texas at San Antonio,,SUCCESS,2026,BASE,,https://goutsa.com/sports/baseball/roster,40,40,100.0,40,100.0,8,10,9,11,2,0,
cmosun0dd005bqtlgtpmduubv,university-of-utah,University of Utah,,SUCCESS,2026,BASE,,https://utahutes.com/sports/baseball/roster,34,34,100.0,34,100.0,4,6,16,8,0,0,
cmorirvju001tqtm0jenypf9l,university-of-virginia,University of Virginia,,SUCCESS,2026,BASE,,https://virginiasports.com/sports/baseball/roster,41,41,100.0,41,100.0,14,7,13,3,4,0,
cmossumuy0048qtpgu11ho5mb,university-of-washington,University of Washington,,SUCCESS,2026,PROBED_YEAR,,https://gohuskies.com/sports/baseball/roster/2026,35,35,100.0,35,100.0,8,7,9,8,3,0,
cmou692kj00a8qt1gh5k57wkp,university-of-west-georgia,University of West Georgia,,SUCCESS,2026,BASE,,https://uwgathletics.com/sports/baseball/roster,42,42,100.0,42,100.0,8,5,15,14,0,0,
cmou6bacz00b2qtic8lqoxe2q,villanova-university,Villanova University,,SUCCESS,2026,BASE,,https://villanova.com/sports/baseball/roster,33,33,100.0,33,100.0,5,11,6,6,5,0,
cmou65qkx009bqt1o72evz4o4,virginia-commonwealth-university,Virginia Commonwealth University,,SUCCESS,2027,BASE,,https://vcuathletics.com/sports/baseball/roster,33,33,100.0,33,100.0,4,3,12,11,3,0,
cmorirvl8001wqtm0fnifyxse,virginia-tech,Virginia Tech,,SUCCESS,2027,LINKED_SEASON,,https://hokiesports.com/sports/baseball/roster/season/2027,42,42,100.0,42,100.0,14,8,10,9,1,0,
cmorirv2z000wqtm0syj9sq1f,wake-forest-university,Wake Forest University,,PARTIAL,2027,BASE,,https://godeacs.com/sports/baseball/roster,35,31,88.6,31,88.6,12,4,11,2,2,4,
cmosun0eo005eqtlg60tq9pxa,west-virginia-university,West Virginia University,,SUCCESS,2027,BASE,,https://wvusports.com/sports/baseball/roster,48,48,100.0,47,97.9,11,16,11,7,3,0,
cmou57en3008eqtdwv2nmtif8,wichita-state-university,Wichita State University,,SUCCESS,2026,BASE,,https://goshockers.com/sports/baseball/roster/2026,38,38,100.0,38,100.0,2,2,19,11,4,0,
cmorihv44000eqth8uy202g1u,winthrop-university,Winthrop University,,SUCCESS,2026,BASE,,https://winthropeagles.com/sports/baseball/roster,37,37,100.0,37,100.0,7,7,16,7,0,0,
cmou6baee00b5qtic8uzfufb4,xavier-university,Xavier University,,SUCCESS,2026,PROBED_YEAR,,https://goxavier.com/sports/baseball/roster/2026,42,42,100.0,42,100.0,9,9,13,8,3,0,
