collegeId,collegeName,collegeSlug,city,state,legacyDivision,programId,programDivision,collegeConference,programConference,baseballWebsiteUrl
cmou8bk6700mlqtuw9jg9v0hr,Alabama State University,alabama-state-university,Montgomery,AL,,cmou8bk7000mnqtuws5zp12wv,NCAA_D1,,SWAC,https://bamastatesports.com/sports/baseball
cmou8bk7r00moqtuw877oh8ym,Alcorn State University,alcorn-state-university,Lorman,MS,,cmou8bk8g00mqqtuwslfooi6r,NCAA_D1,,SWAC,https://alcornsports.com/sports/baseball
cmou3bz6n005oqtvovcdaj57a,Arkansas State University,arkansas-state-university,Jonesboro,AR,,cmou3bz7n005qqtvo0uxy0otj,NCAA_D1,,Sun Belt,https://astateredwolves.com/sports/baseball
cmosp9qds001iqtyg1wl3lj4x,Auburn University,auburn-university,Auburn,AL,,cmosp9qeg001kqtyg0f97o2ln,NCAA_D1,,SEC,https://auburntigers.com/sports/baseball
cmou7skej00frqtagr0af6s2l,Ball State University,ball-state-university,Muncie,IN,,cmou7skfe00ftqtagnd5b58qi,NCAA_D1,,MAC,https://ballstatesports.com/sports/baseball
cmosumzzu004fqtlg454szeg8,Baylor University,baylor-university,Waco,TX,,cmosun00i004hqtlgy3534tz1,NCAA_D1,,Big 12,https://baylorbears.com/sports/baseball
cmou6926p009fqt1gv6h5xaxk,Bellarmine University,bellarmine-university,Louisville,KY,,cmou6927d009hqt1g6ojn2uy0,NCAA_D1,,ASUN,https://athletics.bellarmine.edu/sports/baseball
cmou7wkoo00hxqt5s9a60o3y4,Belmont University,belmont-university,Nashville,TN,,cmou7wkpe00hzqt5sc29zbzub,NCAA_D1,,Missouri Valley,https://belmontbruins.com/sports/baseball
cmou3xrc4006oqt5s6xbcss6r,Boise State University,boise-state-university,Boise,ID,,cmou3xrdd006qqt5sc7anpsi2,NCAA_D1,,Mountain West,
cmou7wk9s00h3qt5skvjnlqhv,Bradley University,bradley-university,Peoria,IL,,cmou7wkah00h5qt5sn6z34r0h,NCAA_D1,,Missouri Valley,https://bradleybraves.com/sports/baseball
cmou7ekn200e3qtx8xqee53qh,Brown University,brown-university,Providence,RI,,cmou7eknp00e5qtx84ipuuxjh,NCAA_D1,,Ivy League,https://brownbears.com/sports/baseball
cmou853uk00kiqtiwr4lsp4p6,Bucknell University,bucknell-university,Lewisburg,PA,,cmou853v900kkqtiwu3parh8r,NCAA_D1,,Patriot League,https://bucknellbison.com/sports/baseball
cmou6b9zt00a9qticvdpbknf5,Butler University,butler-university,Indianapolis,IN,,cmou6ba0j00abqtic3zfv6xc8,NCAA_D1,,Big East,
cmou7y6to00iiqtoccnzql78p,California State University Fresno,california-state-university-fresno,Fresno,CA,,cmou7y6ud00ikqtoccagchujp,NCAA_D1,,Mountain West,https://gobulldogs.com/sports/baseball
cmorirv530010qtm0xxcup0nz,Campbell University,campbell-university,Buies Creek,NC,,cmorirv5q0012qtm028k9yq81,NCAA_D1,,CAA,https://gocamels.com/sports/baseball
cmou7g4yd00erqtkwsinl2cv7,Canisius University,canisius-university,Buffalo,NY,,cmou7g4z200etqtkw6aq7y21m,NCAA_D1,,MAAC,https://gogriffs.com/sports/baseball
cmorihuy70003qth8lteegu87,Clemson University,clemson-university,Clemson,SC,,cmorihuzp0005qth8tz9l0qy6,NCAA_D1,,ACC,https://clemsontigers.com/sports/baseball/
cmou3xres006rqt5sroo5bttq,Colorado State University,colorado-state-university,Fort Collins,CO,,cmou3xrff006tqt5spdnjoc3d,NCAA_D1,,Mountain West,
cmou7ekoe00e6qtx8h6vtazjr,Columbia University,columbia-university,New York,NY,,cmou7ekp200e8qtx8qlpcfsh3,NCAA_D1,,Ivy League,https://gocolumbialions.com/sports/baseball
cmou7ekpr00e9qtx8i7bf3vt3,Cornell University,cornell-university,Ithaca,NY,,cmou7ekqf00ebqtx86ws3y8rp,NCAA_D1,,Ivy League,https://cornellbigred.com/sports/baseball
cmou6ba2k00afqticpp034jhc,Creighton University,creighton-university,Omaha,NE,,cmou6ba3a00ahqtic1dy2e7bu,NCAA_D1,,Big East,https://gocreighton.com/sports/baseball
cmou7ekr400ecqtx87gfarbw6,Dartmouth College,dartmouth-college,Hanover,NH,,cmou7ekrs00eeqtx85mv4aiw4,NCAA_D1,,Ivy League,https://dartmouthsports.com/sports/baseball
cmou65q5g008fqt1ovrpzk161,Davidson College,davidson-college,Davidson,NC,,cmou65q68008hqt1on0mn17uq,NCAA_D1,,Atlantic 10,https://davidsonwildcats.com/sports/baseball
cmou7v13900goqtfg05v8bfsa,Delaware State University,delaware-state-university,Dover,DE,,cmou7v14000gqqtfg74wzxd9d,NCAA_D1,,MEAC,https://dsuhornets.com/sports/baseball
cmoriruy1000lqtm0hg80trqj,Duke University,duke-university,Durham,NC,,cmoriruyp000nqtm0g4gkgqwd,NCAA_D1,,ACC,https://goduke.com/sports/baseball
cmou87s0o00llqt8obrn2et5p,East Texas A&M University,east-texas-am-university,Commerce,TX,,cmou87s1f00lnqt8og9kmz6ie,NCAA_D1,,Southland,https://lionathletics.com/sports/baseball
cmou72rdk00c3qtt8y45siwr2,Elon University,elon-university,Elon,NC,,cmou72rea00c5qtt8bv7rh2o3,NCAA_D1,,CAA,https://elonphoenix.com/sports/baseball
cmou7g4zq00euqtkwd42cysuy,Fairfield University,fairfield-university,Fairfield,CT,,cmou7g50f00ewqtkwsbzcsid6,NCAA_D1,,MAAC,https://fairfieldstags.com/sports/baseball
cmou65q8l008lqt1ozzkwkjhm,Fordham University,fordham-university,Bronx,NY,,cmou65q9a008nqt1ohbgyxbpf,NCAA_D1,,Atlantic 10,https://fordhamsports.com/sports/baseball
cmou6ba5c00alqticm9m1ucs0,Georgetown University,georgetown-university,Washington,DC,,cmou6ba6000anqticmefr3evw,NCAA_D1,,Big East,https://guhoyas.com/sports/baseball
cmou3xrhd006xqt5sy8mx7xfp,Gonzaga University,gonzaga-university,Spokane,WA,,cmou3xrhz006zqt5svvnwi1wg,NCAA_D1,,West Coast Conference,https://gozags.com/sports/baseball
cmou8bkcv00mxqtuw4jh5usi0,Grambling State University,grambling-state-university,Grambling,LA,,cmou8bkdk00mzqtuw3pctg8sc,NCAA_D1,,SWAC,https://gsutigers.com/sports/baseball
cmou7eksh00efqtx82hcfwyn5,Harvard University,harvard-university,Cambridge,MA,,cmou7ekt600ehqtx8psyqlq39,NCAA_D1,,Ivy League,https://gocrimson.com/sports/baseball
cmosun0gl005iqtlg3rsb1jga,Iowa State University,iowa-state-university,Ames,IA,,cmosun0h8005kqtlgzn9zgzov,NCAA_D1,,Big 12,
cmou692c9009rqt1gyfzu2me9,Jacksonville University,jacksonville-university,Jacksonville,FL,,cmou692cy009tqt1gvkh1u2u0,NCAA_D1,,ASUN,https://judolphins.com/sports/baseball
cmou853xc00koqtiw191jfymh,Lafayette College,lafayette-college,Easton,PA,,cmou853xz00kqqtiw0169j0ad,NCAA_D1,,Patriot League,https://goleopards.com/sports/baseball
cmou853yn00krqtiwxft9rpx6,Lehigh University,lehigh-university,Bethlehem,PA,,cmou853zf00ktqtiwls9maf65,NCAA_D1,,Patriot League,https://lehighsports.com/sports/baseball
cmorirvly001xqtm0tzybydoz,Liberty University,liberty-university,Lynchburg,VA,,cmorirvmo001zqtm0q8nwguf6,NCAA_D1,,Conference USA,https://libertyflames.com/sports/baseball
cmou6tv4900bfqti0dl5zm88o,Longwood University,longwood-university,Farmville,VA,,cmou6tv4y00bhqti0f4aa9zgu,NCAA_D1,,Big South,https://longwoodlancers.com/sports/baseball
cmosp9qiy001uqtygr9z70e4d,Louisiana State University,louisiana-state-university,Baton Rouge,LA,,cmosp9qjl001wqtygay3k1f31,NCAA_D1,,SEC,https://lsusports.net/sports/bsb/
cmou7g51200exqtkwf7kuasw3,Manhattan University,manhattan-university,Bronx,NY,,cmou7g51s00ezqtkwxetc5qqx,NCAA_D1,,MAAC,https://gojaspers.com/sports/baseball
cmou7g52f00f0qtkwt9df4qnj,Marist University,marist-university,Poughkeepsie,NY,,cmou7g53400f2qtkwqmbg3tkd,NCAA_D1,,MAAC,https://goredfoxes.com/sports/baseball
cmou6ba6o00aoqticyii4x4fl,Marquette University,marquette-university,Milwaukee,WI,,cmou6ba7d00aqqticpdxjqz8q,NCAA_D1,,Big East,
cmou3bzgk0066qtvox0ta1p15,Marshall University,marshall-university,Huntington,WV,,cmou3bzhc0068qtvojrm3rzyk,NCAA_D1,,Sun Belt,https://herdzone.com/sports/baseball
cmou87s7p00lxqt8o8ol0m0nw,McNeese State University,mcneese-state-university,Lake Charles,LA,,cmou87s8g00lzqt8ofnxh0lqd,NCAA_D1,,Southland,https://mcneesesports.com/sports/baseball
cmorirvda001fqtm0bda9w5vn,Mercer University,mercer-university,Macon,GA,,cmorirve1001hqtm0mjm0p8oa,NCAA_D1,,SoCon,https://mercerbears.com/sports/baseball
cmou7zwf900jcqt18wr5yrl6b,Merrimack College,merrimack-college,North Andover,MA,,cmou7zwfz00jeqt18k733ahlx,NCAA_D1,,Northeast Conference,https://merrimackathletics.com/sports/baseball
cmou72rez00c6qtt8vg07t3mb,Monmouth University,monmouth-university,West Long Branch,NJ,,cmou72rfn00c8qtt8hwktn20p,NCAA_D1,,CAA,https://monmouthhawks.com/sports/baseball
cmou7g55900f6qtkwnbzbwha4,Niagara University,niagara-university,Niagara University,NY,,cmou7g55y00f8qtkwgjqz1y2q,NCAA_D1,,MAAC,https://purpleeagles.com/sports/baseball
cmou87sao00m3qt8o9ltpx7xj,Nicholls State University,nicholls-state-university,Thibodaux,LA,,cmou87sbe00m5qt8o3c4bkqxp,NCAA_D1,,Southland,https://geauxcolonels.com/sports/baseball
cmou7v16500guqtfgg29wl5pq,Norfolk State University,norfolk-state-university,Norfolk,VA,,cmou7v16v00gwqtfgg233rx6f,NCAA_D1,,MEAC,https://nsuspartans.com/sports/baseball
cmou7v17l00gxqtfg0hn9bpcu,North Carolina Central University,north-carolina-central-university,Durham,NC,,cmou7v18e00gzqtfgii9a1tv8,NCAA_D1,,MEAC,https://nccueaglepride.com/sports/baseball
cmou72rhq00ccqtt8mnchz644,Northeastern University,northeastern-university,Boston,MA,,cmou72rih00ceqtt8pvkwzi7n,NCAA_D1,,CAA,https://nuhuskies.com/sports/baseball
cmou7aqq300e0qt44815c4i48,Oakland University,oakland-university,Rochester,MI,,cmou7aqqy00e2qt44hyodugts,NCAA_D1,,Horizon League,https://goldengrizzlies.com/sports/baseball
cmou7skqk00gfqtagxrcr2y5r,Ohio University,ohio-university,Athens,OH,,cmou7skr800ghqtagxadkl54c,NCAA_D1,,MAC,https://ohiobobcats.com/sports/baseball
cmou8ea9700oiqt6sl6kxo6py,Pepperdine University,pepperdine-university,Malibu,CA,,cmou8ea9w00okqt6sxqte3yga,NCAA_D1,,West Coast Conference,https://pepperdinewaves.com/sports/baseball
cmou6tv5p00biqti096g6a7i8,Presbyterian College,presbyterian-college,Clinton,SC,,cmou6tv6d00bkqti0fqrjrjwf,NCAA_D1,,Big South,https://gobluehose.com/sports/baseball
cmou7ekvb00elqtx8wqvell5p,Princeton University,princeton-university,Princeton,NJ,,cmou7ekw100enqtx8836iwma7,NCAA_D1,,Ivy League,https://goprincetontigers.com/sports/baseball
cmoss3ura003lqtaodex5xyz9,Purdue University,purdue-university,West Lafayette,IN,,cmoss3urx003nqtaoxvvgb7e1,NCAA_D1,,Big Ten,https://purduesports.com/sports/baseball
cmou7g56n00f9qtkw20et5as4,Quinnipiac University,quinnipiac-university,Hamden,CT,,cmou7g57d00fbqtkw03owk44b,NCAA_D1,,MAAC,https://gobobcats.com/sports/baseball
cmou6tv7100blqti0ro2wk1tg,Radford University,radford-university,Radford,VA,,cmou6tv7r00bnqti0zdyxeksd,NCAA_D1,,Big South,https://radfordathletics.com/sports/baseball
cmou57edu007xqtdwf0oux6v3,Rice University,rice-university,Houston,TX,,cmou57eem007zqtdwx7f8coft,NCAA_D1,,AAC,https://riceowls.com/sports/baseball
cmou7g58200fcqtkwlr36bze7,Rider University,rider-university,Lawrenceville,NJ,,cmou7g58r00feqtkwnpsgaznj,NCAA_D1,,MAAC,https://gobroncs.com/sports/baseball
cmoss3usl003oqtaorrzcvm28,Rutgers University,rutgers-university,New Brunswick,NJ,,cmoss3ut9003qqtaoy83jq2k5,NCAA_D1,,Big Ten,https://scarletknights.com/sports/baseball
cmou7zwi600jiqt182wps2oyk,Saint Francis University,saint-francis-university,Loretto,PA,,cmou7zwix00jkqt18iaqsgumz,NCAA_D1,,Northeast Conference,https://sfuathletics.com/sports/baseball
cmou869xz00l9qtjkp3n01t3v,Samford University,samford-university,Birmingham,AL,,cmou869yo00lbqtjkmkyipunp,NCAA_D1,,SoCon,https://samfordsports.com/sports/baseball
cmou7g5c700flqtkwnuf1bsxy,Siena College,siena-college,Loudonville,NY,,cmou7g5cy00fnqtkwcn5qqhb9,NCAA_D1,,MAAC,https://sienasaints.com/sports/baseball
cmou7v19400h0qtfgytxc7nrk,South Carolina State University,south-carolina-state-university,Orangeburg,SC,,cmou7v19v00h2qtfg67xwvlf3,NCAA_D1,,MEAC,https://scsuathletics.com/sports/baseball
cmou8bkiv00n9qtuw67iv0p5k,Southern University and A&M College,southern-university-and-am-college,Baton Rouge,LA,,cmou8bkjn00nbqtuwq3i8eulz,NCAA_D1,,SWAC,https://gojagsports.com/sports/baseball
cmou8ctpc00o0qtlou8fzrbpg,Southern Utah University,southern-utah-university,Cedar City,UT,,cmou8ctq200o2qtlol6t2tipq,NCAA_D1,,WAC,https://suutbirds.com/sports/baseball
cmosowo0s0010qtuovb31mcy3,Stanford University,stanford-university,Stanford,CA,,cmosowo1h0012qtuoqpb2b897,NCAA_D1,,ACC,https://gostanford.com/sports/baseball
cmou692i900a3qt1ge0op0qbf,Stetson University,stetson-university,DeLand,FL,,cmou692j100a5qt1gjzdz1gj8,NCAA_D1,,ASUN,https://gohatters.com/sports/baseball
cmou7zwgq00jfqt18075d1yrp,Stonehill College,stonehill-college,Easton,MA,,cmou7zwhg00jhqt18u4dg2q1l,NCAA_D1,,Northeast Conference,https://stonehillskyhawks.com/sports/baseball
cmossgres0013qti43q75sz9x,Syracuse University,syracuse-university,Syracuse,NY,,cmossgrfi0015qti4tqm0lti8,NCAA_D1,,ACC,
cmou57egv0083qtdw0yqps6gp,Temple University,temple-university,Philadelphia,PA,,cmou57eix0085qtdwfpxjlw9q,NCAA_D1,,AAC,https://owlsports.com/sports/baseball
cmou72rkm00ciqtt8z62e367q,Towson University,towson-university,Towson,MD,,cmou72rlc00ckqtt8h1zgkmzj,NCAA_D1,,CAA,https://towsontigers.com/sports/baseball
cmou3bznt006lqtvom504k4vr,Troy University,troy-university,Troy,AL,,cmou3bzoj006nqtvow6hywsy4,NCAA_D1,,Sun Belt,https://troytrojans.com/sports/baseball
cmou57ejn0086qtdwaxqor803,Tulane University,tulane-university,New Orleans,LA,,cmou57ekc0088qtdwzjnvgm0x,NCAA_D1,,AAC,https://tulanegreenwave.com/sports/baseball
cmou7y6sb00ifqtoc8y5sldt8,United States Naval Academy,united-states-naval-academy,Annapolis,MD,,cmou7y6sz00ihqtocklg7uf6e,NCAA_D1,,Mountain West,https://navysports.com/sports/baseball
cmou7skcx00foqtagxk69btib,University of Akron,university-of-akron,Akron,OH,,cmou7skdr00fqqtagocs6xuw4,NCAA_D1,,MAC,https://gozips.com/sports/baseball
cmosun02f004lqtlg6en5evwj,University of Cincinnati,university-of-cincinnati,Cincinnati,OH,,cmosun032004nqtlg3uum11pe,NCAA_D1,,Big 12,https://gobearcats.com/sports/baseball
cmosun0fb005fqtlg6yhcnwdm,University of Colorado Boulder,university-of-colorado-boulder,Boulder,CO,,cmosun0fy005hqtlg6guheyu1,NCAA_D1,,Big 12,
cmou65q73008iqt1o6zbgwgae,University of Dayton,university-of-dayton,Dayton,OH,,cmou65q7u008kqt1ooxam21og,NCAA_D1,,Atlantic 10,https://daytonflyers.com/sports/baseball
cmou7wkb700h6qt5s0alseljc,University of Evansville,university-of-evansville,Evansville,IN,,cmou7wkbx00h8qt5sokuzgsz0,NCAA_D1,,Missouri Valley,https://gopurpleaces.com/sports/baseball
cmosun03o004oqtlgjeqvedtg,University of Houston,university-of-houston,Houston,TX,,cmosun04b004qqtlg5tbn4tad,NCAA_D1,,Big 12,https://uhcougars.com/sports/baseball
cmosp9qho001rqtyg0963f2ul,University of Kentucky,university-of-kentucky,Lexington,KY,,cmosp9qib001tqtygp6ddtgbs,NCAA_D1,,SEC,https://ukathletics.com/sports/baseball
cmou3bzf30063qtvo9lhvxev8,University of Louisiana at Lafayette,university-of-louisiana-at-lafayette,Lafayette,LA,,cmou3bzfu0065qtvodm01sdij,NCAA_D1,,Sun Belt,https://ragincajuns.com/sports/baseball
cmosownru000iqtuo4o7sl6mq,University of Louisville,university-of-louisville,Louisville,KY,,cmosownsl000kqtuo6bkrgo88,NCAA_D1,,ACC,https://gocards.com/sports/baseball
cmoss3uga002xqtaoeu7linqc,University of Maryland,university-of-maryland,College Park,MD,,cmoss3ugz002zqtao0glr6o9h,NCAA_D1,,Big Ten,https://umterps.com/sports/baseball
cmou57ece007uqtdws2374kvt,University of Memphis,university-of-memphis,Memphis,TN,,cmou57ed3007wqtdwo9u0rnod,NCAA_D1,,AAC,https://gotigersgo.com/sports/baseball
cmoss3ukd0036qtao5inxhdyw,University of Minnesota,university-of-minnesota,Minneapolis,MN,,cmoss3ul10038qtao9tzgk83e,NCAA_D1,,Big Ten,https://gophersports.com/sports/baseball
cmoss3ulp0039qtaosklsgdir,University of Nebraska,university-of-nebraska,Lincoln,NE,,cmoss3ume003bqtaosl7ef19d,NCAA_D1,,Big Ten,https://huskers.com/sports/baseball
cmorirv0y000rqtm0oi05g3yi,University of North Carolina Wilmington,university-of-north-carolina-wilmington,Wilmington,NC,,cmorirv1m000tqtm0dn123xhc,NCAA_D1,,CAA,https://uncwsports.com/sports/baseball
cmorihv4u000fqth8xhav3tg9,University of North Carolina at Chapel Hill,university-of-north-carolina-at-chapel-hill,Chapel Hill,NC,,cmorihv5i000hqth8642hp9ga,NCAA_D1,,ACC,https://goheels.com/sports/baseball
cmou7wkjz00hoqt5slulm7vp1,University of Northern Iowa,university-of-northern-iowa,Cedar Falls,IA,,cmou7wkkq00hqqt5swjrwwqte,NCAA_D1,,Missouri Valley,
cmou7ektw00eiqtx8aqk8pgdt,University of Pennsylvania,university-of-pennsylvania,Philadelphia,PA,,cmou7ekum00ekqtx8zgid0z1w,NCAA_D1,,Ivy League,https://pennathletics.com/sports/baseball
cmosownzc000xqtuoxng8rral,University of Pittsburgh,university-of-pittsburgh,Pittsburgh,PA,,cmosowo02000zqtuorrxcus33,NCAA_D1,,ACC,https://pittsburghpanthers.com/sports/baseball
cmou8eaal00olqt6ssp9uycb0,University of Portland,university-of-portland,Portland,OR,,cmou8eab900onqt6sr81s9tjj,NCAA_D1,,West Coast Conference,https://portlandpilots.com/sports/baseball
cmou65qft0090qt1oyy3qt0xa,University of Richmond,university-of-richmond,Richmond,VA,,cmou65qgi0092qt1ovyrn305w,NCAA_D1,,Atlantic 10,https://richmondspiders.com/sports/baseball
cmorirveq001iqtm00tv78mb7,University of Tennessee,university-of-tennessee,Knoxville,TN,,cmorirvfj001kqtm0id88nle9,NCAA_D1,,SEC,https://utsports.com/sports/baseball
cmou74gen00diqtbopd0cv1gz,University of Texas at El Paso,university-of-texas-at-el-paso,El Paso,TX,,cmou74gfe00dkqtboi4lonlfq,NCAA_D1,,Conference USA,https://utepminers.com/sports/baseball
cmou7skrx00giqtag4g0n7mer,University of Toledo,university-of-toledo,Toledo,OH,,cmou7sksm00gkqtag0c0v789p,NCAA_D1,,MAC,https://utrockets.com/sports/baseball
cmorirvj4001rqtm0u610tmnb,University of Virginia,university-of-virginia,Charlottesville,VA,,cmorirvju001tqtm0jenypf9l,NCAA_D1,,ACC,https://virginiasports.com/sports/baseball
cmoss3uty003rqtao20hszq6b,University of Wisconsin,wisconsin,Madison,WI,,cmoss3uul003tqtaotddkfhet,NCAA_D1,,Big Ten,
cmou7y70i00ixqtocvqf5dc9l,University of Wyoming,university-of-wyoming,Laramie,WY,,cmou7y71600izqtoch8lbz79k,NCAA_D1,,Mountain West,
cmou8eaho00p0qt6sjg4451ea,University of the Pacific,university-of-the-pacific,Stockton,CA,,cmou8eaid00p2qt6s4lh0kz0w,NCAA_D1,,West Coast Conference,https://pacifictigers.com/sports/baseball
cmou3xrmc0079qt5sgo4w6bdl,Utah State University,utah-state-university,Logan,UT,,cmou3xrmy007bqt5sdj6v1ac2,NCAA_D1,,Mountain West,
cmou7wkn100huqt5sh5w0xwo6,Valparaiso University,valparaiso-university,Valparaiso,IN,,cmou7wknu00hwqt5s4p8s9zzz,NCAA_D1,,Missouri Valley,https://valpoathletics.com/sports/baseball
cmorirvg7001lqtm0c5s97k3m,Vanderbilt University,vanderbilt-university,Nashville,TN,,cmorirvgy001nqtm003uf21dj,NCAA_D1,,SEC,https://vucommodores.com/sports/baseball
cmou6bacb00b0qtickdtwuqln,Villanova University,villanova-university,Villanova,PA,,cmou6bacz00b2qtic8lqoxe2q,NCAA_D1,,Big East,https://villanova.com/sports/baseball
cmou7zwjn00jlqt18mlkrxann,Wagner College,wagner-college,Staten Island,NY,,cmou7zwke00jnqt184bufb4dq,NCAA_D1,,Northeast Conference,https://wagnerathletics.com/sports/baseball
cmorihv3g000cqth80t0ywnkz,Winthrop University,winthrop-university,Rock Hill,SC,,cmorihv44000eqth8uy202g1u,NCAA_D1,,Big South,https://winthropeagles.com/sports/baseball
cmorihv200009qth8tpbw4u9n,Wofford College,wofford-college,Spartanburg,SC,,cmorihv2r000bqth8jevenygj,NCAA_D1,,SoCon,https://woffordterriers.com/sports/baseball
cmou6bado00b3qticrimagx0v,Xavier University,xavier-university,Cincinnati,OH,,cmou6baee00b5qtic8uzfufb4,NCAA_D1,,Big East,https://goxavier.com/sports/baseball
cmou7ekwq00eoqtx8hjslnjkg,Yale University,yale-university,New Haven,CT,,cmou7ekxf00eqqtx8xz654fgj,NCAA_D1,,Ivy League,https://yalebulldogs.com/sports/baseball
