slug,name,nickname,baseballWebsiteUrl,rosterUrl,scheduleUrl,campsUrl,questionnaireUrl,generalContactUrl,generalContactEmail,division,conference,logoUrl,programXUrl,programInstagramUrl,programYoutubeUrl,sourceUrl,discoveryStatus,discoveryNotes
binghamton-university,Binghamton University,,https://binghamtonbearcats.com/sports/baseball,https://binghamtonbearcats.com/roster.aspx?path=baseball,https://binghamtonbearcats.com/schedule.aspx?path=baseball,https://crackofthebatcamps.com/,https://binghamtonbearcats.com/index.aspx,https://binghamtonbearcats.com/staff.aspx,hartrick@binghamton.edu,NCAA_D1,,https://images.sidearmdev.com/convert?url=https%3a%2f%2fdxbhsrqyrr690.cloudfront.net%2fsidearm.nextgen.sites%2fbinghamton.sidearmsports.com%2fimages%2flogos%2fsite%2fsite.png&type=jpeg,https://x.com/BinghamtonBASE,https://instagram.com/binghamtonBASE,https://www.youtube.com/user/BinghamtonAthletics/videos,https://binghamtonbearcats.com/sports/baseball,FOUND,"Discovered: roster, schedule, camps, questionnaire, contact, X, Instagram, YouTube."
bryant-university,Bryant University,,https://bryantbulldogs.com/sports/baseball,https://bryantbulldogs.com/sports/baseball/roster,https://bryantbulldogs.com/sports/baseball/schedule,https://bryantbulldogs.com/sports/2024/6/22/bryant-athletics-camps.aspx,https://bryantbulldogs.com/sports/baseball,https://bryantbulldogs.com/sports/2024/5/17/staff-directory.aspx,jfriedman2@bryant.edu,NCAA_D1,,https://images.sidearmdev.com/convert?url=https%3a%2f%2fdbukjj6eu5tsf.cloudfront.net%2fsidearm.sites%2fbryantu.sidearmsports.com%2fimages%2flogos%2fsite%2fsite.png&type=jpeg,https://x.com/_BryantBaseball,https://instagram.com/Bryant_Baseball,,https://bryantbulldogs.com/sports/baseball,FOUND,"Discovered: roster, schedule, camps, questionnaire, contact, X, Instagram."
california-polytechnic-state-university,California Polytechnic State University,,https://gopoly.com/sports/baseball,https://gopoly.com/sports/baseball/roster,https://gopoly.com/sports/baseball/schedule/2026,https://gopoly.com/sports/2020/6/4/insideathletics-camps,http://my.armssoftware.com/arms/public/questionnaire/2bbfb412a984,https://gopoly.com/staff-directory,,NCAA_D1,,https://gopoly.com/images/logos/site/site.png,https://gopoly.com/api/v2/promotions/308/click?redirect=https%3a%2f%2fx.com%2fCPMustangs,https://gopoly.com/api/v2/promotions/309/click?redirect=https%3a%2f%2fwww.instagram.com%2fcpmustangs%2f,https://www.youtube.com/channel/UCpTjkdL7OGeyBW19DYHK-JA,https://gopoly.com/sports/baseball,FOUND,"Discovered: roster, schedule, camps, questionnaire, contact, X, Instagram, YouTube."
california-state-university-bakersfield,"California State University, Bakersfield",,https://gorunners.com/sports/baseball,https://gorunners.com/sports/baseball/roster,https://gorunners.com/sports/baseball/schedule,https://rowdygives.csub.edu/campaigns/roadrunner-advantage-fund,https://questionnaires.armssoftware.com/2ce30fe34df5,https://gorunners.com/staff-directory,,NCAA_D1,,https://images.sidearmdev.com/convert?url=https%3a%2f%2fdxbhsrqyrr690.cloudfront.net%2fsidearm.nextgen.sites%2fcsubake.sidearmsports.com%2fimages%2flogos%2fsite%2fsite.png&type=jpeg,https://x.com/CSUB_Baseball,https://instagram.com/csub.baseball,https://www.youtube.com/user/csubathletics,https://gorunners.com/sports/baseball,FOUND,"Discovered: roster, schedule, camps, questionnaire, contact, X, Instagram, YouTube."
california-state-university-fullerton,"California State University, Fullerton",,https://fullertontitans.com/sports/baseball,https://fullertontitans.com/sports/baseball/roster,https://fullertontitans.com/sports/baseball/schedule,https://fullertontitans.com/sports/2023/8/22/sport-camps.aspx,https://fullertontitans.com/,https://fullertontitans.com/staff-directory,,NCAA_D1,,https://images.sidearmdev.com/convert?url=https%3a%2f%2fdbukjj6eu5tsf.cloudfront.net%2fsidearm.sites%2fcsufullerton.sidearmsports.com%2fimages%2flogos%2fsite%2fsite.png&type=jpeg,https://x.com/FullertonBSB,https://instagram.com/fullertonbsb,,https://fullertontitans.com/sports/baseball,FOUND,"Discovered: roster, schedule, camps, questionnaire, contact, X, Instagram."
california-state-university-long-beach,"California State University, Long Beach",,https://longbeachstate.com/sports/baseball,https://longbeachstate.com/sports/baseball/roster,https://longbeachstate.com/sports/baseball/schedule,https://longbeachstate.com/sports/2018/7/31/camps-lbst-camps-html,https://questionnaires.armssoftware.com/275b1cfd1f07,https://longbeachstate.com/staff-directory,,NCAA_D1,,https://longbeachstate.com/images/logos/site/site.png,,https://www.instagram.com/p/Dayvr5NCkgG/,https://youtu.be/zSCo-MX85JU,https://longbeachstate.com/sports/baseball,FOUND,"Discovered: roster, schedule, camps, questionnaire, contact, Instagram, YouTube."
california-state-university-northridge,"California State University, Northridge",,https://gomatadors.com/sports/baseball,https://gomatadors.com/sports/baseball/roster,https://gomatadors.com/sports/baseball/schedule,https://www.playnsports.com/organization/100921/,https://gomatadors.com/sports/2016/10/5/recruit-questionnaire,https://gomatadors.com/staff-directory,,NCAA_D1,,https://gomatadors.com/images/logos/site/site.png,https://gomatadors.com/api/v2/promotions/161/click?redirect=https%3a%2f%2fx.com%2fGoMatadors,https://gomatadors.com/api/v2/promotions/162/click?redirect=https%3a%2f%2fwww.instagram.com%2fgomatadors,https://gomatadors.com/api/v2/promotions/163/click?redirect=https%3a%2f%2fwww.youtube.com%2f%40csunmatadors,https://gomatadors.com/sports/baseball,FOUND,"Discovered: roster, schedule, camps, questionnaire, contact, X, Instagram, YouTube."
california-state-university-sacramento,"California State University, Sacramento",,https://hornetsports.com/sports/baseball,https://hornetsports.com/sports/baseball/roster,https://hornetsports.com/sports/baseball/schedule,https://hornetbaseballcamps.totalcamps.com/shop/EVENT,https://hornetsports.com/sports/2022/6/21/fan-info-swarmquestionnaire.aspx,https://hornetsports.com/staff-directory,,NCAA_D1,,https://images.sidearmdev.com/convert?url=https%3a%2f%2fdxbhsrqyrr690.cloudfront.net%2fsidearm.nextgen.sites%2fhornetsports.com%2fimages%2flogos%2fsite%2fsite.png&type=jpeg,https://x.com/@SacStBaseball,https://instagram.com/sacstatebaseball,,https://hornetsports.com/sports/baseball,FOUND,"Discovered: roster, schedule, camps, questionnaire, contact, X, Instagram."
coppin-state-university,Coppin State University,,https://coppinstatesports.com/sports/baseball,https://coppinstatesports.com/sports/baseball/roster,https://coppinstatesports.com/sports/baseball/schedule,http://coppincamps.com/,https://coppinstatesports.com/sb_output.aspx?form=3,https://coppinstatesports.com/staff-directory,,NCAA_D1,,https://images.sidearmdev.com/convert?url=https%3a%2f%2fdxbhsrqyrr690.cloudfront.net%2fsidearm.nextgen.sites%2fcoppinstate.sidearmsports.com%2fimages%2flogos%2fsite%2fsite.png&type=jpeg,https://x.com/@Coppin_baseball,https://instagram.com/coppinstatebase,,https://coppinstatesports.com/sports/baseball,FOUND,"Discovered: roster, schedule, camps, questionnaire, contact, X, Instagram."
hofstra-university,Hofstra University,,https://gohofstra.com/sports/baseball,https://gohofstra.com/sports/baseball/roster,https://gohofstra.com/sports/baseball/schedule,https://www.ticketsmarter.com/hofstra-pride?utm_source=hofstrapride&utm_medium=dropdownlink&utm_campaign=partners,https://gohofstra.com/index.aspx,https://gohofstra.com/staff-directory,,NCAA_D1,,https://images.sidearmdev.com/convert?url=https%3a%2f%2fdxbhsrqyrr690.cloudfront.net%2fsidearm.nextgen.sites%2fhofstra.sidearmsports.com%2fimages%2flogos%2fsite%2fsite.png&type=jpeg,https://x.com/HofstraBaseball,https://instagram.com/HofstraBaseball,,https://gohofstra.com/sports/baseball,FOUND,"Discovered: roster, schedule, camps, questionnaire, contact, X, Instagram."
iona-university,Iona University,,https://ionagaels.com/sports/baseball,https://ionagaels.com/sports/baseball/roster,https://ionagaels.com/sports/baseball/schedule,https://ionacamps.com/,http://my.armssoftware.com/arms/public/questionnaire/57a41f7689c5,https://ionagaels.com/staff-directory,,NCAA_D1,,https://images.sidearmdev.com/convert?url=https%3a%2f%2fdxbhsrqyrr690.cloudfront.net%2fsidearm.nextgen.sites%2fionacollege.sidearmsports.com%2fimages%2flogos%2fsite%2fsite.png&type=jpeg,https://x.com/IonaBaseball,https://instagram.com/ionabaseball,,https://ionagaels.com/sports/baseball,FOUND,"Discovered: roster, schedule, camps, questionnaire, contact, X, Instagram."
la-salle-university,La Salle University,,https://goexplorers.com/sports/baseball,https://goexplorers.com/sports/baseball/roster,https://goexplorers.com/sports/baseball/schedule,https://goexplorers.com/,https://goexplorers.com/,https://goexplorers.com/staff-directory,,NCAA_D1,,https://images.sidearmdev.com/convert?url=https%3a%2f%2fdxbhsrqyrr690.cloudfront.net%2fsidearm.nextgen.sites%2flasalle.sidearmsports.com%2fimages%2flogos%2fsite%2fsite.png&type=jpeg,https://x.com/lasalle_bsb,https://instagram.com/lasalle_bsb,,https://goexplorers.com/sports/baseball,FOUND,"Discovered: roster, schedule, camps, questionnaire, contact, X, Instagram."
lindenwood-university,Lindenwood University,,https://lindenwoodsl-sports.com/sports/baseball,https://lindenwoodsl-sports.com/sports/baseball/roster,https://lindenwoodsl-sports.com/sports/baseball/schedule,https://www.lindenwoodlionscamps.com/,https://lindenwoodsl-sports.com/sb_output.aspx?form=3,https://lindenwoodsl-sports.com/staff-directory,,NCAA_D1,,https://images.sidearmdev.com/convert?url=https%3a%2f%2fdxbhsrqyrr690.cloudfront.net%2fsidearm.nextgen.sites%2flindenwoodsl-sports.com%2fimages%2flogos%2fsite%2fsite.png&type=jpeg,https://twitter.com/LU_Lions,,https://www.youtube.com/user/lindenwoodlions,https://lindenwoodsl-sports.com/sports/baseball,FOUND,"Discovered: roster, schedule, camps, questionnaire, contact, X, YouTube."
lipscomb-university,Lipscomb University,,https://lipscombsports.com/sports/baseball,https://lipscombsports.com/sports/baseball/roster,https://lipscombsports.com/sports/baseball/schedule,https://www.lipscombbaseballcamps.com/,https://docs.google.com/forms/d/e/1FAIpQLSekH0w_1uy7wj-RtjP2DfmreYDl48E9fFnm55cZoi9xGNI2DQ/viewform?c=0&w=1,https://lipscombsports.com/sports/baseball/coaches,,NCAA_D1,,https://lipscombsports.com/images/logos/site/site.png,https://lipscombsports.com/api/v2/promotions/10/click?redirect=https%3a%2f%2fx.com%2flipscombbisons,https://www.instagram.com/reel/DbG6WYzvqlU/,https://lipscombsports.com/api/v2/promotions/12/click?redirect=https%3a%2f%2fwww.youtube.com%2fchannel%2fUCnoPh7ocRHEZQyJfzUA-IDA,https://lipscombsports.com/sports/baseball,FOUND,"Discovered: roster, schedule, camps, questionnaire, contact, X, Instagram, YouTube."
mercyhurst-university,Mercyhurst University,,https://hurstathletics.com/sports/baseball,https://hurstathletics.com/sports/baseball/roster,https://hurstathletics.com/sports/baseball/schedule,https://hurstcamps.com/,https://my.armssoftware.com/arms/public/questionnaire/408de3495b08,https://hurstathletics.com/staff-directory,,NCAA_D1,,https://images.sidearmdev.com/convert?url=https%3a%2f%2fdxbhsrqyrr690.cloudfront.net%2fsidearm.nextgen.sites%2fhurstathletics.com%2fimages%2flogos%2fsite%2fsite.png&type=jpeg,https://x.com/HurstBaseball,https://instagram.com/mercyhurst_baseball,https://www.youtube.com/watch?v=ChQqDaUEaW8&feature=youtu.be,https://hurstathletics.com/sports/baseball,FOUND,"Discovered: roster, schedule, camps, questionnaire, contact, X, Instagram, YouTube."
new-jersey-institute-of-technology,New Jersey Institute of Technology,,https://njithighlanders.com/sports/baseball,https://njithighlanders.com/sports/baseball/roster,https://njithighlanders.com/sports/baseball/schedule/2026,https://campus360.org/NJIT%20Wellness%20and%20Event%20Center/basketball-arena,https://njithighlanders.com/sports/2008/8/28/compliance_rules_prospective_SA,https://njithighlanders.com/staff-directory,,NCAA_D1,,https://images.sidearmdev.com/convert?url=https%3a%2f%2fdxbhsrqyrr690.cloudfront.net%2fsidearm.nextgen.sites%2fnjithighlanders.com%2fimages%2flogos%2fsite%2fsite.png&type=jpeg,https://x.com/NJTechBaseball,https://instagram.com/NJITHighlanders,https://www.youtube.com/user/NJITAthletics,https://njithighlanders.com/sports/baseball,FOUND,"Discovered: roster, schedule, camps, questionnaire, contact, X, Instagram, YouTube."
north-dakota-state-university,North Dakota State University,,https://gobison.com/sports/baseball,https://gobison.com/sports/baseball/roster,https://gobison.com/sports/baseball/schedule,https://gobison.com/sports/2016/4/20/camps,https://gobison.com/,https://gobison.com/staff-directory,,NCAA_D1,,https://gobison.com/images/logos/site/site.png,http://www.twitter.com/ndsuathletics,http://www.instagram.com/ndsuathletics,http://www.youtube.com/ndsuathletics,https://gobison.com/sports/baseball,FOUND,"Discovered: roster, schedule, camps, questionnaire, contact, X, Instagram, YouTube."
oral-roberts-university,Oral Roberts University,,https://oruathletics.com/sports/baseball,https://oruathletics.com/sports/baseball/roster,https://oruathletics.com/sports/baseball/schedule,https://oruathletics.com/sports/2020/6/11/SummerCamps.aspx,https://oruathletics.com/sports/2020/6/16/recruiting-central.aspx,https://oruathletics.com/staff-directory,,NCAA_D1,,https://images.sidearmdev.com/convert?url=https%3a%2f%2fdxbhsrqyrr690.cloudfront.net%2fsidearm.nextgen.sites%2foruathletics.com%2fimages%2flogos%2fsite%2fsite.png&type=jpeg,https://x.com/ORUBaseball,https://instagram.com/ORUBaseball,https://www.youtube.com/oruathletics,https://oruathletics.com/sports/baseball,FOUND,"Discovered: roster, schedule, camps, questionnaire, contact, X, Instagram, YouTube."
south-dakota-state-university,South Dakota State University,,https://gojacks.com/sports/baseball,https://gojacks.com/sports/baseball/roster,https://gojacks.com/sports/baseball/schedule,https://www.jackrabbitsportscamps.com/,https://questionnaires.armssoftware.com/19357ab4ab60,https://gojacks.com/staff-directory,,NCAA_D1,,https://gojacks.com/images/logos/site/site.png,https://gojacks.com/api/v2/promotions/109/click?redirect=https%3a%2f%2fx.com%2fgojackssdsu,https://gojacks.com/api/v2/promotions/110/click?redirect=https%3a%2f%2fwww.instagram.com%2fGoJacksSDSU%2f,https://www.youtube.com/channel/UCA1IudGejbOuoRqOPhdTXUQ,https://gojacks.com/sports/baseball,FOUND,"Discovered: roster, schedule, camps, questionnaire, contact, X, Instagram, YouTube."
southern-illinois-university-edwardsville,Southern Illinois University Edwardsville,,https://siuecougars.com/sports/baseball/,https://siuecougars.com/sports/baseball/roster,https://siuecougars.com/sports/baseball/schedule,https://siuecougars.com/sports/2021/6/4/first-community-camp-series.aspx,https://siuecougars.com/sb_output.aspx?form=16,https://siuecougars.com/staff-directory,,NCAA_D1,,https://images.sidearmdev.com/convert?url=https%3a%2f%2fdxbhsrqyrr690.cloudfront.net%2fsidearm.nextgen.sites%2fsiuecougars.com%2fimages%2flogos%2fsite%2fsite.png&type=jpeg,https://x.com/SIUEBaseball,https://instagram.com/SIUEMBB,,https://siuecougars.com/sports/baseball/,FOUND,"Discovered: roster, schedule, camps, questionnaire, contact, X, Instagram."
st-bonaventure-university,St. Bonaventure University,,https://gobonnies.com/sports/baseball,https://gobonnies.com/sports/baseball/roster,https://gobonnies.com/sports/baseball/schedule,https://www.sbu.edu/about/community-programs,https://gobonnies.com/,https://gobonnies.com/staff-directory,seddy@sbu.edu,NCAA_D1,,https://images.sidearmdev.com/convert?url=https%3a%2f%2fdxbhsrqyrr690.cloudfront.net%2fsidearm.nextgen.sites%2fgobonnies.sbu.edu%2fimages%2flogos%2fsite%2fsite.png&type=jpeg,https://x.com/BONNIESBASE,https://instagram.com/BONNIESBASEBALL,https://www.youtube.com/gobonniestv,https://gobonnies.com/sports/baseball,FOUND,"Discovered: roster, schedule, camps, questionnaire, contact, X, Instagram, YouTube."
university-at-albany-suny,"University at Albany, SUNY",,https://ualbanysports.com/sports/baseball,https://ualbanysports.com/sports/baseball/roster,https://ualbanysports.com/sports/baseball/schedule,https://ualbanysports.com/sports/2026/6/10/camps-and-clinics.aspx,https://ualbanysports.com/sports/2019/12/11/1255415.aspx,https://ualbanysports.com/staff-directory,,NCAA_D1,,https://images.sidearmdev.com/convert?url=https%3a%2f%2fdxbhsrqyrr690.cloudfront.net%2fsidearm.nextgen.sites%2fualbanysports.com%2fimages%2flogos%2fsite%2fsite.png&type=jpeg,https://x.com/UAlbanyBaseball,https://instagram.com/ualbanybaseball,,https://ualbanysports.com/sports/baseball,FOUND,"Discovered: roster, schedule, camps, questionnaire, contact, X, Instagram."
university-of-california-davis,"University of California, Davis",,https://ucdavisaggies.com/sports/baseball,https://ucdavisaggies.com/roster.aspx?path=baseball,https://ucdavisaggies.com/schedule.aspx?path=baseball,https://www.ucdavisathleticcamps.com/,https://questionnaires.armssoftware.com/d4c54a0b4ff5,https://ucdavisaggies.com/staff.aspx,,NCAA_D1,,https://images.sidearmdev.com/convert?url=https%3a%2f%2fdxbhsrqyrr690.cloudfront.net%2fsidearm.nextgen.sites%2fucdavisaggies.com%2fimages%2flogos%2fsite%2fsite.png&type=jpeg,https://x.com/UCDavisBaseball,https://instagram.com/ucdavisbaseball,,https://ucdavisaggies.com/sports/baseball,FOUND,"Discovered: roster, schedule, camps, questionnaire, contact, X, Instagram."
university-of-california-irvine,"University of California, Irvine",,https://ucirvinesports.com/sports/baseball,https://ucirvinesports.com/sports/baseball/roster,https://ucirvinesports.com/sports/baseball/schedule,https://ucirvinesports.com/sports/2017/5/26/camps-index,http://my.armssoftware.com/arms/public/questionnaire/a3061efcaff7,https://ucirvinesports.com/staff-directory,,NCAA_D1,,https://ucirvinesports.com/images/logos/site/site.png,https://ucirvinesports.com/api/v2/promotions/72/click?redirect=http%3a%2f%2ftwitter.com%2fUCIAthletics,https://ucirvinesports.com/api/v2/promotions/73/click?redirect=http%3a%2f%2finstagram.com%2fuciathletics,https://ucirvinesports.com/api/v2/promotions/74/click?redirect=https%3a%2f%2fwww.youtube.com%2fUCIrvineAthletics,https://ucirvinesports.com/sports/baseball,FOUND,"Discovered: roster, schedule, camps, questionnaire, contact, X, Instagram, YouTube."
university-of-california-riverside,"University of California, Riverside",,https://gohighlanders.com/sports/baseball,https://gohighlanders.com/sports/baseball/roster,https://gohighlanders.com/sports/baseball/schedule,https://gohighlanders.com/sports/2018/6/21/highlander-camps,https://gohighlanders.com/,https://gohighlanders.com/staff-directory,,NCAA_D1,,https://gohighlanders.com/images/logos/site/site.png,https://twitter.com/UCR_Athletics,http://instagram.com/ucr_athletics,http://www.youtube.com/user/ucrathletics,https://gohighlanders.com/sports/baseball,FOUND,"Discovered: roster, schedule, camps, questionnaire, contact, X, Instagram, YouTube."
university-of-california-san-diego,"University of California, San Diego",,https://ucsdtritons.com/sports/baseball,https://ucsdtritons.com/sports/baseball/roster,https://ucsdtritons.com/sports/baseball/schedule,https://www.ucsandiegocamps.com/index.cfm,https://ucsdtritons.com/index.aspx,https://ucsdtritons.com/staff-directory,,NCAA_D1,,https://images.sidearmdev.com/convert?url=https%3a%2f%2fdxbhsrqyrr690.cloudfront.net%2fsidearm.nextgen.sites%2fucsdtritons.com%2fimages%2flogos%2fsite%2fsite.png&type=jpeg,https://x.com/UCSDbsb,https://instagram.com/ucsdbsb,,https://ucsdtritons.com/sports/baseball,FOUND,"Discovered: roster, schedule, camps, questionnaire, contact, X, Instagram."
university-of-california-santa-barbara,"University of California, Santa Barbara",,https://ucsbgauchos.com/sports/baseball,https://ucsbgauchos.com/sports/baseball/roster,https://ucsbgauchos.com/sports/baseball/schedule,https://ucsbgauchos.com/sports/2025/8/23/camps-and-clinics-2025.aspx,https://ucsbgauchos.exposure.co/categories/a-development-destination,https://ucsbgauchos.com/staff-directory,,NCAA_D1,,https://images.sidearmdev.com/convert?url=https%3a%2f%2fdxbhsrqyrr690.cloudfront.net%2fsidearm.nextgen.sites%2fucsb.sidearmsports.com%2fimages%2flogos%2fsite%2fsite.png&type=jpeg,https://x.com/ucsb_baseball,https://instagram.com/ucsb_baseball,https://www.youtube.com/user/UCSBGauchosAthletics,https://ucsbgauchos.com/sports/baseball,FOUND,"Discovered: roster, schedule, camps, questionnaire, contact, X, Instagram, YouTube."
university-of-delaware,University of Delaware,,https://bluehens.com/sports/baseball,https://bluehens.com/sports/baseball/roster,https://bluehens.com/sports/baseball/schedule,https://gregmamulabaseball.totalcamps.com/About%20Us,https://questionnaires.armssoftware.com/d8cdba555896,https://bluehens.com/coaches.aspx?path=baseball,,NCAA_D1,,https://bluehens.com/images/logos/site/site.png,https://twitter.com/DelawareBASE,,,https://bluehens.com/sports/baseball,FOUND,"Discovered: roster, schedule, camps, questionnaire, contact, X."
university-of-hawaii-at-manoa,University of Hawaii at Manoa,,https://hawaiiathletics.com/sports/baseball,https://hawaiiathletics.com/sports/baseball/roster,https://hawaiiathletics.com/sports/baseball/schedule,https://hawaiiathletics.com/sports/2025/4/12/football-tailgating-is-back-on-campus.aspx,https://hawaiiathletics.com/index.aspx,https://hawaiiathletics.com/staff-directory,,NCAA_D1,,https://images.sidearmdev.com/convert?url=https%3a%2f%2fdxbhsrqyrr690.cloudfront.net%2fsidearm.nextgen.sites%2fhawaiiathletics.com%2fimages%2flogos%2fsite%2fsite.png&type=jpeg,https://x.com/hawaiibaseball,https://instagram.com/hawaiibsb,http://www.youtube.com/hawaiiathletics,https://hawaiiathletics.com/sports/baseball,FOUND,"Discovered: roster, schedule, camps, questionnaire, contact, X, Instagram, YouTube."
university-of-maine,University of Maine,,https://goblackbears.com/sports/baseball,https://goblackbears.com/sports/baseball/roster,https://goblackbears.com/sports/baseball/schedule,https://goblackbears.com/sports/2020/2/24/baseball-camps.aspx,https://goblackbears.com/,https://goblackbears.com/sports/baseball/coaches,UM.Tickets@maine.eduSeat,NCAA_D1,,https://goblackbears.com/images/logos/site/site.png,,https://instagram.com/blackbearnation,https://www.youtube.com/user/UMBlackBears,https://goblackbears.com/sports/baseball,FOUND,"Discovered: roster, schedule, camps, questionnaire, contact, Instagram, YouTube."
university-of-maryland-baltimore-county,"University of Maryland, Baltimore County",,https://umbcretrievers.com/sports/baseball,https://umbcretrievers.com/sports/baseball/roster,https://umbcretrievers.com/sports/baseball/schedule,https://umbcretrievers.com/sports/2025/6/16/camps.aspx,https://umbcretrievers.com/index.aspx,https://umbcretrievers.com/staff-directory,,NCAA_D1,,https://images.sidearmdev.com/convert?url=https%3a%2f%2fdxbhsrqyrr690.cloudfront.net%2fsidearm.nextgen.sites%2fumbcretrievers.com%2fimages%2flogos%2fsite%2fsite.png&type=jpeg,https://x.com/UMBCBaseball,https://instagram.com/RetrieversBaseball,https://www.youtube.com/UMBCAthletics,https://umbcretrievers.com/sports/baseball,FOUND,"Discovered: roster, schedule, camps, questionnaire, contact, X, Instagram, YouTube."
university-of-massachusetts-lowell,University of Massachusetts Lowell,,https://goriverhawks.com/sports/baseball,https://goriverhawks.com/sports/baseball/roster,https://goriverhawks.com/sports/baseball/schedule,https://goriverhawks.com/sports/2017/12/21/camps-clinics,https://questionnaires.armssoftware.com/20692be0021c,https://goriverhawks.com/staff-directory,,NCAA_D1,,https://goriverhawks.com/images/logos/site/site.png,https://goriverhawks.com/api/v2/promotions/4/click?redirect=https%3a%2f%2fx.com%2friverhawknation,https://goriverhawks.com/api/v2/promotions/5/click?redirect=https%3a%2f%2fwww.instagram.com%2friverhawknation%2f,https://goriverhawks.com/api/v2/promotions/6/click?redirect=https%3a%2f%2fwww.youtube.com%2f%40umlriverhawks,https://goriverhawks.com/sports/baseball,FOUND,"Discovered: roster, schedule, camps, questionnaire, contact, X, Instagram, YouTube."
university-of-nebraska-omaha,University of Nebraska Omaha,,https://omavs.com/sports/baseball,https://omavs.com/sports/baseball/roster,https://omavs.com/sports/baseball/schedule,https://fundraise.nufoundation.org/campaign/682275/donate,https://omavs.com/sports/2020/8/31/omaha-baseball-facilities.aspx,https://omavs.com/staff-directory,brentweber@omavs.com,NCAA_D1,,https://images.sidearmdev.com/convert?url=https%3a%2f%2fdxbhsrqyrr690.cloudfront.net%2fsidearm.nextgen.sites%2fnebomaha.sidearmsports.com%2fimages%2flogos%2fsite%2fsite.png&type=jpeg,https://x.com/OmahaBSB,https://instagram.com/OmahaBSB,,https://omavs.com/sports/baseball,FOUND,"Discovered: roster, schedule, camps, questionnaire, contact, X, Instagram."
university-of-new-haven,University of New Haven,,https://newhavenchargers.com/sports/baseball,https://newhavenchargers.com/sports/baseball/roster,https://newhavenchargers.com/sports/baseball/schedule,https://newhavenchargers.com/sports/2010/2/16/BB_Camps.aspx,https://newhavenchargers.com/index.aspx,https://newhavenchargers.com/staff-directory,,NCAA_D1,,https://images.sidearmdev.com/convert?url=https%3a%2f%2fdxbhsrqyrr690.cloudfront.net%2fsidearm.nextgen.sites%2fnewhaven.internetconsult.com%2fimages%2flogos%2fsite%2fsite.png&type=jpeg,https://x.com/UNewHavenBASE,https://instagram.com/UNewHavenBASE,,https://newhavenchargers.com/sports/baseball,FOUND,"Discovered: roster, schedule, camps, questionnaire, contact, X, Instagram."
university-of-northern-colorado,University of Northern Colorado,,https://uncbears.com/sports/baseball,https://uncbears.com/sports/baseball/roster,https://uncbears.com/sports/baseball/schedule,https://www.bearsbaseballcamps.com/,https://uncbears.com/,https://uncbears.com/staff-directory,,NCAA_D1,,https://uncbears.com/images/logos/site/site.png,,,https://uncbears.com/api/v2/promotions/2392/click?redirect=https%3a%2f%2fwww.youtube.com%2f%40uncbearsathletics,https://uncbears.com/sports/baseball,FOUND,"Discovered: roster, schedule, camps, questionnaire, contact, YouTube."
university-of-st-thomas-minnesota,University of St. Thomas,,https://tommiesports.com/sports/baseball,https://tommiesports.com/sports/baseball/roster,https://tommiesports.com/sports/baseball/schedule,https://tommiesports.com/sports/2022/3/3/camps-and-clinics,https://tommiesports.com/,https://tommiesports.com/staff-directory,,NCAA_D1,,https://tommiesports.com/images/logos/site/site.png,,,,https://tommiesports.com/sports/baseball,FOUND,"Discovered: roster, schedule, camps, questionnaire, contact."