rank,school,season,source,extractedAt
1,UCLA,2026,https://www.ncaa.com/rankings/baseball/d1/rpi,2026-07-23T13:18:15.231Z
2,Georgia Tech,2026,https://www.ncaa.com/rankings/baseball/d1/rpi,2026-07-23T13:18:15.231Z
3,Auburn,2026,https://www.ncaa.com/rankings/baseball/d1/rpi,2026-07-23T13:18:15.231Z
4,North Carolina,2026,https://www.ncaa.com/rankings/baseball/d1/rpi,2026-07-23T13:18:15.231Z
5,Texas,2026,https://www.ncaa.com/rankings/baseball/d1/rpi,2026-07-23T13:18:15.231Z
6,Alabama,2026,https://www.ncaa.com/rankings/baseball/d1/rpi,2026-07-23T13:18:15.231Z
7,Georgia,2026,https://www.ncaa.com/rankings/baseball/d1/rpi,2026-07-23T13:18:15.231Z
8,Florida St.,2026,https://www.ncaa.com/rankings/baseball/d1/rpi,2026-07-23T13:18:15.231Z
9,Southern California,2026,https://www.ncaa.com/rankings/baseball/d1/rpi,2026-07-23T13:18:15.231Z
10,Nebraska,2026,https://www.ncaa.com/rankings/baseball/d1/rpi,2026-07-23T13:18:15.231Z
11,Florida,2026,https://www.ncaa.com/rankings/baseball/d1/rpi,2026-07-23T13:18:15.231Z
12,Southern Miss.,2026,https://www.ncaa.com/rankings/baseball/d1/rpi,2026-07-23T13:18:15.231Z
13,Mississippi St.,2026,https://www.ncaa.com/rankings/baseball/d1/rpi,2026-07-23T13:18:15.231Z
14,Texas A&M,2026,https://www.ncaa.com/rankings/baseball/d1/rpi,2026-07-23T13:18:15.231Z
15,Oregon,2026,https://www.ncaa.com/rankings/baseball/d1/rpi,2026-07-23T13:18:15.231Z
16,Ole Miss,2026,https://www.ncaa.com/rankings/baseball/d1/rpi,2026-07-23T13:18:15.231Z
17,West Virginia,2026,https://www.ncaa.com/rankings/baseball/d1/rpi,2026-07-23T13:18:15.231Z
18,Oregon St.,2026,https://www.ncaa.com/rankings/baseball/d1/rpi,2026-07-23T13:18:15.231Z
19,Kansas,2026,https://www.ncaa.com/rankings/baseball/d1/rpi,2026-07-23T13:18:15.231Z
20,Wake Forest,2026,https://www.ncaa.com/rankings/baseball/d1/rpi,2026-07-23T13:18:15.231Z
21,Arkansas,2026,https://www.ncaa.com/rankings/baseball/d1/rpi,2026-07-23T13:18:15.231Z
22,Cincinnati,2026,https://www.ncaa.com/rankings/baseball/d1/rpi,2026-07-23T13:18:15.231Z
23,Missouri St.,2026,https://www.ncaa.com/rankings/baseball/d1/rpi,2026-07-23T13:18:15.231Z
24,Oklahoma,2026,https://www.ncaa.com/rankings/baseball/d1/rpi,2026-07-23T13:18:15.231Z
25,Jacksonville St.,2026,https://www.ncaa.com/rankings/baseball/d1/rpi,2026-07-23T13:18:15.231Z
26,Virginia,2026,https://www.ncaa.com/rankings/baseball/d1/rpi,2026-07-23T13:18:15.231Z
27,Coastal Carolina,2026,https://www.ncaa.com/rankings/baseball/d1/rpi,2026-07-23T13:18:15.231Z
28,Mercer,2026,https://www.ncaa.com/rankings/baseball/d1/rpi,2026-07-23T13:18:15.231Z
29,Oklahoma St.,2026,https://www.ncaa.com/rankings/baseball/d1/rpi,2026-07-23T13:18:15.231Z
30,Miami (FL),2026,https://www.ncaa.com/rankings/baseball/d1/rpi,2026-07-23T13:18:15.231Z
31,Tennessee,2026,https://www.ncaa.com/rankings/baseball/d1/rpi,2026-07-23T13:18:15.231Z
32,Liberty,2026,https://www.ncaa.com/rankings/baseball/d1/rpi,2026-07-23T13:18:15.231Z
33,Louisiana,2026,https://www.ncaa.com/rankings/baseball/d1/rpi,2026-07-23T13:18:15.231Z
34,Boston College,2026,https://www.ncaa.com/rankings/baseball/d1/rpi,2026-07-23T13:18:15.231Z
35,Troy,2026,https://www.ncaa.com/rankings/baseball/d1/rpi,2026-07-23T13:18:15.231Z
36,UCF,2026,https://www.ncaa.com/rankings/baseball/d1/rpi,2026-07-23T13:18:15.231Z
37,Kentucky,2026,https://www.ncaa.com/rankings/baseball/d1/rpi,2026-07-23T13:18:15.231Z
38,UC Santa Barbara,2026,https://www.ncaa.com/rankings/baseball/d1/rpi,2026-07-23T13:18:15.231Z
39,Pittsburgh,2026,https://www.ncaa.com/rankings/baseball/d1/rpi,2026-07-23T13:18:15.231Z
40,East Carolina,2026,https://www.ncaa.com/rankings/baseball/d1/rpi,2026-07-23T13:18:15.231Z
41,The Citadel,2026,https://www.ncaa.com/rankings/baseball/d1/rpi,2026-07-23T13:18:15.231Z
42,Virginia Tech,2026,https://www.ncaa.com/rankings/baseball/d1/rpi,2026-07-23T13:18:15.231Z
43,Texas St.,2026,https://www.ncaa.com/rankings/baseball/d1/rpi,2026-07-23T13:18:15.231Z
44,Arizona St.,2026,https://www.ncaa.com/rankings/baseball/d1/rpi,2026-07-23T13:18:15.231Z
45,Miami (OH),2026,https://www.ncaa.com/rankings/baseball/d1/rpi,2026-07-23T13:18:15.231Z
46,TCU,2026,https://www.ncaa.com/rankings/baseball/d1/rpi,2026-07-23T13:18:15.231Z
47,Southeast Mo. St.,2026,https://www.ncaa.com/rankings/baseball/d1/rpi,2026-07-23T13:18:15.231Z
48,High Point,2026,https://www.ncaa.com/rankings/baseball/d1/rpi,2026-07-23T13:18:15.231Z
49,Clemson,2026,https://www.ncaa.com/rankings/baseball/d1/rpi,2026-07-23T13:18:15.231Z
50,Kent St.,2026,https://www.ncaa.com/rankings/baseball/d1/rpi,2026-07-23T13:18:15.231Z
51,NC State,2026,https://www.ncaa.com/rankings/baseball/d1/rpi,2026-07-23T13:18:15.231Z
52,UTSA,2026,https://www.ncaa.com/rankings/baseball/d1/rpi,2026-07-23T13:18:15.231Z
53,Purdue,2026,https://www.ncaa.com/rankings/baseball/d1/rpi,2026-07-23T13:18:15.231Z
54,Michigan,2026,https://www.ncaa.com/rankings/baseball/d1/rpi,2026-07-23T13:18:15.231Z
55,Kansas St.,2026,https://www.ncaa.com/rankings/baseball/d1/rpi,2026-07-23T13:18:15.231Z
56,Tarleton St.,2026,https://www.ncaa.com/rankings/baseball/d1/rpi,2026-07-23T13:18:15.231Z
57,Gonzaga,2026,https://www.ncaa.com/rankings/baseball/d1/rpi,2026-07-23T13:18:15.231Z
58,Arkansas St.,2026,https://www.ncaa.com/rankings/baseball/d1/rpi,2026-07-23T13:18:15.231Z
59,California,2026,https://www.ncaa.com/rankings/baseball/d1/rpi,2026-07-23T13:18:15.231Z
60,Campbell,2026,https://www.ncaa.com/rankings/baseball/d1/rpi,2026-07-23T13:18:15.231Z
61,Baylor,2026,https://www.ncaa.com/rankings/baseball/d1/rpi,2026-07-23T13:18:15.231Z
62,California Baptist,2026,https://www.ncaa.com/rankings/baseball/d1/rpi,2026-07-23T13:18:15.231Z
63,LSU,2026,https://www.ncaa.com/rankings/baseball/d1/rpi,2026-07-23T13:18:15.231Z
64,South Alabama,2026,https://www.ncaa.com/rankings/baseball/d1/rpi,2026-07-23T13:18:15.231Z
65,Western Caro.,2026,https://www.ncaa.com/rankings/baseball/d1/rpi,2026-07-23T13:18:15.231Z
66,UAB,2026,https://www.ncaa.com/rankings/baseball/d1/rpi,2026-07-23T13:18:15.231Z
67,Saint Joseph's,2026,https://www.ncaa.com/rankings/baseball/d1/rpi,2026-07-23T13:18:15.231Z
68,Notre Dame,2026,https://www.ncaa.com/rankings/baseball/d1/rpi,2026-07-23T13:18:15.231Z
69,Xavier,2026,https://www.ncaa.com/rankings/baseball/d1/rpi,2026-07-23T13:18:15.231Z
70,DBU,2026,https://www.ncaa.com/rankings/baseball/d1/rpi,2026-07-23T13:18:15.231Z
71,Iowa,2026,https://www.ncaa.com/rankings/baseball/d1/rpi,2026-07-23T13:18:15.231Z
72,Vanderbilt,2026,https://www.ncaa.com/rankings/baseball/d1/rpi,2026-07-23T13:18:15.231Z
73,Cal Poly,2026,https://www.ncaa.com/rankings/baseball/d1/rpi,2026-07-23T13:18:15.231Z
74,Southeastern La.,2026,https://www.ncaa.com/rankings/baseball/d1/rpi,2026-07-23T13:18:15.231Z
75,Eastern Ill.,2026,https://www.ncaa.com/rankings/baseball/d1/rpi,2026-07-23T13:18:15.231Z
76,Rice,2026,https://www.ncaa.com/rankings/baseball/d1/rpi,2026-07-23T13:18:15.231Z
77,BYU,2026,https://www.ncaa.com/rankings/baseball/d1/rpi,2026-07-23T13:18:15.231Z
78,NIU,2026,https://www.ncaa.com/rankings/baseball/d1/rpi,2026-07-23T13:18:15.231Z
79,South Fla.,2026,https://www.ncaa.com/rankings/baseball/d1/rpi,2026-07-23T13:18:15.231Z
80,Louisiana Tech,2026,https://www.ncaa.com/rankings/baseball/d1/rpi,2026-07-23T13:18:15.231Z
81,Samford,2026,https://www.ncaa.com/rankings/baseball/d1/rpi,2026-07-23T13:18:15.231Z
82,Washington St.,2026,https://www.ncaa.com/rankings/baseball/d1/rpi,2026-07-23T13:18:15.231Z
83,USC Upstate,2026,https://www.ncaa.com/rankings/baseball/d1/rpi,2026-07-23T13:18:15.231Z
84,VCU,2026,https://www.ncaa.com/rankings/baseball/d1/rpi,2026-07-23T13:18:15.231Z
85,Maryland,2026,https://www.ncaa.com/rankings/baseball/d1/rpi,2026-07-23T13:18:15.231Z
86,Duke,2026,https://www.ncaa.com/rankings/baseball/d1/rpi,2026-07-23T13:18:15.231Z
87,Ohio St.,2026,https://www.ncaa.com/rankings/baseball/d1/rpi,2026-07-23T13:18:15.231Z
88,Northeastern,2026,https://www.ncaa.com/rankings/baseball/d1/rpi,2026-07-23T13:18:15.231Z
89,Little Rock,2026,https://www.ncaa.com/rankings/baseball/d1/rpi,2026-07-23T13:18:15.231Z
90,Lamar University,2026,https://www.ncaa.com/rankings/baseball/d1/rpi,2026-07-23T13:18:15.231Z
91,Louisville,2026,https://www.ncaa.com/rankings/baseball/d1/rpi,2026-07-23T13:18:15.231Z
92,Kennesaw St.,2026,https://www.ncaa.com/rankings/baseball/d1/rpi,2026-07-23T13:18:15.231Z
93,Minnesota,2026,https://www.ncaa.com/rankings/baseball/d1/rpi,2026-07-23T13:18:15.231Z
94,UC San Diego,2026,https://www.ncaa.com/rankings/baseball/d1/rpi,2026-07-23T13:18:15.231Z
95,San Diego St.,2026,https://www.ncaa.com/rankings/baseball/d1/rpi,2026-07-23T13:18:15.231Z
96,Creighton,2026,https://www.ncaa.com/rankings/baseball/d1/rpi,2026-07-23T13:18:15.231Z
97,UTRGV,2026,https://www.ncaa.com/rankings/baseball/d1/rpi,2026-07-23T13:18:15.231Z
98,Charlotte,2026,https://www.ncaa.com/rankings/baseball/d1/rpi,2026-07-23T13:18:15.231Z
99,Sacramento St.,2026,https://www.ncaa.com/rankings/baseball/d1/rpi,2026-07-23T13:18:15.231Z
100,UConn,2026,https://www.ncaa.com/rankings/baseball/d1/rpi,2026-07-23T13:18:15.231Z
101,Illinois,2026,https://www.ncaa.com/rankings/baseball/d1/rpi,2026-07-23T13:18:15.231Z
102,St. John's (NY),2026,https://www.ncaa.com/rankings/baseball/d1/rpi,2026-07-23T13:18:15.231Z
103,Utah,2026,https://www.ncaa.com/rankings/baseball/d1/rpi,2026-07-23T13:18:15.231Z
104,Stanford,2026,https://www.ncaa.com/rankings/baseball/d1/rpi,2026-07-23T13:18:15.231Z
105,ETSU,2026,https://www.ncaa.com/rankings/baseball/d1/rpi,2026-07-23T13:18:15.231Z
106,Longwood,2026,https://www.ncaa.com/rankings/baseball/d1/rpi,2026-07-23T13:18:15.231Z
107,Houston,2026,https://www.ncaa.com/rankings/baseball/d1/rpi,2026-07-23T13:18:15.231Z
108,Missouri,2026,https://www.ncaa.com/rankings/baseball/d1/rpi,2026-07-23T13:18:15.231Z
109,Michigan St.,2026,https://www.ncaa.com/rankings/baseball/d1/rpi,2026-07-23T13:18:15.231Z
110,SIUE,2026,https://www.ncaa.com/rankings/baseball/d1/rpi,2026-07-23T13:18:15.231Z
111,Memphis,2026,https://www.ncaa.com/rankings/baseball/d1/rpi,2026-07-23T13:18:15.231Z
112,Winthrop,2026,https://www.ncaa.com/rankings/baseball/d1/rpi,2026-07-23T13:18:15.231Z
113,App State,2026,https://www.ncaa.com/rankings/baseball/d1/rpi,2026-07-23T13:18:15.231Z
113,Morehead St.,2026,https://www.ncaa.com/rankings/baseball/d1/rpi,2026-07-23T13:18:15.231Z
115,Old Dominion,2026,https://www.ncaa.com/rankings/baseball/d1/rpi,2026-07-23T13:18:15.231Z
116,Wofford,2026,https://www.ncaa.com/rankings/baseball/d1/rpi,2026-07-23T13:18:15.231Z
117,Cal St. Fullerton,2026,https://www.ncaa.com/rankings/baseball/d1/rpi,2026-07-23T13:18:15.231Z
118,Binghamton,2026,https://www.ncaa.com/rankings/baseball/d1/rpi,2026-07-23T13:18:15.231Z
119,Rider,2026,https://www.ncaa.com/rankings/baseball/d1/rpi,2026-07-23T13:18:15.231Z
120,UNCW,2026,https://www.ncaa.com/rankings/baseball/d1/rpi,2026-07-23T13:18:15.231Z
121,Portland,2026,https://www.ncaa.com/rankings/baseball/d1/rpi,2026-07-23T13:18:15.231Z
122,Rutgers,2026,https://www.ncaa.com/rankings/baseball/d1/rpi,2026-07-23T13:18:15.231Z
123,FGCU,2026,https://www.ncaa.com/rankings/baseball/d1/rpi,2026-07-23T13:18:15.231Z
124,Indiana,2026,https://www.ncaa.com/rankings/baseball/d1/rpi,2026-07-23T13:18:15.231Z
125,UC Irvine,2026,https://www.ncaa.com/rankings/baseball/d1/rpi,2026-07-23T13:18:15.231Z
126,Texas Tech,2026,https://www.ncaa.com/rankings/baseball/d1/rpi,2026-07-23T13:18:15.231Z
127,Fla. Atlantic,2026,https://www.ncaa.com/rankings/baseball/d1/rpi,2026-07-23T13:18:15.231Z
128,Richmond,2026,https://www.ncaa.com/rankings/baseball/d1/rpi,2026-07-23T13:18:15.231Z
129,Jacksonville,2026,https://www.ncaa.com/rankings/baseball/d1/rpi,2026-07-23T13:18:15.231Z
130,Georgia St.,2026,https://www.ncaa.com/rankings/baseball/d1/rpi,2026-07-23T13:18:15.231Z
131,Hawaii,2026,https://www.ncaa.com/rankings/baseball/d1/rpi,2026-07-23T13:18:15.231Z
132,Charleston So.,2026,https://www.ncaa.com/rankings/baseball/d1/rpi,2026-07-23T13:18:15.231Z
133,McNeese,2026,https://www.ncaa.com/rankings/baseball/d1/rpi,2026-07-23T13:18:15.231Z
134,UNC Greensboro,2026,https://www.ncaa.com/rankings/baseball/d1/rpi,2026-07-23T13:18:15.231Z
135,Hofstra,2026,https://www.ncaa.com/rankings/baseball/d1/rpi,2026-07-23T13:18:15.231Z
136,Toledo,2026,https://www.ncaa.com/rankings/baseball/d1/rpi,2026-07-23T13:18:15.231Z
137,Air Force,2026,https://www.ncaa.com/rankings/baseball/d1/rpi,2026-07-23T13:18:15.231Z
138,South Carolina,2026,https://www.ncaa.com/rankings/baseball/d1/rpi,2026-07-23T13:18:15.231Z
139,Western Ky.,2026,https://www.ncaa.com/rankings/baseball/d1/rpi,2026-07-23T13:18:15.231Z
140,Saint Mary's (CA),2026,https://www.ncaa.com/rankings/baseball/d1/rpi,2026-07-23T13:18:15.231Z
141,Maine,2026,https://www.ncaa.com/rankings/baseball/d1/rpi,2026-07-23T13:18:15.231Z
142,Wichita St.,2026,https://www.ncaa.com/rankings/baseball/d1/rpi,2026-07-23T13:18:15.231Z
143,Utah Tech,2026,https://www.ncaa.com/rankings/baseball/d1/rpi,2026-07-23T13:18:15.231Z
144,Yale,2026,https://www.ncaa.com/rankings/baseball/d1/rpi,2026-07-23T13:18:15.231Z
145,Monmouth,2026,https://www.ncaa.com/rankings/baseball/d1/rpi,2026-07-23T13:18:15.231Z
146,UC Davis,2026,https://www.ncaa.com/rankings/baseball/d1/rpi,2026-07-23T13:18:15.231Z
147,Tulane,2026,https://www.ncaa.com/rankings/baseball/d1/rpi,2026-07-23T13:18:15.231Z
148,George Mason,2026,https://www.ncaa.com/rankings/baseball/d1/rpi,2026-07-23T13:18:15.231Z
149,Western Mich.,2026,https://www.ncaa.com/rankings/baseball/d1/rpi,2026-07-23T13:18:15.231Z
150,Northwestern,2026,https://www.ncaa.com/rankings/baseball/d1/rpi,2026-07-23T13:18:15.231Z
151,Rhode Island,2026,https://www.ncaa.com/rankings/baseball/d1/rpi,2026-07-23T13:18:15.231Z
152,Central Ark.,2026,https://www.ncaa.com/rankings/baseball/d1/rpi,2026-07-23T13:18:15.231Z
153,Bucknell,2026,https://www.ncaa.com/rankings/baseball/d1/rpi,2026-07-23T13:18:15.231Z
154,Nicholls,2026,https://www.ncaa.com/rankings/baseball/d1/rpi,2026-07-23T13:18:15.231Z
155,Lipscomb,2026,https://www.ncaa.com/rankings/baseball/d1/rpi,2026-07-23T13:18:15.231Z
156,Washington,2026,https://www.ncaa.com/rankings/baseball/d1/rpi,2026-07-23T13:18:15.231Z
157,North Ala.,2026,https://www.ncaa.com/rankings/baseball/d1/rpi,2026-07-23T13:18:15.231Z
158,Illinois St.,2026,https://www.ncaa.com/rankings/baseball/d1/rpi,2026-07-23T13:18:15.231Z
159,Northwestern St.,2026,https://www.ncaa.com/rankings/baseball/d1/rpi,2026-07-23T13:18:15.231Z
160,Fairfield,2026,https://www.ncaa.com/rankings/baseball/d1/rpi,2026-07-23T13:18:15.231Z
161,Radford,2026,https://www.ncaa.com/rankings/baseball/d1/rpi,2026-07-23T13:18:15.231Z
162,North Florida,2026,https://www.ncaa.com/rankings/baseball/d1/rpi,2026-07-23T13:18:15.231Z
163,Indiana St.,2026,https://www.ncaa.com/rankings/baseball/d1/rpi,2026-07-23T13:18:15.231Z
164,Army West Point,2026,https://www.ncaa.com/rankings/baseball/d1/rpi,2026-07-23T13:18:15.231Z
165,Murray St.,2026,https://www.ncaa.com/rankings/baseball/d1/rpi,2026-07-23T13:18:15.231Z
166,Florida A&M,2026,https://www.ncaa.com/rankings/baseball/d1/rpi,2026-07-23T13:18:15.231Z
167,Houston Christian,2026,https://www.ncaa.com/rankings/baseball/d1/rpi,2026-07-23T13:18:15.231Z
168,Oral Roberts,2026,https://www.ncaa.com/rankings/baseball/d1/rpi,2026-07-23T13:18:15.231Z
169,Nevada,2026,https://www.ncaa.com/rankings/baseball/d1/rpi,2026-07-23T13:18:15.231Z
170,Sam Houston,2026,https://www.ncaa.com/rankings/baseball/d1/rpi,2026-07-23T13:18:15.231Z
171,ULM,2026,https://www.ncaa.com/rankings/baseball/d1/rpi,2026-07-23T13:18:15.231Z
172,Stony Brook,2026,https://www.ncaa.com/rankings/baseball/d1/rpi,2026-07-23T13:18:15.231Z
173,Lindenwood,2026,https://www.ncaa.com/rankings/baseball/d1/rpi,2026-07-23T13:18:15.231Z
174,Wright St.,2026,https://www.ncaa.com/rankings/baseball/d1/rpi,2026-07-23T13:18:15.231Z
175,Col. of Charleston,2026,https://www.ncaa.com/rankings/baseball/d1/rpi,2026-07-23T13:18:15.231Z
176,Penn,2026,https://www.ncaa.com/rankings/baseball/d1/rpi,2026-07-23T13:18:15.231Z
177,Alabama St.,2026,https://www.ncaa.com/rankings/baseball/d1/rpi,2026-07-23T13:18:15.231Z
178,Bethune-Cookman,2026,https://www.ncaa.com/rankings/baseball/d1/rpi,2026-07-23T13:18:15.231Z
179,Niagara,2026,https://www.ncaa.com/rankings/baseball/d1/rpi,2026-07-23T13:18:15.231Z
180,UT Arlington,2026,https://www.ncaa.com/rankings/baseball/d1/rpi,2026-07-23T13:18:15.231Z
181,James Madison,2026,https://www.ncaa.com/rankings/baseball/d1/rpi,2026-07-23T13:18:15.231Z
182,Dayton,2026,https://www.ncaa.com/rankings/baseball/d1/rpi,2026-07-23T13:18:15.231Z
183,SFA,2026,https://www.ncaa.com/rankings/baseball/d1/rpi,2026-07-23T13:18:15.231Z
184,San Jose St.,2026,https://www.ncaa.com/rankings/baseball/d1/rpi,2026-07-23T13:18:15.231Z
185,Bryant,2026,https://www.ncaa.com/rankings/baseball/d1/rpi,2026-07-23T13:18:15.231Z
186,Brown,2026,https://www.ncaa.com/rankings/baseball/d1/rpi,2026-07-23T13:18:15.231Z
187,CSUN,2026,https://www.ncaa.com/rankings/baseball/d1/rpi,2026-07-23T13:18:15.231Z
188,Marshall,2026,https://www.ncaa.com/rankings/baseball/d1/rpi,2026-07-23T13:18:15.231Z
189,Arizona,2026,https://www.ncaa.com/rankings/baseball/d1/rpi,2026-07-23T13:18:15.231Z
190,Columbia,2026,https://www.ncaa.com/rankings/baseball/d1/rpi,2026-07-23T13:18:15.231Z
191,Santa Clara,2026,https://www.ncaa.com/rankings/baseball/d1/rpi,2026-07-23T13:18:15.231Z
192,Austin Peay,2026,https://www.ncaa.com/rankings/baseball/d1/rpi,2026-07-23T13:18:15.231Z
193,New Orleans,2026,https://www.ncaa.com/rankings/baseball/d1/rpi,2026-07-23T13:18:15.231Z
194,Southern Ind.,2026,https://www.ncaa.com/rankings/baseball/d1/rpi,2026-07-23T13:18:15.231Z
195,Abilene Christian,2026,https://www.ncaa.com/rankings/baseball/d1/rpi,2026-07-23T13:18:15.231Z
196,Southern U.,2026,https://www.ncaa.com/rankings/baseball/d1/rpi,2026-07-23T13:18:15.231Z
197,Penn St.,2026,https://www.ncaa.com/rankings/baseball/d1/rpi,2026-07-23T13:18:15.231Z
198,UNLV,2026,https://www.ncaa.com/rankings/baseball/d1/rpi,2026-07-23T13:18:15.231Z
199,LIU,2026,https://www.ncaa.com/rankings/baseball/d1/rpi,2026-07-23T13:18:15.231Z
200,Grand Canyon,2026,https://www.ncaa.com/rankings/baseball/d1/rpi,2026-07-23T13:18:15.231Z
201,Holy Cross,2026,https://www.ncaa.com/rankings/baseball/d1/rpi,2026-07-23T13:18:15.231Z
202,A&M-Corpus Christi,2026,https://www.ncaa.com/rankings/baseball/d1/rpi,2026-07-23T13:18:15.231Z
203,Stetson,2026,https://www.ncaa.com/rankings/baseball/d1/rpi,2026-07-23T13:18:15.231Z
204,Ga. Southern,2026,https://www.ncaa.com/rankings/baseball/d1/rpi,2026-07-23T13:18:15.231Z
205,Quinnipiac,2026,https://www.ncaa.com/rankings/baseball/d1/rpi,2026-07-23T13:18:15.231Z
206,Merrimack,2026,https://www.ncaa.com/rankings/baseball/d1/rpi,2026-07-23T13:18:15.231Z
207,Fordham,2026,https://www.ncaa.com/rankings/baseball/d1/rpi,2026-07-23T13:18:15.231Z
208,VMI,2026,https://www.ncaa.com/rankings/baseball/d1/rpi,2026-07-23T13:18:15.231Z
209,Bowling Green,2026,https://www.ncaa.com/rankings/baseball/d1/rpi,2026-07-23T13:18:15.231Z
210,San Diego,2026,https://www.ncaa.com/rankings/baseball/d1/rpi,2026-07-23T13:18:15.231Z
211,Marist,2026,https://www.ncaa.com/rankings/baseball/d1/rpi,2026-07-23T13:18:15.231Z
212,UMBC,2026,https://www.ncaa.com/rankings/baseball/d1/rpi,2026-07-23T13:18:15.231Z
213,Gardner-Webb,2026,https://www.ncaa.com/rankings/baseball/d1/rpi,2026-07-23T13:18:15.231Z
214,Ball St.,2026,https://www.ncaa.com/rankings/baseball/d1/rpi,2026-07-23T13:18:15.231Z
215,Navy,2026,https://www.ncaa.com/rankings/baseball/d1/rpi,2026-07-23T13:18:15.231Z
216,Evansville,2026,https://www.ncaa.com/rankings/baseball/d1/rpi,2026-07-23T13:18:15.231Z
217,Davidson,2026,https://www.ncaa.com/rankings/baseball/d1/rpi,2026-07-23T13:18:15.231Z
218,San Francisco,2026,https://www.ncaa.com/rankings/baseball/d1/rpi,2026-07-23T13:18:15.231Z
219,New Mexico,2026,https://www.ncaa.com/rankings/baseball/d1/rpi,2026-07-23T13:18:15.231Z
220,UIW,2026,https://www.ncaa.com/rankings/baseball/d1/rpi,2026-07-23T13:18:15.231Z
221,Pepperdine,2026,https://www.ncaa.com/rankings/baseball/d1/rpi,2026-07-23T13:18:15.231Z
222,Middle Tenn.,2026,https://www.ncaa.com/rankings/baseball/d1/rpi,2026-07-23T13:18:15.231Z
223,FDU,2026,https://www.ncaa.com/rankings/baseball/d1/rpi,2026-07-23T13:18:15.231Z
224,New Mexico St.,2026,https://www.ncaa.com/rankings/baseball/d1/rpi,2026-07-23T13:18:15.231Z
225,FIU,2026,https://www.ncaa.com/rankings/baseball/d1/rpi,2026-07-23T13:18:15.231Z
226,UMass Lowell,2026,https://www.ncaa.com/rankings/baseball/d1/rpi,2026-07-23T13:18:15.231Z
227,UIC,2026,https://www.ncaa.com/rankings/baseball/d1/rpi,2026-07-23T13:18:15.231Z
228,William & Mary,2026,https://www.ncaa.com/rankings/baseball/d1/rpi,2026-07-23T13:18:15.231Z
229,Wagner,2026,https://www.ncaa.com/rankings/baseball/d1/rpi,2026-07-23T13:18:15.231Z
230,Towson,2026,https://www.ncaa.com/rankings/baseball/d1/rpi,2026-07-23T13:18:15.231Z
231,Harvard,2026,https://www.ncaa.com/rankings/baseball/d1/rpi,2026-07-23T13:18:15.231Z
232,Butler,2026,https://www.ncaa.com/rankings/baseball/d1/rpi,2026-07-23T13:18:15.231Z
233,Southern Ill.,2026,https://www.ncaa.com/rankings/baseball/d1/rpi,2026-07-23T13:18:15.231Z
234,Elon,2026,https://www.ncaa.com/rankings/baseball/d1/rpi,2026-07-23T13:18:15.231Z
235,UT Martin,2026,https://www.ncaa.com/rankings/baseball/d1/rpi,2026-07-23T13:18:15.231Z
236,Villanova,2026,https://www.ncaa.com/rankings/baseball/d1/rpi,2026-07-23T13:18:15.231Z
237,CSU Bakersfield,2026,https://www.ncaa.com/rankings/baseball/d1/rpi,2026-07-23T13:18:15.231Z
238,Milwaukee,2026,https://www.ncaa.com/rankings/baseball/d1/rpi,2026-07-23T13:18:15.231Z
239,South Dakota St.,2026,https://www.ncaa.com/rankings/baseball/d1/rpi,2026-07-23T13:18:15.231Z
240,Central Mich.,2026,https://www.ncaa.com/rankings/baseball/d1/rpi,2026-07-23T13:18:15.231Z
241,Delaware,2026,https://www.ncaa.com/rankings/baseball/d1/rpi,2026-07-23T13:18:15.231Z
242,Ark.-Pine Bluff,2026,https://www.ncaa.com/rankings/baseball/d1/rpi,2026-07-23T13:18:15.231Z
243,Princeton,2026,https://www.ncaa.com/rankings/baseball/d1/rpi,2026-07-23T13:18:15.231Z
244,Pacific,2026,https://www.ncaa.com/rankings/baseball/d1/rpi,2026-07-23T13:18:15.231Z
245,Eastern Mich.,2026,https://www.ncaa.com/rankings/baseball/d1/rpi,2026-07-23T13:18:15.231Z
246,Eastern Ky.,2026,https://www.ncaa.com/rankings/baseball/d1/rpi,2026-07-23T13:18:15.231Z
247,Sacred Heart,2026,https://www.ncaa.com/rankings/baseball/d1/rpi,2026-07-23T13:18:15.231Z
248,Bellarmine,2026,https://www.ncaa.com/rankings/baseball/d1/rpi,2026-07-23T13:18:15.231Z
249,Long Beach St.,2026,https://www.ncaa.com/rankings/baseball/d1/rpi,2026-07-23T13:18:15.231Z
250,Tennessee Tech,2026,https://www.ncaa.com/rankings/baseball/d1/rpi,2026-07-23T13:18:15.231Z
251,Belmont,2026,https://www.ncaa.com/rankings/baseball/d1/rpi,2026-07-23T13:18:15.231Z
252,Omaha,2026,https://www.ncaa.com/rankings/baseball/d1/rpi,2026-07-23T13:18:15.231Z
252,Seattle U,2026,https://www.ncaa.com/rankings/baseball/d1/rpi,2026-07-23T13:18:15.231Z
254,Saint Louis,2026,https://www.ncaa.com/rankings/baseball/d1/rpi,2026-07-23T13:18:15.231Z
255,Le Moyne,2026,https://www.ncaa.com/rankings/baseball/d1/rpi,2026-07-23T13:18:15.231Z
256,Georgetown,2026,https://www.ncaa.com/rankings/baseball/d1/rpi,2026-07-23T13:18:15.231Z
257,Grambling,2026,https://www.ncaa.com/rankings/baseball/d1/rpi,2026-07-23T13:18:15.231Z
258,Canisius,2026,https://www.ncaa.com/rankings/baseball/d1/rpi,2026-07-23T13:18:15.231Z
259,Massachusetts,2026,https://www.ncaa.com/rankings/baseball/d1/rpi,2026-07-23T13:18:15.231Z
260,Iona,2026,https://www.ncaa.com/rankings/baseball/d1/rpi,2026-07-23T13:18:15.231Z
261,UNC Asheville,2026,https://www.ncaa.com/rankings/baseball/d1/rpi,2026-07-23T13:18:15.231Z
262,Dartmouth,2026,https://www.ncaa.com/rankings/baseball/d1/rpi,2026-07-23T13:18:15.231Z
263,Queens (NC),2026,https://www.ncaa.com/rankings/baseball/d1/rpi,2026-07-23T13:18:15.231Z
264,Stonehill,2026,https://www.ncaa.com/rankings/baseball/d1/rpi,2026-07-23T13:18:15.231Z
265,Western Ill.,2026,https://www.ncaa.com/rankings/baseball/d1/rpi,2026-07-23T13:18:15.231Z
266,Mount St. Mary's,2026,https://www.ncaa.com/rankings/baseball/d1/rpi,2026-07-23T13:18:15.231Z
267,Manhattan,2026,https://www.ncaa.com/rankings/baseball/d1/rpi,2026-07-23T13:18:15.231Z
268,Siena,2026,https://www.ncaa.com/rankings/baseball/d1/rpi,2026-07-23T13:18:15.231Z
269,West Ga.,2026,https://www.ncaa.com/rankings/baseball/d1/rpi,2026-07-23T13:18:15.231Z
270,Akron,2026,https://www.ncaa.com/rankings/baseball/d1/rpi,2026-07-23T13:18:15.231Z
271,La Salle,2026,https://www.ncaa.com/rankings/baseball/d1/rpi,2026-07-23T13:18:15.231Z
272,UC Riverside,2026,https://www.ncaa.com/rankings/baseball/d1/rpi,2026-07-23T13:18:15.231Z
273,Presbyterian,2026,https://www.ncaa.com/rankings/baseball/d1/rpi,2026-07-23T13:18:15.231Z
274,Seton Hall,2026,https://www.ncaa.com/rankings/baseball/d1/rpi,2026-07-23T13:18:15.231Z
275,Cornell,2026,https://www.ncaa.com/rankings/baseball/d1/rpi,2026-07-23T13:18:15.231Z
276,Valparaiso,2026,https://www.ncaa.com/rankings/baseball/d1/rpi,2026-07-23T13:18:15.231Z
277,UAlbany,2026,https://www.ncaa.com/rankings/baseball/d1/rpi,2026-07-23T13:18:15.231Z
278,Northern Ky.,2026,https://www.ncaa.com/rankings/baseball/d1/rpi,2026-07-23T13:18:15.231Z
279,N.C. A&T,2026,https://www.ncaa.com/rankings/baseball/d1/rpi,2026-07-23T13:18:15.231Z
280,George Washington,2026,https://www.ncaa.com/rankings/baseball/d1/rpi,2026-07-23T13:18:15.231Z
281,Lehigh,2026,https://www.ncaa.com/rankings/baseball/d1/rpi,2026-07-23T13:18:15.231Z
282,Youngstown St.,2026,https://www.ncaa.com/rankings/baseball/d1/rpi,2026-07-23T13:18:15.231Z
283,Utah Valley,2026,https://www.ncaa.com/rankings/baseball/d1/rpi,2026-07-23T13:18:15.231Z
284,North Dakota St.,2026,https://www.ncaa.com/rankings/baseball/d1/rpi,2026-07-23T13:18:15.231Z
285,Lafayette,2026,https://www.ncaa.com/rankings/baseball/d1/rpi,2026-07-23T13:18:15.231Z
286,St. Bonaventure,2026,https://www.ncaa.com/rankings/baseball/d1/rpi,2026-07-23T13:18:15.231Z
287,LMU (CA),2026,https://www.ncaa.com/rankings/baseball/d1/rpi,2026-07-23T13:18:15.231Z
288,Fresno St.,2026,https://www.ncaa.com/rankings/baseball/d1/rpi,2026-07-23T13:18:15.231Z
289,Texas Southern,2026,https://www.ncaa.com/rankings/baseball/d1/rpi,2026-07-23T13:18:15.231Z
290,NJIT,2026,https://www.ncaa.com/rankings/baseball/d1/rpi,2026-07-23T13:18:15.231Z
291,Bradley,2026,https://www.ncaa.com/rankings/baseball/d1/rpi,2026-07-23T13:18:15.231Z
292,Jackson St.,2026,https://www.ncaa.com/rankings/baseball/d1/rpi,2026-07-23T13:18:15.231Z
293,Ohio,2026,https://www.ncaa.com/rankings/baseball/d1/rpi,2026-07-23T13:18:15.231Z
294,Oakland,2026,https://www.ncaa.com/rankings/baseball/d1/rpi,2026-07-23T13:18:15.231Z
295,St. Thomas (MN),2026,https://www.ncaa.com/rankings/baseball/d1/rpi,2026-07-23T13:18:15.231Z
296,Northern Colo.,2026,https://www.ncaa.com/rankings/baseball/d1/rpi,2026-07-23T13:18:15.231Z
297,Central Conn. St.,2026,https://www.ncaa.com/rankings/baseball/d1/rpi,2026-07-23T13:18:15.231Z
298,Mercyhurst,2026,https://www.ncaa.com/rankings/baseball/d1/rpi,2026-07-23T13:18:15.231Z
299,Mississippi Val.,2026,https://www.ncaa.com/rankings/baseball/d1/rpi,2026-07-23T13:18:15.231Z
300,Norfolk St.,2026,https://www.ncaa.com/rankings/baseball/d1/rpi,2026-07-23T13:18:15.231Z
301,New Haven,2026,https://www.ncaa.com/rankings/baseball/d1/rpi,2026-07-23T13:18:15.231Z
302,Prairie View,2026,https://www.ncaa.com/rankings/baseball/d1/rpi,2026-07-23T13:18:15.231Z
303,Coppin St.,2026,https://www.ncaa.com/rankings/baseball/d1/rpi,2026-07-23T13:18:15.231Z
304,Delaware St.,2026,https://www.ncaa.com/rankings/baseball/d1/rpi,2026-07-23T13:18:15.231Z
305,Alabama A&M,2026,https://www.ncaa.com/rankings/baseball/d1/rpi,2026-07-23T13:18:15.231Z
306,Saint Peter's,2026,https://www.ncaa.com/rankings/baseball/d1/rpi,2026-07-23T13:18:15.231Z
307,Alcorn,2026,https://www.ncaa.com/rankings/baseball/d1/rpi,2026-07-23T13:18:15.231Z
308,UMES,2026,https://www.ncaa.com/rankings/baseball/d1/rpi,2026-07-23T13:18:15.231Z
