rank,ncaaSchool,databaseSchool,matchMethod,collegeId,programId,collegeSlug,city,state,baseballWebsiteUrl,normalizedNcaa,normalizedDatabase
1,UCLA,UCLA,EXACT_NORMALIZED,cmossumq5003xqtpgz2376dpb,cmossumqt003zqtpgyjdtn02c,ucla,Los Angeles,CA,https://uclabruins.com/sports/baseball,ucla,ucla
2,Georgia Tech,Georgia Tech,EXACT_NORMALIZED,cmorirv940019qtm0y88vy537,cmorirv9s001bqtm0xz16xnel,georgia-tech,Atlanta,GA,https://ramblinwreck.com/sports/m-basebl/,georgia tech,georgia tech
3,Auburn,Auburn University,TOKEN_MATCH,cmosp9qds001iqtyg1wl3lj4x,cmosp9qeg001kqtyg0f97o2ln,auburn-university,Auburn,AL,https://auburntigers.com/sports/baseball,auburn,auburn university
4,North Carolina,University of North Carolina at Chapel Hill,ALIAS,cmorihv4u000fqth8xhav3tg9,cmorihv5i000hqth8642hp9ga,university-of-north-carolina-at-chapel-hill,Chapel Hill,NC,https://goheels.com/sports/baseball,north carolina,university of north carolina at chapel hill
5,Texas,University of Texas,ALIAS,cmosp9qth002fqtyg9zds0e99,cmosp9qu7002hqtygj0un0afw,university-of-texas,Austin,TX,https://texaslonghorns.com/sports/baseball,texas,university of texas
6,Alabama,University of Alabama,ALIAS,cmosp9qb0001cqtyg3bj9jezt,cmosp9qbp001eqtygsx3wqo39,university-of-alabama,Tuscaloosa,AL,https://rolltide.com/sports/baseball,alabama,university of alabama
7,Georgia,University of Georgia,ALIAS,cmorirv7r0016qtm0u7tt6h9b,cmorirv8g0018qtm0yypjywu7,university-of-georgia,Athens,GA,https://georgiadogs.com/sports/baseball,georgia,university of georgia
8,Florida St.,Florida State University,ALIAS,cmosownp0000cqtuo7ukk8301,cmosownpr000eqtuok3wn4xee,florida-state-university,Tallahassee,FL,https://seminoles.com/sports/baseball,florida state,florida state university
9,Southern California,University of Southern California,TOKEN_MATCH,cmossumrj0040qtpg5nfsfxij,cmossums80042qtpg69u7kaqh,university-of-southern-california,Los Angeles,CA,https://usctrojans.com/sports/baseball,southern california,university of southern california
10,Nebraska,University of Nebraska,TOKEN_MATCH,cmoss3ulp0039qtaosklsgdir,cmoss3ume003bqtaosl7ef19d,university-of-nebraska,Lincoln,NE,https://huskers.com/sports/baseball,nebraska,university of nebraska
11,Florida,University of Florida,ALIAS,cmosp9qf2001lqtyghnsfqgxe,cmosp9qfq001nqtygmt8vlvxj,university-of-florida,Gainesville,FL,https://floridagators.com/sports/baseball,florida,university of florida
12,Southern Miss.,University of Southern Mississippi,ALIAS,cmou3bzky006fqtvotlln2j4q,cmou3bzln006hqtvobpo9krgl,university-of-southern-mississippi,Hattiesburg,MS,https://southernmiss.com/sports/baseball,southern miss,university of southern mississippi
13,Mississippi St.,Mississippi State University,ALIAS,cmosp9qlj0020qtygmlse1hvz,cmosp9qm90022qtygo9hvl54a,mississippi-state-university,Starkville,MS,https://hailstate.com/sports/baseball,mississippi state,mississippi state university
14,Texas A&M,Texas A&M University,TOKEN_MATCH,cmosp9qux002iqtygai7kj7ix,cmosp9qvm002kqtygv15p8g51,texas-am-university,College Station,TX,https://12thman.com/sports/baseball,texas a and m,texas a and m university
15,Oregon,University of Oregon,ALIAS,cmossumsw0043qtpgqq3re2qg,cmossumtm0045qtpg75518v32,university-of-oregon,Eugene,OR,https://goducks.com/sports/baseball,oregon,university of oregon
16,Ole Miss,University of Mississippi,ALIAS,cmosp9qk8001xqtygdf9x52ry,cmosp9qkw001zqtygt4z58ipw,university-of-mississippi,Oxford,MS,https://olemisssports.com/sports/baseball,ole miss,university of mississippi
17,West Virginia,West Virginia University,TOKEN_MATCH,cmosun0e0005cqtlgaq1vqq45,cmosun0eo005eqtlg60tq9pxa,west-virginia-university,Morgantown,WV,https://wvusports.com/sports/baseball,west virginia,west virginia university
18,Oregon St.,Oregon State University,ALIAS,cmou3xril0070qt5slpmm4icd,cmou3xrj70072qt5s2jjtrt9o,oregon-state-university,Corvallis,OR,https://osubeavers.com/sports/baseball,oregon state,oregon state university
19,Kansas,University of Kansas,ALIAS,cmosun04x004rqtlgmuopyesz,cmosun05l004tqtlgtp5puhg6,university-of-kansas,Lawrence,KS,https://kuathletics.com/sports/baseball,kansas,university of kansas
20,Wake Forest,Wake Forest University,TOKEN_MATCH,cmorirv2b000uqtm0d0xcn8m3,cmorirv2z000wqtm0syj9sq1f,wake-forest-university,Winston-Salem,NC,https://godeacs.com/sports/baseball,wake forest,wake forest university
21,Arkansas,University of Arkansas,ALIAS,cmosp9qcd001fqtygqtxktpzw,cmosp9qd4001hqtyggghrj9on,university-of-arkansas,Fayetteville,AR,https://arkansasrazorbacks.com/sport/baseball,arkansas,university of arkansas
22,Cincinnati,University of Cincinnati,TOKEN_MATCH,cmosun02f004lqtlg6en5evwj,cmosun032004nqtlg3uum11pe,university-of-cincinnati,Cincinnati,OH,https://gobearcats.com/sports/baseball,cincinnati,university of cincinnati
23,Missouri St.,Missouri State University,ALIAS,cmou7wkgw00hiqt5sseedt2ma,cmou7wkhn00hkqt5sbhclevc1,missouri-state-university,Springfield,MO,https://missouristatebears.com/sports/baseball,missouri state,missouri state university
24,Oklahoma,University of Oklahoma,ALIAS,cmosp9qpg0026qtygji5bwcu3,cmosp9qq40028qtygnw3o8bf6,university-of-oklahoma,Norman,OK,https://soonersports.com/sports/baseball,oklahoma,university of oklahoma
25,Jacksonville St.,Jacksonville State University,ALIAS,cmou74g4y00cxqtbo8mt66c5s,cmou74g5m00czqtbo27ri2tut,jacksonville-state-university,Jacksonville,AL,https://jsugamecocksports.com/sports/baseball,jacksonville state,jacksonville state university
26,Virginia,University of Virginia,TOKEN_MATCH,cmorirvj4001rqtm0u610tmnb,cmorirvju001tqtm0jenypf9l,university-of-virginia,Charlottesville,VA,https://virginiasports.com/sports/baseball,virginia,university of virginia
27,Coastal Carolina,Coastal Carolina University,TOKEN_MATCH,cmou3bz97005rqtvofgt7p17h,cmou3bz9z005tqtvogqtsk7dh,coastal-carolina-university,Conway,SC,https://goccusports.com/sports/baseball,coastal carolina,coastal carolina university
28,Mercer,Mercer University,TOKEN_MATCH,cmorirvda001fqtm0bda9w5vn,cmorirve1001hqtm0mjm0p8oa,mercer-university,Macon,GA,https://mercerbears.com/sports/baseball,mercer,mercer university
29,Oklahoma St.,Oklahoma State University,ALIAS,cmosun07l004xqtlgmfv1xuiu,cmosun087004zqtlg8mhr1z8t,oklahoma-state-university,Stillwater,OK,https://okstate.com/sports/baseball,oklahoma state,oklahoma state university
30,Miami (FL),University of Miami,ALIAS,cmosowntd000lqtuoyvr4xd0q,cmosownu4000nqtuowsumxl0o,university-of-miami,Coral Gables,FL,https://miamihurricanes.com/sports/baseball,miami fl,university of miami
31,Tennessee,University of Tennessee,TOKEN_MATCH,cmorirveq001iqtm00tv78mb7,cmorirvfj001kqtm0id88nle9,university-of-tennessee,Knoxville,TN,https://utsports.com/sports/baseball,tennessee,university of tennessee
32,Liberty,Liberty University,TOKEN_MATCH,cmorirvly001xqtm0tzybydoz,cmorirvmo001zqtm0q8nwguf6,liberty-university,Lynchburg,VA,https://libertyflames.com/sports/baseball,liberty,liberty university
33,Louisiana,University of Louisiana at Lafayette,ALIAS,cmou3bzf30063qtvo9lhvxev8,cmou3bzfu0065qtvodm01sdij,university-of-louisiana-at-lafayette,Lafayette,LA,https://ragincajuns.com/sports/baseball,louisiana,university of louisiana at lafayette
34,Boston College,Boston College,EXACT_NORMALIZED,cmosownei0000qtuolkw0dovw,cmosownis0002qtuoado2ywvj,boston-college,Chestnut Hill,MA,https://bceagles.com/sports/baseball,boston college,boston college
35,Troy,Troy University,TOKEN_MATCH,cmou3bznt006lqtvom504k4vr,cmou3bzoj006nqtvow6hywsy4,troy-university,Troy,AL,https://troytrojans.com/sports/baseball,troy,troy university
36,UCF,UCF,EXACT_NORMALIZED,cmosun0bd0056qtlg87u13vxx,cmosun0c10058qtlgn2wdysws,ucf,Orlando,FL,https://ucfknights.com/sports/baseball,ucf,ucf
37,Kentucky,University of Kentucky,TOKEN_MATCH,cmosp9qho001rqtyg0963f2ul,cmosp9qib001tqtygp6ddtgbs,university-of-kentucky,Lexington,KY,https://ukathletics.com/sports/baseball,kentucky,university of kentucky
39,Pittsburgh,University of Pittsburgh,TOKEN_MATCH,cmosownzc000xqtuoxng8rral,cmosowo02000zqtuorrxcus33,university-of-pittsburgh,Pittsburgh,PA,https://pittsburghpanthers.com/sports/baseball,pittsburgh,university of pittsburgh
40,East Carolina,East Carolina University,TOKEN_MATCH,cmoriruzd000oqtm0np271cox,cmorirv02000qqtm0792m94ry,east-carolina-university,Greenville,NC,https://ecupirates.com/sports/baseball,east carolina,east carolina university
41,The Citadel,The Citadel,EXACT_NORMALIZED,cmou869si00kxqtjk4hq2v3uw,cmou869t600kzqtjkn5cr70vq,the-citadel,Charleston,SC,https://citadelsports.com/sports/baseball,the citadel,the citadel
42,Virginia Tech,Virginia Tech,EXACT_NORMALIZED,cmorirvkj001uqtm0xddfcy1n,cmorirvl8001wqtm0fnifyxse,virginia-tech,Blacksburg,VA,https://hokiesports.com/sports/baseball,virginia tech,virginia tech
43,Texas St.,Texas State University,ALIAS,cmou3bzmd006iqtvo520iedb5,cmou3bzn4006kqtvov57tocaz,texas-state-university,San Marcos,TX,https://txst.com/sports/baseball,texas state,texas state university
44,Arizona St.,Arizona State University,ALIAS,cmosumzyf004cqtlgurkdv8j2,cmosumzz4004eqtlggz9328ng,arizona-state-university,Tempe,AZ,https://thesundevils.com/sports/baseball,arizona state,arizona state university
45,Miami (OH),Miami University,ALIAS,cmou7sknj00g9qtagx86tk6jp,cmou7skoa00gbqtagdohm68a4,miami-university,Oxford,OH,https://miamiredhawks.com/sports/baseball,miami oh,miami university
46,TCU,TCU,EXACT_NORMALIZED,cmosun08u0050qtlg3k28eb5j,cmosun09h0052qtlg5joyoy43,tcu,Fort Worth,TX,https://gofrogs.com/sports/baseball,tcu,tcu
47,Southeast Mo. St.,Southeast Missouri State University,ALIAS,cmou8257y00k3qtfo1yehrrpj,cmou8258p00k5qtfobw57z4wq,southeast-missouri-state-university,Cape Girardeau,MO,https://semoredhawks.com/sports/baseball,southeast mo state,southeast missouri state university
48,High Point,High Point University,TOKEN_MATCH,cmorirv3o000xqtm0dw9r5xuo,cmorirv4e000zqtm091dbu3g3,high-point-university,High Point,NC,https://highpointpanthers.com/sports/baseball,high point,high point university
49,Clemson,Clemson University,TOKEN_MATCH,cmorihuy70003qth8lteegu87,cmorihuzp0005qth8tz9l0qy6,clemson-university,Clemson,SC,https://clemsontigers.com/sports/baseball/,clemson,clemson university
50,Kent St.,Kent State University,ALIAS,cmou7skkk00g3qtagy6vhez1y,cmou7skla00g5qtagy804ec2z,kent-state-university,Kent,OH,https://kentstatesports.com/sports/baseball,kent state,kent state university
51,NC State,North Carolina State University,ALIAS,cmoriruwm000iqtm02t4sd889,cmoriruxc000kqtm0j7aburmj,north-carolina-state-university,Raleigh,NC,https://gopack.com/sports/baseball,north carolina state,north carolina state university
52,UTSA,University of Texas at San Antonio,ALIAS,cmou57el20089qtdwofatlmue,cmou57elp008bqtdw5g9tglmv,university-of-texas-at-san-antonio,San Antonio,TX,https://goutsa.com/sports/baseball,utsa,university of texas at san antonio
53,Purdue,Purdue University,TOKEN_MATCH,cmoss3ura003lqtaodex5xyz9,cmoss3urx003nqtaoxvvgb7e1,purdue-university,West Lafayette,IN,https://purduesports.com/sports/baseball,purdue,purdue university
54,Michigan,University of Michigan,ALIAS,cmoss3uhm0030qtaobbllk1g1,cmoss3uib0032qtaobpuy0tpv,university-of-michigan,Ann Arbor,MI,https://mgoblue.com/sports/baseball,michigan,university of michigan
55,Kansas St.,Kansas State University,ALIAS,cmosun069004uqtlgldcwzyyz,cmosun06w004wqtlghra8useq,kansas-state-university,Manhattan,KS,https://www.kstatesports.com/sports/baseball,kansas state,kansas state university
56,Tarleton St.,Tarleton State University,ALIAS,cmou8ctnz00nxqtlo1naql28v,cmou8ctoo00nzqtlov4b045g8,tarleton-state-university,Stephenville,TX,https://tarletonsports.com/sports/baseball,tarleton state,tarleton state university
57,Gonzaga,Gonzaga University,TOKEN_MATCH,cmou3xrhd006xqt5sy8mx7xfp,cmou3xrhz006zqt5svvnwi1wg,gonzaga-university,Spokane,WA,https://gozags.com/sports/baseball,gonzaga,gonzaga university
58,Arkansas St.,Arkansas State University,TOKEN_MATCH,cmou3bz6n005oqtvovcdaj57a,cmou3bz7n005qqtvo0uxy0otj,arkansas-state-university,Jonesboro,AR,https://astateredwolves.com/sports/baseball,arkansas state,arkansas state university
59,California,University of California Berkeley,ALIAS,cmosownko0003qtuom8wxpo9s,cmosownle0005qtuo0gwfge3i,university-of-california-berkeley,Berkeley,CA,https://calbears.com/sports/baseball,california,university of california berkeley
60,Campbell,Campbell University,TOKEN_MATCH,cmorirv530010qtm0xxcup0nz,cmorirv5q0012qtm028k9yq81,campbell-university,Buies Creek,NC,https://gocamels.com/sports/baseball,campbell,campbell university
61,Baylor,Baylor University,TOKEN_MATCH,cmosumzzu004fqtlg454szeg8,cmosun00i004hqtlgy3534tz1,baylor-university,Waco,TX,https://baylorbears.com/sports/baseball,baylor,baylor university
62,California Baptist,California Baptist University,TOKEN_MATCH,cmou8ctii00nlqtlojaynels8,cmou8ctj700nnqtlon1veo5hd,california-baptist-university,Riverside,CA,https://cbulancers.com/sports/baseball,california baptist,california baptist university
63,LSU,Louisiana State University,ALIAS,cmosp9qiy001uqtygr9z70e4d,cmosp9qjl001wqtygay3k1f31,louisiana-state-university,Baton Rouge,LA,https://lsusports.net/sports/bsb/,lsu,louisiana state university
64,South Alabama,University of South Alabama,TOKEN_MATCH,cmou3bzjh006cqtvo0kcr1a9o,cmou3bzk7006eqtvoq0vt640m,university-of-south-alabama,Mobile,AL,https://usajaguars.com/sports/baseball,south alabama,university of south alabama
65,Western Caro.,Western Carolina University,ALIAS,cmou86a0n00lfqtjkf6uhpkzy,cmou86a1d00lhqtjk2lctf0xy,western-carolina-university,Cullowhee,NC,https://catamountsports.com/sports/baseball,western caro,western carolina university
66,UAB,University of Alabama at Birmingham,ALIAS,cmou57e5s007iqtdwb3g795nq,cmou57e6p007kqtdwt7q4s4pg,university-of-alabama-at-birmingham,Birmingham,AL,https://uabsports.com/sports/baseball,uab,university of alabama at birmingham
67,Saint Joseph's,Saint Joseph's University,TOKEN_MATCH,cmou65qh80093qt1oh6psc6h9,cmou65qhy0095qt1ownoailh2,saint-josephs-university,Philadelphia,PA,https://sjuhawks.com/sports/baseball,saint josephs,saint josephs university
68,Notre Dame,University of Notre Dame,TOKEN_MATCH,cmosownxt000uqtuozt3yykq9,cmosownyi000wqtuo71ef7lg9,university-of-notre-dame,Notre Dame,IN,https://fightingirish.com/sports/baseball,notre dame,university of notre dame
69,Xavier,Xavier University,TOKEN_MATCH,cmou6bado00b3qticrimagx0v,cmou6baee00b5qtic8uzfufb4,xavier-university,Cincinnati,OH,https://goxavier.com/sports/baseball,xavier,xavier university
70,DBU,Dallas Baptist University,ALIAS,cmou3xrou007fqt5sv5iwwby9,cmou3xrph007hqt5sgsdjmkeg,dallas-baptist-university,Dallas,TX,https://dbupatriots.com/sports/baseball,dbu,dallas baptist university
71,Iowa,University of Iowa,ALIAS,cmoss3uew002uqtao33d0b37y,cmoss3ufl002wqtaoqkam7j3s,university-of-iowa,Iowa City,IA,https://hawkeyesports.com/sports/baseball,iowa,university of iowa
72,Vanderbilt,Vanderbilt University,TOKEN_MATCH,cmorirvg7001lqtm0c5s97k3m,cmorirvgy001nqtm003uf21dj,vanderbilt-university,Nashville,TN,https://vucommodores.com/sports/baseball,vanderbilt,vanderbilt university
74,Southeastern La.,Southeastern Louisiana University,ALIAS,cmou87sdy00m9qt8ov075op6f,cmou87sen00mbqt8odmp5ltru,southeastern-louisiana-university,Hammond,LA,https://lionsports.net/sports/baseball,southeastern la,southeastern louisiana university
75,Eastern Ill.,Eastern Illinois University,ALIAS,cmou8250s00joqtfonibp33ex,cmou8251i00jqqtforluc833g,eastern-illinois-university,Charleston,IL,https://eiupanthers.com/sports/baseball,eastern ill,eastern illinois university
76,Rice,Rice University,TOKEN_MATCH,cmou57edu007xqtdwf0oux6v3,cmou57eem007zqtdwx7f8coft,rice-university,Houston,TX,https://riceowls.com/sports/baseball,rice,rice university
77,BYU,BYU,EXACT_NORMALIZED,cmosun015004iqtlg3arpxgbi,cmosun01s004kqtlg2b6mlqcd,byu,Provo,UT,https://byucougars.com/sports/baseball,byu,byu
78,NIU,Northern Illinois University,ALIAS,cmou7skp000gcqtag9gme0a5g,cmou7skpt00geqtagbn7zudpp,northern-illinois-university,DeKalb,IL,https://niuhuskies.com/sports/baseball,niu,northern illinois university
79,South Fla.,University of South Florida,ALIAS,cmou57eff0080qtdwllt5e1ya,cmou57eg60082qtdwkr4v7bz1,university-of-south-florida,Tampa,FL,https://gousfbulls.com/sports/baseball,south fla,university of south florida
80,Louisiana Tech,Louisiana Tech University,TOKEN_MATCH,cmou74g9400d6qtbozjfls2vs,cmou74g9u00d8qtbof7zmonqa,louisiana-tech-university,Ruston,LA,https://latechsports.com/sports/baseball,louisiana tech,louisiana tech university
81,Samford,Samford University,TOKEN_MATCH,cmou869xz00l9qtjkp3n01t3v,cmou869yo00lbqtjkmkyipunp,samford-university,Birmingham,AL,https://samfordsports.com/sports/baseball,samford,samford university
82,Washington St.,Washington State University,ALIAS,cmou3xrnk007cqt5s6uwa48hy,cmou3xro6007eqt5s92zz2kml,washington-state-university,Pullman,WA,https://wsucougars.com/sports/baseball,washington state,washington state university
83,USC Upstate,USC Upstate,EXACT_NORMALIZED,cmou6tv9y00brqti0h1og2mt7,cmou6tvap00btqti0249q1z1i,usc-upstate,Spartanburg,SC,https://upstatespartans.com/sports/baseball,usc upstate,usc upstate
84,VCU,Virginia Commonwealth University,ALIAS,cmou65qk50099qt1olu75tu27,cmou65qkx009bqt1o72evz4o4,virginia-commonwealth-university,Richmond,VA,https://vcuathletics.com/sports/baseball,vcu,virginia commonwealth university
85,Maryland,University of Maryland,TOKEN_MATCH,cmoss3uga002xqtaoeu7linqc,cmoss3ugz002zqtao0glr6o9h,university-of-maryland,College Park,MD,https://umterps.com/sports/baseball,maryland,university of maryland
86,Duke,Duke University,TOKEN_MATCH,cmoriruy1000lqtm0hg80trqj,cmoriruyp000nqtm0g4gkgqwd,duke-university,Durham,NC,https://goduke.com/sports/baseball,duke,duke university
87,Ohio St.,Ohio State University,ALIAS,cmoss3uob003fqtaoxl8favwc,cmoss3upc003hqtaoe5fltxdq,ohio-state-university,Columbus,OH,https://ohiostatebuckeyes.com/sports/baseball,ohio state,ohio state university
88,Northeastern,Northeastern University,TOKEN_MATCH,cmou72rhq00ccqtt8mnchz644,cmou72rih00ceqtt8pvkwzi7n,northeastern-university,Boston,MA,https://nuhuskies.com/sports/baseball,northeastern,northeastern university
89,Little Rock,University of Arkansas at Little Rock,ALIAS,cmou8253h00juqtfoheeskxep,cmou8254800jwqtfo93hx3i10,university-of-arkansas-at-little-rock,Little Rock,AR,https://lrtrojans.com/sports/baseball,little rock,university of arkansas at little rock
90,Lamar University,Lamar University,EXACT_NORMALIZED,cmou87s5i00luqt8onj1dfzgw,cmou87s6900lwqt8ovwn8avii,lamar-university,Beaumont,TX,https://lamarcardinals.com/sports/baseball,lamar university,lamar university
91,Louisville,University of Louisville,TOKEN_MATCH,cmosownru000iqtuo4o7sl6mq,cmosownsl000kqtuo6bkrgo88,university-of-louisville,Louisville,KY,https://gocards.com/sports/baseball,louisville,university of louisville
92,Kennesaw St.,Kennesaw State University,ALIAS,cmorirvat001cqtm0g8f0pvoh,cmorirvc4001eqtm05q6w6boq,kennesaw-state-university,Kennesaw,GA,https://ksuowls.com/sports/baseball,kennesaw state,kennesaw state university
93,Minnesota,University of Minnesota,TOKEN_MATCH,cmoss3ukd0036qtao5inxhdyw,cmoss3ul10038qtao9tzgk83e,university-of-minnesota,Minneapolis,MN,https://gophersports.com/sports/baseball,minnesota,university of minnesota
95,San Diego St.,San Diego State University,ALIAS,cmou3xrju0073qt5sqs3jf1rt,cmou3xrkg0075qt5suzvu19l1,san-diego-state-university,San Diego,CA,https://goaztecs.com/sports/baseball,san diego state,san diego state university
96,Creighton,Creighton University,TOKEN_MATCH,cmou6ba2k00afqticpp034jhc,cmou6ba3a00ahqtic1dy2e7bu,creighton-university,Omaha,NE,https://gocreighton.com/sports/baseball,creighton,creighton university
97,UTRGV,University of Texas Rio Grande Valley,ALIAS,cmou8ctl700nrqtlo4ao723bv,cmou8ctlw00ntqtlo9w0luybv,university-of-texas-rio-grande-valley,Edinburg,TX,https://goutrgv.com/sports/baseball,utrgv,university of texas rio grande valley
98,Charlotte,University of North Carolina at Charlotte,ALIAS,cmou57e7n007lqtdw6grlj0yo,cmou57e8c007nqtdwb5t9ewz1,university-of-north-carolina-at-charlotte,Charlotte,NC,https://charlotte49ers.com/sports/baseball,charlotte,university of north carolina at charlotte
100,UConn,University of Connecticut,ALIAS,cmou6ba1700acqtict3598yzg,cmou6ba1v00aeqticcud1v7g6,university-of-connecticut,Storrs,CT,https://uconnhuskies.com/sports/baseball,uconn,university of connecticut
101,Illinois,University of Illinois,ALIAS,cmoss3uby002oqtao54kmml5m,cmoss3ucp002qqtaoodp62vry,university-of-illinois,Champaign,IL,https://fightingillini.com/sports/baseball,illinois,university of illinois
102,St. John's (NY),St. John's University,ALIAS,cmou6ba9d00auqtichfm9m8f7,cmou6baa000awqticynlwrngm,st-johns-university,Queens,NY,https://redstormsports.com/sports/baseball,state johns ny,state johns university
103,Utah,University of Utah,ALIAS,cmosun0cp0059qtlgmyvx6gz3,cmosun0dd005bqtlgtpmduubv,university-of-utah,Salt Lake City,UT,https://utahutes.com/sports/baseball,utah,university of utah
104,Stanford,Stanford University,TOKEN_MATCH,cmosowo0s0010qtuovb31mcy3,cmosowo1h0012qtuoqpb2b897,stanford-university,Stanford,CA,https://gostanford.com/sports/baseball,stanford,stanford university
105,ETSU,East Tennessee State University,ALIAS,cmorirvhn001oqtm0h339uelq,cmorirvid001qqtm07p0bazmo,east-tennessee-state-university,Johnson City,TN,https://etsubucs.com/sports/baseball,etsu,east tennessee state university
106,Longwood,Longwood University,TOKEN_MATCH,cmou6tv4900bfqti0dl5zm88o,cmou6tv4y00bhqti0f4aa9zgu,longwood-university,Farmville,VA,https://longwoodlancers.com/sports/baseball,longwood,longwood university
107,Houston,University of Houston,TOKEN_MATCH,cmosun03o004oqtlgjeqvedtg,cmosun04b004qqtlg5tbn4tad,university-of-houston,Houston,TX,https://uhcougars.com/sports/baseball,houston,university of houston
108,Missouri,University of Missouri,ALIAS,cmosp9qmw0023qtygkzxzqlg0,cmosp9qo10025qtyg45ywi4vo,university-of-missouri,Columbia,MO,https://mutigers.com/sports/baseball,missouri,university of missouri
109,Michigan St.,Michigan State University,ALIAS,cmoss3uj00033qtao6edcy6t4,cmoss3ujo0035qtaocvcas0pr,michigan-state-university,East Lansing,MI,https://msuspartans.com/sports/baseball,michigan state,michigan state university
111,Memphis,University of Memphis,TOKEN_MATCH,cmou57ece007uqtdws2374kvt,cmou57ed3007wqtdwo9u0rnod,university-of-memphis,Memphis,TN,https://gotigersgo.com/sports/baseball,memphis,university of memphis
112,Winthrop,Winthrop University,TOKEN_MATCH,cmorihv3g000cqth80t0ywnkz,cmorihv44000eqth8uy202g1u,winthrop-university,Rock Hill,SC,https://winthropeagles.com/sports/baseball,winthrop,winthrop university
113,App State,Appalachian State University,ALIAS,cmorirv6d0013qtm0857czvw2,cmorirv710015qtm0ovu568ty,appalachian-state-university,Boone,NC,https://appstatesports.com/sports/baseball,app state,appalachian state university
113,Morehead St.,Morehead State University,ALIAS,cmou8254z00jxqtfojfw5nai9,cmou8255p00jzqtfoxtl707lf,morehead-state-university,Morehead,KY,https://msueagles.com/sports/baseball,morehead state,morehead state university
115,Old Dominion,Old Dominion University,TOKEN_MATCH,cmou3bzi30069qtvo7egz1i63,cmou3bzis006bqtvox87it60e,old-dominion-university,Norfolk,VA,https://odusports.com/sports/baseball,old dominion,old dominion university
116,Wofford,Wofford College,TOKEN_MATCH,cmorihv200009qth8tpbw4u9n,cmorihv2r000bqth8jevenygj,wofford-college,Spartanburg,SC,https://woffordterriers.com/sports/baseball,wofford,wofford college
119,Rider,Rider University,TOKEN_MATCH,cmou7g58200fcqtkwlr36bze7,cmou7g58r00feqtkwnpsgaznj,rider-university,Lawrenceville,NJ,https://gobroncs.com/sports/baseball,rider,rider university
121,Portland,University of Portland,TOKEN_MATCH,cmou8eaal00olqt6ssp9uycb0,cmou8eab900onqt6sr81s9tjj,university-of-portland,Portland,OR,https://portlandpilots.com/sports/baseball,portland,university of portland
122,Rutgers,Rutgers University,TOKEN_MATCH,cmoss3usl003oqtaorrzcvm28,cmoss3ut9003qqtaoy83jq2k5,rutgers-university,New Brunswick,NJ,https://scarletknights.com/sports/baseball,rutgers,rutgers university
123,FGCU,Florida Gulf Coast University,ALIAS,cmou692az009oqt1gwyz2tbx3,cmou692bn009qqt1g825aij0e,florida-gulf-coast-university,Fort Myers,FL,https://fgcuathletics.com/sports/baseball,fgcu,florida gulf coast university
124,Indiana,Indiana University,ALIAS,cmoss3ude002rqtaoztf1hdin,cmoss3ue6002tqtaoogo4t1i5,indiana-university,Bloomington,IN,https://iuhoosiers.com/sports/baseball,indiana,indiana university
126,Texas Tech,Texas Tech University,TOKEN_MATCH,cmosun0a30053qtlgwqx8pc03,cmosun0ar0055qtlg6xlvphkd,texas-tech-university,Lubbock,TX,https://texastech.com/sports/baseball,texas tech,texas tech university
127,Fla. Atlantic,Florida Atlantic University,ALIAS,cmou57eah007rqtdw819u1kd8,cmou57eba007tqtdwnzaxnsg8,florida-atlantic-university,Boca Raton,FL,https://fausports.com/sports/baseball,fla atlantic,florida atlantic university
128,Richmond,University of Richmond,TOKEN_MATCH,cmou65qft0090qt1oyy3qt0xa,cmou65qgi0092qt1ovyrn305w,university-of-richmond,Richmond,VA,https://richmondspiders.com/sports/baseball,richmond,university of richmond
129,Jacksonville,Jacksonville University,TOKEN_MATCH,cmou692c9009rqt1gyfzu2me9,cmou692cy009tqt1gvkh1u2u0,jacksonville-university,Jacksonville,FL,https://judolphins.com/sports/baseball,jacksonville,jacksonville university
130,Georgia St.,Georgia State University,ALIAS,cmou3bzc7005xqtvobxbfhhf1,cmou3bzcy005zqtvo3urwyp5m,georgia-state-university,Atlanta,GA,https://georgiastatesports.com/sports/baseball,georgia state,georgia state university
132,Charleston So.,Charleston Southern University,ALIAS,cmou6tv0000b6qti0uw8kd0th,cmou6tv0p00b8qti0d062ek6f,charleston-southern-university,Charleston,SC,https://csusports.com/sports/baseball,charleston so,charleston southern university
133,McNeese,McNeese State University,TOKEN_MATCH,cmou87s7p00lxqt8o8ol0m0nw,cmou87s8g00lzqt8ofnxh0lqd,mcneese-state-university,Lake Charles,LA,https://mcneesesports.com/sports/baseball,mcneese,mcneese state university
134,UNC Greensboro,University of North Carolina at Greensboro,ALIAS,cmou869wi00l6qtjk6ypp1qk6,cmou869xa00l8qtjkn3v1meqz,university-of-north-carolina-at-greensboro,Greensboro,NC,https://uncgspartans.com/sports/baseball,unc greensboro,university of north carolina at greensboro
136,Toledo,University of Toledo,TOKEN_MATCH,cmou7skrx00giqtag4g0n7mer,cmou7sksm00gkqtag0c0v789p,university-of-toledo,Toledo,OH,https://utrockets.com/sports/baseball,toledo,university of toledo
137,Air Force,Air Force Academy,ALIAS,cmou7y6lb00i0qtoctz1o5gup,cmou7y6m100i2qtocacagvlzg,air-force-academy,Colorado Springs,CO,https://goairforcefalcons.com/sports/baseball,air force,air force academy
138,South Carolina,University of South Carolina,ALIAS,cmoeilurm0000qtiga2s54ybq,cmoeiluu40002qtig2x8132f9,university-of-south-carolina,Columbia,SC,https://gamecocksonline.com/sports/baseball/,south carolina,university of south carolina
139,Western Ky.,Western Kentucky University,ALIAS,cmou74gg300dlqtboxjrli6hd,cmou74ggv00dnqtbo8qnjt772,western-kentucky-university,Bowling Green,KY,https://wkusports.com/sports/baseball,western ky,western kentucky university
140,Saint Mary's (CA),Saint Mary's College of California,ALIAS,cmou8eabz00ooqt6s0y8qips5,cmou8eaco00oqqt6skzpaxh8w,saint-marys-college-of-california,Moraga,CA,https://smcgaels.com/sports/baseball,saint marys ca,saint marys college of california
142,Wichita St.,Wichita State University,ALIAS,cmou57emf008cqtdwbx84cqra,cmou57en3008eqtdwv2nmtif8,wichita-state-university,Wichita,KS,https://goshockers.com/sports/baseball,wichita state,wichita state university
143,Utah Tech,Utah Tech University,ALIAS,cmou8cttf00o9qtlojvw16fv0,cmou8ctup00obqtlocox98axm,utah-tech-university,St. George,UT,https://utahtechtrailblazers.com/sports/baseball,utah tech,utah tech university
144,Yale,Yale University,TOKEN_MATCH,cmou7ekwq00eoqtx8hjslnjkg,cmou7ekxf00eqqtx8xz654fgj,yale-university,New Haven,CT,https://yalebulldogs.com/sports/baseball,yale,yale university
145,Monmouth,Monmouth University,TOKEN_MATCH,cmou72rez00c6qtt8vg07t3mb,cmou72rfn00c8qtt8hwktn20p,monmouth-university,West Long Branch,NJ,https://monmouthhawks.com/sports/baseball,monmouth,monmouth university
147,Tulane,Tulane University,TOKEN_MATCH,cmou57ejn0086qtdwaxqor803,cmou57ekc0088qtdwzjnvgm0x,tulane-university,New Orleans,LA,https://tulanegreenwave.com/sports/baseball,tulane,tulane university
148,George Mason,George Mason University,TOKEN_MATCH,cmou65q9z008oqt1ow67o9q0x,cmou65qaq008qqt1oh4skw4mn,george-mason-university,Fairfax,VA,https://gomason.com/sports/baseball,george mason,george mason university
149,Western Mich.,Western Michigan University,ALIAS,cmou7sktc00glqtag4fw8487m,cmou7sku100gnqtagdyo59rxn,western-michigan-university,Kalamazoo,MI,https://wmubroncos.com/sports/baseball,western mich,western michigan university
150,Northwestern,Northwestern University,ALIAS,cmoss3un1003cqtao6c08qtft,cmoss3uno003eqtaonzgvlr9p,northwestern-university,Evanston,IL,https://nusports.com/sports/baseball,northwestern,northwestern university
151,Rhode Island,University of Rhode Island,TOKEN_MATCH,cmou65qee008xqt1o7ljwn00l,cmou65qf4008zqt1oaxiecdfx,university-of-rhode-island,Kingston,RI,https://gorhody.com/sports/baseball,rhode island,university of rhode island
152,Central Ark.,University of Central Arkansas,ALIAS,cmou69282009iqt1gxj2iub11,cmou6928r009kqt1gue4f9xf1,university-of-central-arkansas,Conway,AR,https://ucasports.com/sports/baseball,central ark,university of central arkansas
153,Bucknell,Bucknell University,TOKEN_MATCH,cmou853uk00kiqtiwr4lsp4p6,cmou853v900kkqtiwu3parh8r,bucknell-university,Lewisburg,PA,https://bucknellbison.com/sports/baseball,bucknell,bucknell university
154,Nicholls,Nicholls State University,TOKEN_MATCH,cmou87sao00m3qt8o9ltpx7xj,cmou87sbe00m5qt8o3c4bkqxp,nicholls-state-university,Thibodaux,LA,https://geauxcolonels.com/sports/baseball,nicholls,nicholls state university
156,Washington,University of Washington,ALIAS,cmossumua0046qtpg7kokmi2a,cmossumuy0048qtpgu11ho5mb,university-of-washington,Seattle,WA,https://gohuskies.com/sports/baseball,washington,university of washington
157,North Ala.,University of North Alabama,ALIAS,cmou692dm009uqt1gk17ovy4y,cmou692eh009wqt1gg1l67qtd,university-of-north-alabama,Florence,AL,https://roarlions.com/sports/baseball,north ala,university of north alabama
158,Illinois St.,Illinois State University,ALIAS,cmou7wke000hcqt5sqqhjpdb9,cmou7wkeo00heqt5sc53q9gdn,illinois-state-university,Normal,IL,https://goredbirds.com/sports/baseball,illinois state,illinois state university
159,Northwestern St.,Northwestern State University,ALIAS,cmou87sc400m6qt8og6qwpy7g,cmou87sd800m8qt8omluc99f6,northwestern-state-university,Natchitoches,LA,https://nsudemons.com/sports/baseball,northwestern state,northwestern state university
160,Fairfield,Fairfield University,TOKEN_MATCH,cmou7g4zq00euqtkwd42cysuy,cmou7g50f00ewqtkwsbzcsid6,fairfield-university,Fairfield,CT,https://fairfieldstags.com/sports/baseball,fairfield,fairfield university
161,Radford,Radford University,TOKEN_MATCH,cmou6tv7100blqti0ro2wk1tg,cmou6tv7r00bnqti0zdyxeksd,radford-university,Radford,VA,https://radfordathletics.com/sports/baseball,radford,radford university
162,North Florida,University of North Florida,TOKEN_MATCH,cmou692f9009xqt1gxdgwjsm8,cmou692fz009zqt1goeu3cfla,university-of-north-florida,Jacksonville,FL,https://unfospreys.com/sports/baseball,north florida,university of north florida
163,Indiana St.,Indiana State University,ALIAS,cmou7wkff00hfqt5sve6yzh1q,cmou7wkg500hhqt5skxa5byu1,indiana-state-university,Terre Haute,IN,https://gosycamores.com/sports/baseball,indiana state,indiana state university
164,Army West Point,Army West Point,EXACT_NORMALIZED,cmou853t900kfqtiwom7baojh,cmou853tx00khqtiwxhk7iuh6,army-west-point,West Point,NY,https://goarmywestpoint.com/sports/baseball,army west point,army west point
165,Murray St.,Murray State University,ALIAS,cmou7wkih00hlqt5s33909h6i,cmou7wkj800hnqt5sekexg9mi,murray-state-university,Murray,KY,https://goracers.com/sports/baseball,murray state,murray state university
166,Florida A&M,Florida A&M University,TOKEN_MATCH,cmou8bkba00muqtuwai4k6w4f,cmou8bkc500mwqtuwn4v6624q,florida-am-university,Tallahassee,FL,https://famuathletics.com/sports/baseball,florida a and m,florida a and m university
167,Houston Christian,Houston Christian University,TOKEN_MATCH,cmou87s2600loqt8ogi952e7u,cmou87s2z00lqqt8oy3ac0hd5,houston-christian-university,Houston,TX,https://hcuhuskies.com/sports/baseball,houston christian,houston christian university
169,Nevada,University of Nevada Reno,ALIAS,cmou7y6o400i6qtocedeswv8d,cmou7y6ov00i8qtoc0x1u0gup,university-of-nevada-reno,Reno,NV,https://nevadawolfpack.com/sports/baseball,nevada,university of nevada reno
170,Sam Houston,Sam Houston State University,TOKEN_MATCH,cmou74gda00dfqtbowljcz5qy,cmou74gdy00dhqtboupmdj4ka,sam-houston-state-university,Huntsville,TX,https://gobearkats.com/sports/baseball,sam houston,sam houston state university
171,ULM,University of Louisiana Monroe,ALIAS,cmou3bzp7006oqtvos9t9rqg2,cmou3bzpy006qqtvoaa8o1moc,university-of-louisiana-monroe,Monroe,LA,https://ulmwarhawks.com/sports/baseball,ulm,university of louisiana monroe
172,Stony Brook,Stony Brook University,TOKEN_MATCH,cmou72rj700cfqtt8j1fo71oa,cmou72rjw00chqtt8k4ykpna3,stony-brook-university,Stony Brook,NY,https://stonybrookathletics.com/sports/baseball,stony brook,stony brook university
174,Wright St.,Wright State University,ALIAS,cmou7aqjy00doqt44d0xwv16o,cmou7aqkp00dqqt444juv136m,wright-state-university,Dayton,OH,https://wsuraiders.com/sports/baseball,wright state,wright state university
175,Col. of Charleston,College of Charleston,ALIAS,cmorihv0l0006qth8tj4axfti,cmorihv1b0008qth8h0fs6y1x,college-of-charleston,Charleston,SC,https://cofcsports.com/sports/baseball,col of charleston,college of charleston
176,Penn,University of Pennsylvania,ALIAS,cmou7ektw00eiqtx8aqk8pgdt,cmou7ekum00ekqtx8zgid0z1w,university-of-pennsylvania,Philadelphia,PA,https://pennathletics.com/sports/baseball,penn,university of pennsylvania
177,Alabama St.,Alabama State University,TOKEN_MATCH,cmou8bk6700mlqtuw9jg9v0hr,cmou8bk7000mnqtuws5zp12wv,alabama-state-university,Montgomery,AL,https://bamastatesports.com/sports/baseball,alabama state,alabama state university
178,Bethune-Cookman,Bethune-Cookman University,TOKEN_MATCH,cmou8bk9700mrqtuwxcss2rbf,cmou8bkam00mtqtuw05l80dri,bethune-cookman-university,Daytona Beach,FL,https://bcuathletics.com/sports/baseball,bethune cookman,bethune cookman university
179,Niagara,Niagara University,TOKEN_MATCH,cmou7g55900f6qtkwnbzbwha4,cmou7g55y00f8qtkwgjqz1y2q,niagara-university,Niagara University,NY,https://purpleeagles.com/sports/baseball,niagara,niagara university
180,UT Arlington,University of Texas Arlington,ALIAS,cmou8ctml00nuqtloo0hli517,cmou8ctnb00nwqtlox4zfn4op,university-of-texas-arlington,Arlington,TX,https://utamavs.com/sports/baseball,ut arlington,university of texas arlington
181,James Madison,James Madison University,TOKEN_MATCH,cmorirvnh0020qtm0zmpqk8ha,cmorirvo80022qtm0v8nc60z1,james-madison-university,Harrisonburg,VA,https://jmusports.com/sports/baseball,james madison,james madison university
182,Dayton,University of Dayton,TOKEN_MATCH,cmou65q73008iqt1o6zbgwgae,cmou65q7u008kqt1ooxam21og,university-of-dayton,Dayton,OH,https://daytonflyers.com/sports/baseball,dayton,university of dayton
183,SFA,Stephen F. Austin State University,ALIAS,cmou87sfe00mcqt8omjooodxl,cmou87sg500meqt8o07o9mbvb,stephen-f-austin-state-university,Nacogdoches,TX,https://sfajacks.com/sports/baseball,sfa,stephen f austin state university
184,San Jose St.,San Jose State University,ALIAS,cmou7y6qy00icqtocgehc57zb,cmou7y6rn00ieqtoc6pij5vm6,san-jose-state-university,San Jose,CA,https://sjsuspartans.com/sports/baseball,san jose state,san jose state university
186,Brown,Brown University,TOKEN_MATCH,cmou7ekn200e3qtx8xqee53qh,cmou7eknp00e5qtx84ipuuxjh,brown-university,Providence,RI,https://brownbears.com/sports/baseball,brown,brown university
188,Marshall,Marshall University,TOKEN_MATCH,cmou3bzgk0066qtvox0ta1p15,cmou3bzhc0068qtvojrm3rzyk,marshall-university,Huntington,WV,https://herdzone.com/sports/baseball,marshall,marshall university
189,Arizona,Arizona,EXACT_NORMALIZED,cmosumzx30049qtlgomg2y8hl,cmosumzxq004bqtlgcux50apa,arizona,Tucson,AZ,https://arizonawildcats.com/sports/baseball,arizona,arizona
190,Columbia,Columbia University,TOKEN_MATCH,cmou7ekoe00e6qtx8h6vtazjr,cmou7ekp200e8qtx8qlpcfsh3,columbia-university,New York,NY,https://gocolumbialions.com/sports/baseball,columbia,columbia university
191,Santa Clara,Santa Clara University,TOKEN_MATCH,cmou8eagb00oxqt6s7ah1xrvm,cmou8eagz00ozqt6s772pv6hs,santa-clara-university,Santa Clara,CA,https://santaclarabroncos.com/sports/baseball,santa clara,santa clara university
192,Austin Peay,Austin Peay State University,TOKEN_MATCH,cmou6925b009cqt1gkx1kghnj,cmou6925z009eqt1gaqjdu3za,austin-peay-state-university,Clarksville,TN,https://letsgopeay.com/sports/baseball,austin peay,austin peay state university
193,New Orleans,University of New Orleans,TOKEN_MATCH,cmou87s9700m0qt8obe825qvw,cmou87s9y00m2qt8o4rzp43p6,university-of-new-orleans,New Orleans,LA,https://unoprivateers.com/sports/baseball,new orleans,university of new orleans
194,Southern Ind.,University of Southern Indiana,ALIAS,cmou8252500jrqtfovp5vseq1,cmou8252s00jtqtfo33pxo0o8,university-of-southern-indiana,Evansville,IN,https://usiscreamingeagles.com/sports/baseball,southern ind,university of southern indiana
195,Abilene Christian,Abilene Christian University,TOKEN_MATCH,cmou8cth500niqtloqxbbcs7q,cmou8ctht00nkqtlo5igdod18,abilene-christian-university,Abilene,TX,https://acusports.com/sports/baseball,abilene christian,abilene christian university
196,Southern U.,Southern University and A&M College,ALIAS,cmou8bkiv00n9qtuw67iv0p5k,cmou8bkjn00nbqtuwq3i8eulz,southern-university-and-am-college,Baton Rouge,LA,https://gojagsports.com/sports/baseball,southern u,southern university and a and m college
197,Penn St.,Penn State University,ALIAS,cmoss3upz003iqtao5i62w3ay,cmoss3uqn003kqtaoaqh1o3af,penn-state-university,University Park,PA,https://gopsusports.com/sports/baseball,penn state,penn state university
198,UNLV,University of Nevada Las Vegas,ALIAS,cmou7y6mp00i3qtoc5mm3t20o,cmou7y6nf00i5qtoctswm2lrk,university-of-nevada-las-vegas,Las Vegas,NV,https://unlvrebels.com/sports/baseball,unlv,university of nevada las vegas
199,LIU,LIU,EXACT_NORMALIZED,cmou7zwdt00j9qt182aa9w7js,cmou7zwek00jbqt1882s0u4lt,liu,Brookville,NY,https://liusports.com/sports/baseball,liu,liu
200,Grand Canyon,Grand Canyon University,TOKEN_MATCH,cmou8ctjw00noqtloejv6g4yk,cmou8ctkk00nqqtlo7h4rploa,grand-canyon-university,Phoenix,AZ,https://gculopes.com/sports/baseball,grand canyon,grand canyon university
201,Holy Cross,College of the Holy Cross,TOKEN_MATCH,cmou853vy00klqtiwxsprvd34,cmou853wn00knqtiw8etjougs,college-of-the-holy-cross,Worcester,MA,https://goholycross.com/sports/baseball,holy cross,college of the holy cross
202,A&M-Corpus Christi,Texas A&M University Corpus Christi,ALIAS,cmou87sgu00mfqt8otiseblwa,cmou87shj00mhqt8on876f8eo,texas-am-university-corpus-christi,Corpus Christi,TX,https://goislanders.com/sports/baseball,a and m corpus christi,texas a and m university corpus christi
203,Stetson,Stetson University,TOKEN_MATCH,cmou692i900a3qt1ge0op0qbf,cmou692j100a5qt1gjzdz1gj8,stetson-university,DeLand,FL,https://gohatters.com/sports/baseball,stetson,stetson university
204,Ga. Southern,Georgia Southern University,ALIAS,cmou3bzar005uqtvotuqjjtpj,cmou3bzbf005wqtvoa5yx0t5p,georgia-southern-university,Statesboro,GA,https://gseagles.com/sports/baseball,ga southern,georgia southern university
205,Quinnipiac,Quinnipiac University,TOKEN_MATCH,cmou7g56n00f9qtkw20et5as4,cmou7g57d00fbqtkw03owk44b,quinnipiac-university,Hamden,CT,https://gobobcats.com/sports/baseball,quinnipiac,quinnipiac university
206,Merrimack,Merrimack College,TOKEN_MATCH,cmou7zwf900jcqt18wr5yrl6b,cmou7zwfz00jeqt18k733ahlx,merrimack-college,North Andover,MA,https://merrimackathletics.com/sports/baseball,merrimack,merrimack college
207,Fordham,Fordham University,TOKEN_MATCH,cmou65q8l008lqt1ozzkwkjhm,cmou65q9a008nqt1ohbgyxbpf,fordham-university,Bronx,NY,https://fordhamsports.com/sports/baseball,fordham,fordham university
208,VMI,Virginia Military Institute,ALIAS,cmou869zc00lcqtjkf80ewntk,cmou86a0000leqtjkppsxjgb6,virginia-military-institute,Lexington,VA,https://vmikeydets.com/sports/baseball,vmi,virginia military institute
209,Bowling Green,Bowling Green State University,TOKEN_MATCH,cmou7skg500fuqtagtydmsfwo,cmou7skgu00fwqtagkdktv3y4,bowling-green-state-university,Bowling Green,OH,https://bgsufalcons.com/sports/baseball,bowling green,bowling green state university
210,San Diego,University of San Diego,ALIAS,cmou8eade00orqt6s9lh8sk91,cmou8eae900otqt6skjewu9yf,university-of-san-diego,San Diego,CA,https://usdtoreros.com/sports/baseball,san diego,university of san diego
211,Marist,Marist University,TOKEN_MATCH,cmou7g52f00f0qtkwt9df4qnj,cmou7g53400f2qtkwqmbg3tkd,marist-university,Poughkeepsie,NY,https://goredfoxes.com/sports/baseball,marist,marist university
213,Gardner-Webb,Gardner-Webb University,TOKEN_MATCH,cmou6tv1f00b9qti056wd26tx,cmou6tv2500bbqti0uzylvved,gardner-webb-university,Boiling Springs,NC,https://gwusports.com/sports/baseball,gardner webb,gardner webb university
214,Ball St.,Ball State University,TOKEN_MATCH,cmou7skej00frqtagr0af6s2l,cmou7skfe00ftqtagnd5b58qi,ball-state-university,Muncie,IN,https://ballstatesports.com/sports/baseball,ball state,ball state university
216,Evansville,University of Evansville,TOKEN_MATCH,cmou7wkb700h6qt5s0alseljc,cmou7wkbx00h8qt5sokuzgsz0,university-of-evansville,Evansville,IN,https://gopurpleaces.com/sports/baseball,evansville,university of evansville
217,Davidson,Davidson College,TOKEN_MATCH,cmou65q5g008fqt1ovrpzk161,cmou65q68008hqt1on0mn17uq,davidson-college,Davidson,NC,https://davidsonwildcats.com/sports/baseball,davidson,davidson college
218,San Francisco,University of San Francisco,TOKEN_MATCH,cmou8eaey00ouqt6s4q4bojoc,cmou8eafm00owqt6sg2fvjz1g,university-of-san-francisco,San Francisco,CA,https://usfdons.com/sports/baseball,san francisco,university of san francisco
219,New Mexico,University of New Mexico,ALIAS,cmou7y6pk00i9qtoc6no7wm9t,cmou7y6q900ibqtocgzh3fww5,university-of-new-mexico,Albuquerque,NM,https://golobos.com/sports/baseball,new mexico,university of new mexico
220,UIW,University of the Incarnate Word,ALIAS,cmou87s3r00lrqt8ol2e0mlz0,cmou87s4q00ltqt8ol7kpdfod,university-of-the-incarnate-word,San Antonio,TX,https://uiwcardinals.com/sports/baseball,uiw,university of the incarnate word
221,Pepperdine,Pepperdine University,TOKEN_MATCH,cmou8ea9700oiqt6sl6kxo6py,cmou8ea9w00okqt6sxqte3yga,pepperdine-university,Malibu,CA,https://pepperdinewaves.com/sports/baseball,pepperdine,pepperdine university
222,Middle Tenn.,Middle Tennessee State University,ALIAS,cmou74gai00d9qtbom8p5uos8,cmou74gb600dbqtboufydjjon,middle-tennessee-state-university,Murfreesboro,TN,https://goblueraiders.com/sports/baseball,middle tenn,middle tennessee state university
223,FDU,Fairleigh Dickinson University,ALIAS,cmou7zwas00j3qt182wcerpdp,cmou7zwbj00j5qt18iz4v4hge,fairleigh-dickinson-university,Teaneck,NJ,https://fduknights.com/sports/baseball,fdu,fairleigh dickinson university
224,New Mexico St.,New Mexico State University,ALIAS,cmou74gbw00dcqtbol3sfoqsv,cmou74gcl00deqtboo14o1rx4,new-mexico-state-university,Las Cruces,NM,https://nmstatesports.com/sports/baseball,new mexico state,new mexico state university
225,FIU,Florida International University,ALIAS,cmou74g3m00cuqtboxefftaxz,cmou74g4a00cwqtbow41onypu,florida-international-university,Miami,FL,https://fiusports.com/sports/baseball,fiu,florida international university
227,UIC,University of Illinois Chicago,ALIAS,cmou7wkcm00h9qt5s8asylqbg,cmou7wkdb00hbqt5sq7ok85hd,university-of-illinois-chicago,Chicago,IL,https://uicflames.com/sports/baseball,uic,university of illinois chicago
228,William & Mary,William & Mary,EXACT_NORMALIZED,cmou72rni00coqtt8wk6kqq0s,cmou72ro800cqqtt8a63rkwmi,william-and-mary,Williamsburg,VA,https://tribeathletics.com/sports/baseball,william and mary,william and mary
229,Wagner,Wagner College,TOKEN_MATCH,cmou7zwjn00jlqt18mlkrxann,cmou7zwke00jnqt184bufb4dq,wagner-college,Staten Island,NY,https://wagnerathletics.com/sports/baseball,wagner,wagner college
230,Towson,Towson University,TOKEN_MATCH,cmou72rkm00ciqtt8z62e367q,cmou72rlc00ckqtt8h1zgkmzj,towson-university,Towson,MD,https://towsontigers.com/sports/baseball,towson,towson university
231,Harvard,Harvard University,TOKEN_MATCH,cmou7eksh00efqtx82hcfwyn5,cmou7ekt600ehqtx8psyqlq39,harvard-university,Cambridge,MA,https://gocrimson.com/sports/baseball,harvard,harvard university
232,Butler,Butler University,TOKEN_MATCH,cmou6b9zt00a9qticvdpbknf5,cmou6ba0j00abqtic3zfv6xc8,butler-university,Indianapolis,IN,,butler,butler university
233,Southern Ill.,Southern Illinois University,ALIAS,cmou7wkli00hrqt5sdf793czs,cmou7wkmb00htqt5sqdbxm6mn,southern-illinois-university,Carbondale,IL,https://siusalukis.com/sports/baseball,southern ill,southern illinois university
234,Elon,Elon University,TOKEN_MATCH,cmou72rdk00c3qtt8y45siwr2,cmou72rea00c5qtt8bv7rh2o3,elon-university,Elon,NC,https://elonphoenix.com/sports/baseball,elon,elon university
235,UT Martin,University of Tennessee at Martin,ALIAS,cmou8259h00k6qtfouj8clleo,cmou825a600k8qtfoffoh32u6,university-of-tennessee-at-martin,Martin,TN,https://utmsports.com/sports/baseball,ut martin,university of tennessee at martin
236,Villanova,Villanova University,TOKEN_MATCH,cmou6bacb00b0qtickdtwuqln,cmou6bacz00b2qtic8lqoxe2q,villanova-university,Villanova,PA,https://villanova.com/sports/baseball,villanova,villanova university
238,Milwaukee,University of Wisconsin Milwaukee,ALIAS,cmou7aqlg00drqt444d9q0hb5,cmou7aqm700dtqt44ajyx2t5y,university-of-wisconsin-milwaukee,Milwaukee,WI,https://mkepanthers.com/sports/baseball,milwaukee,university of wisconsin milwaukee
240,Central Mich.,Central Michigan University,ALIAS,cmou7skhl00fxqtagpa6mymfq,cmou7skic00fzqtagzifm29yu,central-michigan-university,Mount Pleasant,MI,https://cmuchippewas.com/sports/baseball,central mich,central michigan university
242,Ark.-Pine Bluff,University of Arkansas at Pine Bluff,ALIAS,cmou8bklv00nfqtuwyjlpx889,cmou8bkmo00nhqtuwbp7p9ixn,university-of-arkansas-at-pine-bluff,Pine Bluff,AR,https://uapblionsroar.com/sports/baseball,ark pine bluff,university of arkansas at pine bluff
243,Princeton,Princeton University,TOKEN_MATCH,cmou7ekvb00elqtx8wqvell5p,cmou7ekw100enqtx8836iwma7,princeton-university,Princeton,NJ,https://goprincetontigers.com/sports/baseball,princeton,princeton university
244,Pacific,University of the Pacific,TOKEN_MATCH,cmou8eaho00p0qt6sjg4451ea,cmou8eaid00p2qt6s4lh0kz0w,university-of-the-pacific,Stockton,CA,https://pacifictigers.com/sports/baseball,pacific,university of the pacific
245,Eastern Mich.,Eastern Michigan University,ALIAS,cmou7skj100g0qtagj06bdvsw,cmou7skju00g2qtagvnch2szo,eastern-michigan-university,Ypsilanti,MI,https://emueagles.com/sports/baseball,eastern mich,eastern michigan university
246,Eastern Ky.,Eastern Kentucky University,ALIAS,cmou6929i009lqt1gqrj949vt,cmou692a7009nqt1gx1fvng63,eastern-kentucky-university,Richmond,KY,https://ekusports.com/sports/baseball,eastern ky,eastern kentucky university
247,Sacred Heart,Sacred Heart University,TOKEN_MATCH,cmou7g59h00ffqtkwxjhhqadq,cmou7g5a600fhqtkw92g207lr,sacred-heart-university,Fairfield,CT,https://sacredheartpioneers.com/sports/baseball,sacred heart,sacred heart university
248,Bellarmine,Bellarmine University,TOKEN_MATCH,cmou6926p009fqt1gv6h5xaxk,cmou6927d009hqt1g6ojn2uy0,bellarmine-university,Louisville,KY,https://athletics.bellarmine.edu/sports/baseball,bellarmine,bellarmine university
250,Tennessee Tech,Tennessee Technological University,ALIAS,cmou825av00k9qtfo6o2sfjmf,cmou825bk00kbqtfopplc3k9d,tennessee-technological-university,Cookeville,TN,https://ttusports.com/sports/baseball,tennessee tech,tennessee technological university
251,Belmont,Belmont University,TOKEN_MATCH,cmou7wkoo00hxqt5s9a60o3y4,cmou7wkpe00hzqt5sc29zbzub,belmont-university,Nashville,TN,https://belmontbruins.com/sports/baseball,belmont,belmont university
252,Seattle U,Seattle University,ALIAS,cmou8cts300o6qtlo0noyht46,cmou8ctsr00o8qtlot3odh0cd,seattle-university,Seattle,WA,https://goseattleu.com/sports/baseball,seattle u,seattle university
254,Saint Louis,Saint Louis University,TOKEN_MATCH,cmou65qio0096qt1o4osfjy36,cmou65qje0098qt1ozah8sdhb,saint-louis-university,St. Louis,MO,https://slubillikens.com/sports/baseball,saint louis,saint louis university
255,Le Moyne,Le Moyne College,TOKEN_MATCH,cmou7zwca00j6qt18z0kal3jh,cmou7zwd100j8qt186gxo44jm,le-moyne-college,Syracuse,NY,https://lemoynedolphins.com/sports/baseball,le moyne,le moyne college
256,Georgetown,Georgetown University,TOKEN_MATCH,cmou6ba5c00alqticm9m1ucs0,cmou6ba6000anqticmefr3evw,georgetown-university,Washington,DC,https://guhoyas.com/sports/baseball,georgetown,georgetown university
257,Grambling,Grambling State University,TOKEN_MATCH,cmou8bkcv00mxqtuw4jh5usi0,cmou8bkdk00mzqtuw3pctg8sc,grambling-state-university,Grambling,LA,https://gsutigers.com/sports/baseball,grambling,grambling state university
258,Canisius,Canisius University,TOKEN_MATCH,cmou7g4yd00erqtkwsinl2cv7,cmou7g4z200etqtkw6aq7y21m,canisius-university,Buffalo,NY,https://gogriffs.com/sports/baseball,canisius,canisius university
259,Massachusetts,University of Massachusetts Amherst,ALIAS,cmou65qcx008uqt1ofivi6ige,cmou65qdo008wqt1opj95aftn,university-of-massachusetts-amherst,Amherst,MA,https://umassathletics.com/sports/baseball,massachusetts,university of massachusetts amherst
261,UNC Asheville,UNC Asheville,EXACT_NORMALIZED,cmou6tv8i00boqti0vjvm8aer,cmou6tv9900bqqti0wabo0574,unc-asheville,Asheville,NC,https://uncabulldogs.com/sports/baseball,unc asheville,unc asheville
262,Dartmouth,Dartmouth College,TOKEN_MATCH,cmou7ekr400ecqtx87gfarbw6,cmou7ekrs00eeqtx85mv4aiw4,dartmouth-college,Hanover,NH,https://dartmouthsports.com/sports/baseball,dartmouth,dartmouth college
263,Queens (NC),Queens University of Charlotte,ALIAS,cmorj0gtv002lqtio6lhkp2sn,cmorj0gul002nqtioftxuxef1,queens-university-of-charlotte,Charlotte,NC,https://queensathletics.com/sports/baseball,queens north carolina,queens university of charlotte
264,Stonehill,Stonehill College,TOKEN_MATCH,cmou7zwgq00jfqt18075d1yrp,cmou7zwhg00jhqt18u4dg2q1l,stonehill-college,Easton,MA,https://stonehillskyhawks.com/sports/baseball,stonehill,stonehill college
265,Western Ill.,Western Illinois University,ALIAS,cmou825c800kcqtfoov9rimot,cmou825cy00keqtfoh1a7v0yi,western-illinois-university,Macomb,IL,https://goleathernecks.com/sports/baseball,western ill,western illinois university
266,Mount St. Mary's,Mount St. Mary's University,ALIAS,cmou7g53u00f3qtkwb9q8949c,cmou7g54k00f5qtkwzdidrcxk,mount-st-marys-university,Emmitsburg,MD,https://mountathletics.com/sports/baseball,mount state marys,mount state marys university
267,Manhattan,Manhattan University,TOKEN_MATCH,cmou7g51200exqtkwf7kuasw3,cmou7g51s00ezqtkwxetc5qqx,manhattan-university,Bronx,NY,https://gojaspers.com/sports/baseball,manhattan,manhattan university
268,Siena,Siena College,TOKEN_MATCH,cmou7g5c700flqtkwnuf1bsxy,cmou7g5cy00fnqtkwcn5qqhb9,siena-college,Loudonville,NY,https://sienasaints.com/sports/baseball,siena,siena college
269,West Ga.,University of West Georgia,ALIAS,cmou692js00a6qt1g8npxqitj,cmou692kj00a8qt1gh5k57wkp,university-of-west-georgia,Carrollton,GA,https://uwgathletics.com/sports/baseball,west ga,university of west georgia
270,Akron,University of Akron,TOKEN_MATCH,cmou7skcx00foqtagxk69btib,cmou7skdr00fqqtagocs6xuw4,university-of-akron,Akron,OH,https://gozips.com/sports/baseball,akron,university of akron
273,Presbyterian,Presbyterian College,TOKEN_MATCH,cmou6tv5p00biqti096g6a7i8,cmou6tv6d00bkqti0fqrjrjwf,presbyterian-college,Clinton,SC,https://gobluehose.com/sports/baseball,presbyterian,presbyterian college
274,Seton Hall,Seton Hall University,TOKEN_MATCH,cmou6baap00axqtic1q6c8vze,cmou6babe00azqtic7ata0fs3,seton-hall-university,South Orange,NJ,https://shupirates.com/sports/baseball,seton hall,seton hall university
275,Cornell,Cornell University,TOKEN_MATCH,cmou7ekpr00e9qtx8i7bf3vt3,cmou7ekqf00ebqtx86ws3y8rp,cornell-university,Ithaca,NY,https://cornellbigred.com/sports/baseball,cornell,cornell university
276,Valparaiso,Valparaiso University,TOKEN_MATCH,cmou7wkn100huqt5sh5w0xwo6,cmou7wknu00hwqt5s4p8s9zzz,valparaiso-university,Valparaiso,IN,https://valpoathletics.com/sports/baseball,valparaiso,valparaiso university
278,Northern Ky.,Northern Kentucky University,ALIAS,cmou7aqmx00duqt44ki7648cp,cmou7aqnp00dwqt447trpic9t,northern-kentucky-university,Highland Heights,KY,https://nkunorse.com/sports/baseball,northern ky,northern kentucky university
279,N.C. A&T,North Carolina A&T State University,TOKEN_MATCH,cmou72rgb00c9qtt82x6a8jc6,cmou72rh100cbqtt8n0exf72o,north-carolina-at-state-university,Greensboro,NC,https://ncataggies.com/sports/baseball,north carolina a and t,north carolina a and t state university
280,George Washington,George Washington University,TOKEN_MATCH,cmou65qbg008rqt1omiz03mq1,cmou65qc7008tqt1otrt39c9e,george-washington-university,Washington,DC,https://gwsports.com/sports/baseball,george washington,george washington university
281,Lehigh,Lehigh University,TOKEN_MATCH,cmou853yn00krqtiwxft9rpx6,cmou853zf00ktqtiwls9maf65,lehigh-university,Bethlehem,PA,https://lehighsports.com/sports/baseball,lehigh,lehigh university
282,Youngstown St.,Youngstown State University,ALIAS,cmou7aqoh00dxqt44fbtxgn7d,cmou7aqp900dzqt44qrllpw9b,youngstown-state-university,Youngstown,OH,https://ysusports.com/sports/baseball,youngstown state,youngstown state university
283,Utah Valley,Utah Valley University,TOKEN_MATCH,cmou8ctqr00o3qtlo8m1mrgsb,cmou8ctrg00o5qtlotwjluukr,utah-valley-university,Orem,UT,https://gouvu.com/sports/baseball,utah valley,utah valley university
285,Lafayette,Lafayette College,TOKEN_MATCH,cmou853xc00koqtiw191jfymh,cmou853xz00kqqtiw0169j0ad,lafayette-college,Easton,PA,https://goleopards.com/sports/baseball,lafayette,lafayette college
287,LMU (CA),Loyola Marymount University,ALIAS,cmou8ea7q00ofqt6st8tp4yo9,cmou8ea8i00ohqt6se9ges7t9,loyola-marymount-university,Los Angeles,CA,https://lmulions.com/sports/baseball,lmu ca,loyola marymount university
288,Fresno St.,Fresno State,EXACT_NORMALIZED,cmou3xrg1006uqt5s90fq7wbv,cmou3xrgo006wqt5sawcj9olu,fresno-state,Fresno,CA,https://gobulldogs.com/sports/baseball,fresno state,fresno state
289,Texas Southern,Texas Southern University,TOKEN_MATCH,cmou8bkkf00ncqtuwvmtkd81f,cmou8bkl600neqtuw09os8sjj,texas-southern-university,Houston,TX,https://tsusports.com/sports/baseball,texas southern,texas southern university
291,Bradley,Bradley University,TOKEN_MATCH,cmou7wk9s00h3qt5skvjnlqhv,cmou7wkah00h5qt5sn6z34r0h,bradley-university,Peoria,IL,https://bradleybraves.com/sports/baseball,bradley,bradley university
292,Jackson St.,Jackson State University,ALIAS,cmou8bked00n0qtuwpp2lpp75,cmou8bkf300n2qtuwklvjxrw9,jackson-state-university,Jackson,MS,https://gojsutigers.com/sports/baseball,jackson state,jackson state university
293,Ohio,Ohio University,TOKEN_MATCH,cmou7skqk00gfqtagxrcr2y5r,cmou7skr800ghqtagxadkl54c,ohio-university,Athens,OH,https://ohiobobcats.com/sports/baseball,ohio,ohio university
294,Oakland,Oakland University,TOKEN_MATCH,cmou7aqq300e0qt44815c4i48,cmou7aqqy00e2qt44hyodugts,oakland-university,Rochester,MI,https://goldengrizzlies.com/sports/baseball,oakland,oakland university
297,Central Conn. St.,Central Connecticut State University,ALIAS,cmou7zw9900j0qt18f8v0lvet,cmou7zwa000j2qt18c7a5hwss,central-connecticut-state-university,New Britain,CT,https://ccsubluedevils.com/sports/baseball,central conn state,central connecticut state university
299,Mississippi Val.,Mississippi Valley State University,ALIAS,cmou8bkft00n3qtuwhngsikpf,cmou8bkgi00n5qtuwywlmdln3,mississippi-valley-state-university,Itta Bena,MS,https://mvsusports.com/sports/baseball,mississippi val,mississippi valley state university
300,Norfolk St.,Norfolk State University,TOKEN_MATCH,cmou7v16500guqtfgg29wl5pq,cmou7v16v00gwqtfgg233rx6f,norfolk-state-university,Norfolk,VA,https://nsuspartans.com/sports/baseball,norfolk state,norfolk state university
302,Prairie View,Prairie View A&M University,ALIAS,cmou8bkh800n6qtuwr2b80tng,cmou8bki500n8qtuw63u8u7tr,prairie-view-am-university,Prairie View,TX,https://pvpanthers.com/sports/baseball,prairie view,prairie view a and m university
304,Delaware St.,Delaware State University,ALIAS,cmou7v13900goqtfg05v8bfsa,cmou7v14000gqqtfg74wzxd9d,delaware-state-university,Dover,DE,https://dsuhornets.com/sports/baseball,delaware state,delaware state university
305,Alabama A&M,Alabama A&M University,TOKEN_MATCH,cmou8bk4r00miqtuwipz7ujxn,cmou8bk5g00mkqtuwooxa4ld7,alabama-am-university,Huntsville,AL,https://aamusports.com/sports/baseball,alabama a and m,alabama a and m university
306,Saint Peter's,Saint Peter's University,TOKEN_MATCH,cmou7g5av00fiqtkwd5p6smd8,cmou7g5bk00fkqtkwucf6witm,saint-peters-university,Jersey City,NJ,https://saintpeterspeacocks.com/sports/baseball,saint peters,saint peters university
307,Alcorn,Alcorn State University,TOKEN_MATCH,cmou8bk7r00moqtuw877oh8ym,cmou8bk8g00mqqtuwslfooi6r,alcorn-state-university,Lorman,MS,https://alcornsports.com/sports/baseball,alcorn,alcorn state university
308,UMES,University of Maryland Eastern Shore,ALIAS,cmou7v14r00grqtfgqko66ld4,cmou7v15f00gtqtfghnimbfbt,university-of-maryland-eastern-shore,Princess Anne,MD,https://umeshawksports.com/sports/baseball,umes,university of maryland eastern shore
